-- phpMyAdmin SQL Dump
-- version 4.8.4
-- https://www.phpmyadmin.net/
--
-- Host: 127.0.0.1
-- Generation Time: Feb 28, 2019 at 01:09 AM
-- Server version: 10.1.37-MariaDB
-- PHP Version: 7.3.0

SET SQL_MODE = "NO_AUTO_VALUE_ON_ZERO";
SET AUTOCOMMIT = 0;
START TRANSACTION;
SET time_zone = "+00:00";


/*!40101 SET @OLD_CHARACTER_SET_CLIENT=@@CHARACTER_SET_CLIENT */;
/*!40101 SET @OLD_CHARACTER_SET_RESULTS=@@CHARACTER_SET_RESULTS */;
/*!40101 SET @OLD_COLLATION_CONNECTION=@@COLLATION_CONNECTION */;
/*!40101 SET NAMES utf8mb4 */;

--
-- Database: `dbqis`
--

-- --------------------------------------------------------

--
-- Table structure for table `lab_chemistry`
--

CREATE TABLE `lab_chemistry` (
  `chemID` int(15) NOT NULL,
  `TransactionID` int(15) NOT NULL,
  `PatientID` int(15) NOT NULL,
  `FBS` varchar(255) NOT NULL,
  `FBScon` varchar(255) NOT NULL,
  `BUA` varchar(255) NOT NULL,
  `BUAcon` varchar(255) NOT NULL,
  `BUN` varchar(255) NOT NULL,
  `BUNcon` varchar(255) NOT NULL,
  `CREA` varchar(255) NOT NULL,
  `CREAcon` varchar(255) NOT NULL,
  `CHOL` varchar(255) NOT NULL,
  `CHOLcon` varchar(255) NOT NULL,
  `TRIG` varchar(255) NOT NULL,
  `TRIGcon` varchar(255) NOT NULL,
  `HDL` varchar(255) NOT NULL,
  `HDLcon` varchar(255) NOT NULL,
  `LDL` varchar(255) NOT NULL,
  `LDLcon` varchar(255) NOT NULL,
  `CH` varchar(255) NOT NULL,
  `VLDL` varchar(255) NOT NULL,
  `Na` varchar(255) NOT NULL,
  `K` varchar(255) NOT NULL,
  `Cl` varchar(255) NOT NULL,
  `ALT` varchar(255) NOT NULL,
  `AST` varchar(255) NOT NULL,
  `HB` varchar(255) NOT NULL,
  `PathID` int(15) NOT NULL,
  `MedID` int(15) NOT NULL,
  `QualityID` int(15) NOT NULL,
  `CreationDate` datetime NOT NULL,
  `DateUpdate` datetime NOT NULL
) ENGINE=InnoDB DEFAULT CHARSET=latin1;

--
-- Dumping data for table `lab_chemistry`
--

INSERT INTO `lab_chemistry` (`chemID`, `TransactionID`, `PatientID`, `FBS`, `FBScon`, `BUA`, `BUAcon`, `BUN`, `BUNcon`, `CREA`, `CREAcon`, `CHOL`, `CHOLcon`, `TRIG`, `TRIGcon`, `HDL`, `HDLcon`, `LDL`, `LDLcon`, `CH`, `VLDL`, `Na`, `K`, `Cl`, `ALT`, `AST`, `HB`, `PathID`, `MedID`, `QualityID`, `CreationDate`, `DateUpdate`) VALUES
(1, 21, 18, '6.26', '113.82', '', '', '', '', '', '', '5.39', '208.11', '0.92', '81.42', '2.36', '91.12', '2.61', '100.77', '2.28', '0.42', '137.5', '', '', '31.8', '', '', 5, 3, 2, '2019-02-09 10:26:40', '2019-02-09 10:34:20'),
(2, 28, 24, '11.49', '208.91', '', '', '', '', '75', '0.85', '', '', '', '', '', '', '', '0.00', '', '', '', '', '', '', '', '9.10', 5, 3, 2, '2019-02-12 07:00:45', '2019-02-12 07:04:36'),
(3, 45, 41, '9.12', '165.82', '', '', '', '', '', '', '', '', '', '', '', '', '', '0.00', '', '', '', '', '', '', '', '', 5, 3, 1, '2019-02-14 09:38:09', '2019-02-14 09:38:17'),
(4, 44, 40, '6.27', '114.00', '397', '6.67', '', '', '85', '0.96', '3.28', '126.64', '1.36', '120.35', '1.36', '52.51', '1.29', '49.81', '2.41', '0.63', '137.7', '4.30', '106.5', '22.0', '', '', 5, 3, 1, '2019-02-14 09:40:05', '0000-00-00 00:00:00'),
(5, 46, 42, '7.65', '139.09', '', '', '', '', '', '', '', '', '', '', '', '', '', '0.00', '', '', '', '', '', '', '', '', 5, 3, 1, '2019-02-15 10:57:11', '0000-00-00 00:00:00'),
(6, 47, 43, '', '', '457', '7.68', '', '', '79', '0.89', '', '', '', '', '', '', '', '0.00', '', '', '132.2', '4.26', '', '76.8', '', '', 5, 1, 1, '2019-02-15 12:14:35', '2019-02-15 12:14:54');

-- --------------------------------------------------------

--
-- Table structure for table `lab_hematology`
--

CREATE TABLE `lab_hematology` (
  `hemaID` int(15) NOT NULL,
  `TransactionID` int(15) NOT NULL,
  `PatientID` int(15) NOT NULL,
  `WhiteBlood` varchar(255) NOT NULL,
  `Hemoglobin` varchar(255) NOT NULL,
  `HemoNR` varchar(255) NOT NULL,
  `Hematocrit` varchar(255) NOT NULL,
  `HemaNR` varchar(255) NOT NULL,
  `Neutrophils` varchar(255) NOT NULL,
  `Lymphocytes` varchar(255) NOT NULL,
  `Monocytes` varchar(255) NOT NULL,
  `CBCOt` varchar(255) NOT NULL,
  `EOS` varchar(255) NOT NULL,
  `BAS` varchar(255) NOT NULL,
  `CBCRBC` varchar(255) NOT NULL,
  `PLT` varchar(255) NOT NULL,
  `PathID` int(15) NOT NULL,
  `MedID` int(15) NOT NULL,
  `QualityID` int(15) NOT NULL,
  `CreationDate` datetime NOT NULL,
  `DateUpdate` datetime NOT NULL
) ENGINE=InnoDB DEFAULT CHARSET=latin1;

--
-- Dumping data for table `lab_hematology`
--

INSERT INTO `lab_hematology` (`hemaID`, `TransactionID`, `PatientID`, `WhiteBlood`, `Hemoglobin`, `HemoNR`, `Hematocrit`, `HemaNR`, `Neutrophils`, `Lymphocytes`, `Monocytes`, `CBCOt`, `EOS`, `BAS`, `CBCRBC`, `PLT`, `PathID`, `MedID`, `QualityID`, `CreationDate`, `DateUpdate`) VALUES
(1, 18, 15, '12.3', '124', '', '0.37', ' ', '46', '19', '5', '', '0', '0', '4.78', '365', 5, 3, 2, '2019-02-08 14:06:16', '0000-00-00 00:00:00'),
(2, 24, 21, '11.6', '120', '', '0.38', ' ', '88', '10', '2', '', '0', '0', '4.31', '296', 5, 3, 2, '2019-02-09 13:46:26', '0000-00-00 00:00:00'),
(3, 23, 20, '7.7', '118', '', '0.36', '', '67', '28', '5', '', '0', '0', '4.40', '341', 5, 3, 2, '2019-02-09 13:50:14', '0000-00-00 00:00:00'),
(4, 42, 38, '5.9', '121', '', '0.37', ' ', '68.0', '25.0', '7.0', '', '0.0', '0', '4.78', '176', 5, 1, 2, '2019-02-11 16:44:52', '0000-00-00 00:00:00'),
(5, 43, 39, '12.5', '87', '', '0.27', ' ', '76', '20', '4', 'TWICE DONE', '0', '0', '3.12', '376', 5, 3, 2, '2019-02-12 13:49:40', '0000-00-00 00:00:00'),
(6, 44, 40, '7.6', '113', '', '0.48', ' ', '66', '29', '5', 'TWICE DONE', '0', '0', '7.41', '401', 5, 3, 1, '2019-02-14 09:39:04', '0000-00-00 00:00:00'),
(8, 5, 2, '5', '5', 'M:137-175', '5', ' M:0.40-0.51', '5', '5', '5', 'N/A', '', '', '', '', 5, 1, 2, '2019-02-18 15:35:54', '0000-00-00 00:00:00'),
(9, 54, 49, '7.3', '155', 'F:112-157', '0.47', ' F:0.34-0.45', '68', '27 ', 'N/A', 'N/A', '', '', '', '', 5, 1, 1, '2019-02-19 10:36:13', '0000-00-00 00:00:00'),
(10, 54, 49, '7.3', '155', 'F:112-157', '0.47', ' F:0.34-0.45', '68', '27', '5', 'N/A', '', '', '', '', 5, 1, 1, '2019-02-19 10:49:11', '0000-00-00 00:00:00'),
(11, 52, 48, '7.3', '149', 'M:137-175', '0.45', ' M:0.40-0.51', '68', '27', '5', 'N/A', '', '', '', '', 5, 1, 1, '2019-02-19 13:23:47', '0000-00-00 00:00:00'),
(12, 56, 51, '6.3', '158', 'M:137-175', '0.48', ' M:0.40-0.51', '57', '32', '11', 'N/A', '', '', '', '', 5, 1, 1, '2019-02-19 13:25:46', '0000-00-00 00:00:00'),
(13, 55, 52, '7.3', '152', 'M:137-175', '0.46', ' M:0.40-0.51', '55', '40', '5', 'N/A', '', '', '', '', 5, 1, 1, '2019-02-19 13:27:24', '0000-00-00 00:00:00'),
(14, 58, 53, '6.4', '162', 'M:137-175', '0.49', ' M:0.40-0.51', '69', '25', '6', 'N/A', '', '', '', '', 5, 1, 1, '2019-02-19 13:28:53', '0000-00-00 00:00:00'),
(15, 57, 50, '5.6', '152', 'M:137-175', '0.46', ' M:0.40-0.51', '68', '22', '10', 'N/A', '', '', '', '', 5, 1, 1, '2019-02-19 13:30:33', '0000-00-00 00:00:00'),
(16, 57, 50, '5.6', '152', 'M:137-175', '0.46', '  M:0.40-0.51', '68', '22', '10', 'N/A', '', '', '', '', 5, 1, 1, '2019-02-19 13:31:15', '0000-00-00 00:00:00'),
(17, 52, 48, '7.3', '149', 'M:137-175', '0.45', '  M:0.40-0.51', '68', '27', '5', 'NORMAL', '', '', '', '', 5, 1, 1, '2019-02-19 13:38:37', '0000-00-00 00:00:00'),
(18, 52, 48, '7.3', '149', 'M:137-175', '0.45', '  M:0.40-0.51', '68', '27', '5', 'NORMAL', '', '', '', '', 5, 1, 1, '2019-02-19 13:39:01', '0000-00-00 00:00:00'),
(19, 52, 48, '7.3', '149', 'M:137-175', '0.45', '  M:0.40-0.51', '68', '27', '5', 'NORMAL', '', '', '', '', 5, 1, 1, '2019-02-19 13:39:21', '0000-00-00 00:00:00'),
(20, 56, 51, '6.3', '158', 'M:137-175', '0.48', '  M:0.40-0.51', '57', '32', '11', 'NORMAL', '', '', '', '', 5, 1, 1, '2019-02-19 13:40:17', '0000-00-00 00:00:00'),
(21, 55, 52, '7.3', '152', 'M:137-175', '0.46', '  M:0.40-0.51', '55', '40', '5', 'NORMAL', '', '', '', '', 5, 1, 1, '2019-02-19 13:40:52', '0000-00-00 00:00:00'),
(22, 58, 53, '6.4', '162', 'M:137-175', '0.49', '  M:0.40-0.51', '69', '25', '6', 'NORMAL', '', '', '', '', 5, 1, 1, '2019-02-19 13:41:40', '0000-00-00 00:00:00'),
(23, 57, 50, '5.6', '152', 'M:137-175', '0.46', '  M:0.40-0.51', '68', '22', '10', 'N/A', '', '', '', '', 5, 1, 1, '2019-02-19 13:42:07', '0000-00-00 00:00:00'),
(24, 54, 49, '7.3', '155', 'F:112-157', '0.47', '  F:0.34-0.45', '68', '27 ', 'N/A', 'N/A', '', '', '', '', 5, 1, 1, '2019-02-19 13:55:45', '0000-00-00 00:00:00'),
(25, 54, 49, '7.3', '155', 'F:112-157', '0.47', '  F:0.34-0.45', '68', '27 ', 'N/A', 'N/A', '', '', '', '', 5, 1, 4, '2019-02-19 14:40:37', '0000-00-00 00:00:00'),
(26, 60, 55, '8.5', '165', 'M:137-175', '0.50', ' M:0.40-0.51', '68', '27', '5', 'NORMAL', '', '', '', '', 5, 1, 4, '2019-02-19 14:41:50', '0000-00-00 00:00:00'),
(27, 67, 62, '7.3', '162', 'F:112-157', '0.49', ' F:0.34-0.45', '52', '40', '8', 'NORMAL', '', '', '', '', 5, 1, 4, '2019-02-20 09:50:50', '0000-00-00 00:00:00'),
(28, 74, 68, '7.2', '129', 'F:112-157', '0.39', ' F:0.34-0.45', '67', '27', '6', 'NORMAL', '', '', '', '', 5, 1, 4, '2019-02-20 09:52:06', '0000-00-00 00:00:00'),
(29, 64, 59, '7.5', '145', 'M:137-175', '0.44', ' M:0.40-0.51', '51', '40', '9', 'NORMAL', '', '', '', '', 5, 1, 4, '2019-02-20 09:53:44', '0000-00-00 00:00:00'),
(30, 68, 63, '7.9', '165', 'M:137-175', '0.50', ' M:0.40-0.51', '50', '39', '11', 'NORMAL', '', '', '', '', 5, 1, 4, '2019-02-20 09:55:39', '0000-00-00 00:00:00'),
(31, 63, 58, '7.8', '165', 'M:137-175', '0.50', ' M:0.40-0.51', '50', '41', '9', 'NORMAL', '', '', '', '', 5, 1, 4, '2019-02-20 09:57:45', '0000-00-00 00:00:00'),
(32, 69, 64, '8.3', '149', 'M:137-175', '0.45', ' M:0.40-0.51', '61', '29', '10', 'NORMAL', '', '', '', '', 5, 1, 4, '2019-02-20 09:59:21', '0000-00-00 00:00:00'),
(33, 73, 67, '6.8', '158', 'F:112-157', '0.48', ' F:0.34-0.45', '53', '39', '8', 'NORMAL', '', '', '', '', 5, 1, 4, '2019-02-20 10:01:09', '0000-00-00 00:00:00'),
(34, 79, 73, '8.4', '152', 'M:137-175', '0.46', ' M:0.40-0.51', '60', '30', '10', 'NORMAL', '', '', '', '', 5, 1, 4, '2019-02-20 10:18:14', '0000-00-00 00:00:00'),
(35, 81, 74, '7.0', '153', 'M:137-175', '0.46', ' M:0.40-0.51', '57', '33', '10', 'NORMAL', '', '', '', '', 5, 1, 4, '2019-02-20 10:28:25', '0000-00-00 00:00:00'),
(36, 65, 60, '7.0', '155', 'F:112-157', '0.47', ' F:0.34-0.45', '68', '27', '5', 'NORMAL', '', '', '', '', 5, 1, 4, '2019-02-20 10:29:53', '0000-00-00 00:00:00'),
(37, 78, 72, '7.5', '152', 'M:137-175', '0.46', ' M:0.40-0.51', '53', '39', '8', 'NORMAL', '', '', '', '', 5, 1, 4, '2019-02-20 10:31:06', '0000-00-00 00:00:00'),
(38, 70, 65, '7.3', '152', 'M:137-175', '0.46', ' M:0.40-0.51', '64', '29', '7', 'NORMAL', '', '', '', '', 5, 1, 4, '2019-02-20 10:34:00', '0000-00-00 00:00:00'),
(39, 75, 69, '7.8', '168', 'M:137-175', '0.51', ' M:0.40-0.51', '52', '40', '9', 'NORMAL', '', '', '', '', 5, 1, 4, '2019-02-20 10:36:44', '0000-00-00 00:00:00'),
(40, 62, 57, '7.4', '142', 'M:137-175', '0.43', ' M:0.40-0.51', '66', '25', '9', 'NORMAL', '', '', '', '', 5, 1, 4, '2019-02-20 10:38:14', '0000-00-00 00:00:00'),
(41, 80, 75, '8.0', '158', 'M:137-175', '0.48', ' M:0.40-0.51', '67', '28', '5', 'NORMAL', '', '', '', '', 5, 1, 4, '2019-02-20 10:39:23', '0000-00-00 00:00:00'),
(42, 66, 61, '7.8', '165', 'M:137-175', '0.50', ' M:0.40-0.51', '66', '25', '9', 'NORMAL', '', '', '', '', 5, 1, 4, '2019-02-20 10:41:42', '0000-00-00 00:00:00'),
(43, 76, 70, '6.9', '152', 'F:112-157', '0.46', ' F:0.34-0.45', '68', '26', '4', 'NORMAL', '', '', '', '', 5, 1, 4, '2019-02-20 10:42:50', '0000-00-00 00:00:00'),
(44, 71, 66, '6.9', '145', 'F:112-157', '0.44', ' F:0.34-0.45', '53', '38', '9', 'NORMAL', '', '', '', '', 5, 1, 4, '2019-02-20 10:44:36', '0000-00-00 00:00:00'),
(45, 77, 71, '7.9', '155', 'M:137-175', '0.47', ' M:0.40-0.51', '50', '41', '9', 'NORMAL', '', '', '', '', 5, 1, 4, '2019-02-20 10:45:49', '0000-00-00 00:00:00'),
(46, 83, 77, '7.8', '155', 'M:137-175', '0.47', ' M:0.40-0.51', '62', '28', '10', 'NORMAL', '', '', '', '', 5, 1, 4, '2019-02-20 12:12:53', '0000-00-00 00:00:00'),
(47, 82, 76, '6.9', '165', 'F:112-157', '0.50', ' F:0.34-0.45', '66', '25', '9', 'NORMAL', '', '', '', '', 5, 1, 4, '2019-02-20 12:14:11', '0000-00-00 00:00:00'),
(48, 84, 78, '5.6', '150', 'M:137-175', '0.48', ' M:0.40-0.51', '55', '36', '9', 'NORMAL', '', '', '', '', 5, 2, 4, '2019-02-20 14:39:28', '0000-00-00 00:00:00'),
(49, 88, 82, '5.0', '149', 'F:112-157', '0.45', ' F:0.34-0.45', '64', '27', '7', 'NORMAL', '', '', '', '', 5, 2, 4, '2019-02-20 16:19:17', '0000-00-00 00:00:00'),
(50, 88, 82, '5.0', '149', 'F:112-157', '0.45', ' F:0.34-0.45', '64', '27', '7', 'NORMAL', '', '', '', '', 5, 2, 4, '2019-02-20 16:19:24', '0000-00-00 00:00:00'),
(51, 86, 80, '5.6', '152', 'M:137-175', '0.46', ' M:0.40-0.51', '52', '39', '9', 'NORMAL', '', '', '', '', 5, 2, 4, '2019-02-20 16:20:27', '0000-00-00 00:00:00'),
(52, 87, 81, '5.5', '165', 'M:137-175', '0.50', ' M:0.40-0.51', '66', '24', '10', 'NORMAL', '', '', '', '', 5, 2, 4, '2019-02-20 16:22:18', '0000-00-00 00:00:00'),
(53, 85, 79, '4.9', '149', 'M:137-175', '0.45', ' M:0.40-0.51', '68', '27', '5', 'NORMAL', '', '', '', '', 5, 2, 4, '2019-02-20 16:23:38', '0000-00-00 00:00:00'),
(54, 93, 87, '6.0', '139', 'M:137-175', '0.42', ' M:0.40-0.51', '52', '40', '8', 'NORMAL', '', '', '', '', 5, 6, 4, '2019-02-21 08:52:06', '0000-00-00 00:00:00'),
(55, 90, 85, '6.2', '149', 'M:137-175', '0.45', ' M:0.40-0.51', '52', '38', '10', 'NORMAL', '', '', '', '', 5, 6, 4, '2019-02-21 08:53:10', '0000-00-00 00:00:00'),
(56, 92, 86, '5.07', '152', 'M:137-175', '0.46', ' M:0.40-0.51', '64', '29', '7', 'NORMAL', '', '', '', '', 5, 6, 4, '2019-02-21 08:54:26', '0000-00-00 00:00:00'),
(57, 89, 83, '5.30', '159', 'M:137-175', '0.48', ' M:0.40-0.51', '64', '30', '6', 'NORMAL', '', '', '', '', 5, 6, 4, '2019-02-21 08:55:28', '0000-00-00 00:00:00'),
(58, 95, 89, '4.95', '149', 'M:137-175', '0.49', ' M:0.40-0.51', '67', '27', '6', 'NORMAL', '', '', '', '', 5, 6, 4, '2019-02-21 08:56:33', '0000-00-00 00:00:00'),
(59, 94, 88, '5.30', '158', 'M:137-175', '0.48', ' M:0.40-0.51', '58', '37', '5', 'NORMAL', '', '', '', '', 5, 6, 4, '2019-02-21 08:57:42', '0000-00-00 00:00:00'),
(60, 91, 84, '4.50', '162', 'M:137-175', '0.49', ' M:0.40-0.51', '63', '30', '7', 'NORMAL', '', '', '', '', 5, 6, 4, '2019-02-21 08:58:37', '0000-00-00 00:00:00'),
(61, 96, 90, '6.0', '152', 'M:137-175', '0.46', ' M:0.40-0.51', '57', '38', '5', 'NORMAL', '', '', '', '', 5, 2, 4, '2019-02-21 09:01:28', '0000-00-00 00:00:00'),
(62, 102, 96, '6.2', '158', 'M:137-175', '0.48', ' M:0.40-0.51', '66', '25', '9', 'NORMAL', '', '', '', '', 5, 2, 4, '2019-02-21 09:27:17', '0000-00-00 00:00:00'),
(63, 101, 95, '5.5', '165', 'F:112-157', '0.45', ' F:0.34-0.45', '63', '30', '7', 'NORMAL', '', '', '', '', 5, 2, 4, '2019-02-21 09:28:27', '0000-00-00 00:00:00'),
(64, 99, 93, '5.06', '152', 'F:112-157', '0.44', ' F:0.34-0.45', '56', '33', '12', 'NORMAL', '', '', '', '', 5, 2, 4, '2019-02-21 09:29:58', '0000-00-00 00:00:00'),
(65, 97, 91, '6.2', '158', 'F:112-157', '0.45', ' F:0.34-0.45', '59', '36', '5', 'NORMAL', '', '', '', '', 5, 2, 4, '2019-02-21 10:14:36', '0000-00-00 00:00:00'),
(66, 100, 94, '7.2', '149', 'M:137-175', '0.45', ' M:0.40-0.51', '53', '39', '8', 'NORMAL', '', '', '', '', 5, 2, 4, '2019-02-21 10:18:00', '0000-00-00 00:00:00'),
(67, 98, 92, '5.0', '162', 'M:137-175', '0.49', ' M:0.40-0.51', '52', '40', '8', 'NORMAL', '', '', '', '', 5, 2, 4, '2019-02-21 10:26:58', '0000-00-00 00:00:00'),
(68, 98, 92, '5.0', '162', 'M:137-175', '0.49', ' M:0.40-0.51', '52', '40', '8', 'NORMAL', '', '', '', '', 5, 2, 4, '2019-02-21 10:28:04', '0000-00-00 00:00:00'),
(69, 103, 97, '5.5', '165', 'M:137-175', '0.50', ' M:0.40-0.51', '50', '39', '9', 'NORMAL', '', '', '', '', 5, 2, 4, '2019-02-21 10:31:43', '0000-00-00 00:00:00'),
(70, 104, 98, '6.06', '162', 'M:137-175', '0.49', ' M:0.40-0.51', '69', '25', '6', 'NORMAL', '', '', '', '', 5, 2, 4, '2019-02-21 10:34:21', '0000-00-00 00:00:00'),
(71, 105, 99, '7.0', '155', 'M:137-175', '0.47', ' M:0.40-0.51', '70', '25', '5', 'NORMAL', '', '', '', '', 5, 2, 4, '2019-02-21 10:40:28', '0000-00-00 00:00:00'),
(72, 106, 100, '6.2', '152', 'F:112-157', '0.45', ' F:0.34-0.45', '64', '29', '5', 'NORMAL', '', '', '', '', 5, 2, 4, '2019-02-21 11:44:08', '0000-00-00 00:00:00'),
(73, 107, 101, '5.06', '145', 'F:112-157', '0.44', ' F:0.34-0.45', '63', '30', '7', 'NORMAL', '', '', '', '', 5, 2, 4, '2019-02-22 07:48:43', '0000-00-00 00:00:00'),
(74, 108, 102, '8.1', '142', 'M:137-175', '0.43', ' M:0.40-0.51', '68', '26', '6', 'NORMAL', '', '', '', '', 5, 2, 4, '2019-02-22 07:49:50', '0000-00-00 00:00:00'),
(75, 112, 105, '4.84', '145', 'M:137-175', '0.44', ' M:0.40-0.51', '57', '32', '11', 'NORMAL', '', '', '', '', 5, 2, 4, '2019-02-22 10:17:23', '0000-00-00 00:00:00'),
(76, 109, 103, '6.5', '149', 'M:137-175', '0.45', ' M:0.40-0.51', '67', '27', '6', 'NORMAL', '', '', '', '', 5, 2, 4, '2019-02-22 12:54:16', '0000-00-00 00:00:00'),
(77, 115, 109, '6.3', '149', 'M:137-175', '0.45', ' M:0.40-0.51', '66', '25', '9', 'NORMAL', '', '', '', '', 5, 2, 4, '2019-02-22 12:55:26', '0000-00-00 00:00:00'),
(78, 111, 106, '6.2', '143', 'F:112-157', '0.44', ' F:0.34-0.45', '58', '30', '12', 'NORMAL', '', '', '', '', 5, 2, 4, '2019-02-22 12:56:54', '0000-00-00 00:00:00'),
(79, 110, 104, '4.96', '153', 'M:137-175', '0.47', ' M:0.40-0.51', '63', '30', '8', 'NORMAL', '', '', '', '', 5, 2, 4, '2019-02-22 12:58:03', '0000-00-00 00:00:00'),
(80, 113, 107, '6.2', '144', 'F:112-157', '0.41', ' F:0.34-0.45', '50', '41', '9', 'NORMAL', '', '', '', '', 5, 2, 4, '2019-02-22 12:59:01', '0000-00-00 00:00:00'),
(81, 117, 111, '6.1', '145', 'F:112-157', '0.44', ' F:0.34-0.45', '53', '39', '8', 'NORMAL', '', '', '', '', 5, 2, 4, '2019-02-22 13:00:25', '0000-00-00 00:00:00'),
(82, 118, 112, '5.5', '151', 'F:112-157', '0.43', ' F:0.34-0.45', '54', '38', '8', 'NORMAL', '', '', '', '', 5, 6, 4, '2019-02-22 13:02:42', '0000-00-00 00:00:00'),
(83, 115, 109, '6.3', '149', 'M:137-175', '0.45', '  M:0.40-0.51', '66', '25', '9', 'NORMAL', '', '', '', '', 5, 2, 4, '2019-02-22 13:25:56', '0000-00-00 00:00:00'),
(84, 99, 93, '5.06', '152', 'F:112-157', '0.44', '  F:0.34-0.45', '56', '33', '12', 'NORMAL', '', '', '', '', 5, 2, 4, '2019-02-22 13:26:48', '0000-00-00 00:00:00'),
(85, 54, 49, '7.3', '155', 'F:112-157', '0.47', '  F:0.34-0.45', '68', '27 ', 'N/A', 'N/A', '', '', '', '', 5, 1, 4, '2019-02-22 13:28:24', '0000-00-00 00:00:00'),
(86, 74, 68, '7.2', '129', 'F:112-157', '0.39', '  F:0.34-0.45', '67', '27', '6', 'NORMAL', '', '', '', '', 5, 1, 4, '2019-02-22 13:28:47', '0000-00-00 00:00:00'),
(87, 100, 94, '7.2', '149', 'M:137-175', '0.45', '  M:0.40-0.51', '53', '39', '8', 'NORMAL', '', '', '', '', 5, 2, 4, '2019-02-22 13:29:23', '0000-00-00 00:00:00'),
(88, 119, 113, '5.8', '145', 'F:112-157', '0.44', ' F:0.34-0.45', '62', '29', '11', 'NORMAL', '', '', '', '', 5, 2, 4, '2019-02-26 09:55:19', '0000-00-00 00:00:00'),
(89, 116, 110, '6.8', '142', 'F:112-157', '0.43', ' F:0.34-0.45', '57', '32', '11', 'NORMAL', '', '', '', '', 5, 2, 4, '2019-02-22 13:44:36', '0000-00-00 00:00:00'),
(90, 120, 114, '8.1', '154', 'M:137-175', '0.48', ' M:0.40-0.51', '63', '28', '11', 'NORMAL', '', '', '', '', 5, 2, 4, '2019-02-22 14:23:56', '0000-00-00 00:00:00'),
(91, 120, 114, '8.1', '154', 'M:137-175', '0.48', ' M:0.40-0.51', '63', '28', '11', 'NORMAL', '', '', '', '', 5, 2, 4, '2019-02-22 15:45:36', '0000-00-00 00:00:00'),
(92, 121, 115, '5.3', '142', 'M:137-175', '0.43', ' M:0.40-0.51', '63', '30', '7', 'NORMAL', '', '', '', '', 5, 2, 4, '2019-02-22 16:26:05', '0000-00-00 00:00:00'),
(93, 121, 115, '5.3', '142', 'M:137-175', '0.43', ' M:0.40-0.51', '63', '30', '7', 'NORMAL', '', '', '', '', 5, 2, 4, '2019-02-22 16:36:22', '0000-00-00 00:00:00'),
(94, 131, 125, '6.1', '149', 'M:137-175', '0.45', ' M:0.40-0.51', '50', '39', '11', 'NORMAL', '', '', '', '', 5, 2, 4, '2019-02-25 16:49:19', '0000-00-00 00:00:00'),
(95, 129, 123, '5.1', '144', 'F:112-157', '0.41', ' F:0.34-0.45', '69', '25', '6', 'NORMAL', '', '', '', '', 5, 2, 4, '2019-02-23 11:18:11', '0000-00-00 00:00:00'),
(96, 130, 124, '6.2', '145', 'F:112-157', '0.44', ' F:0.34-0.45', '57', '38', '5', 'NORMAL', '', '', '', '', 5, 2, 4, '2019-02-23 11:28:16', '0000-00-00 00:00:00'),
(97, 128, 122, '6.3', '141', 'F:112-157', '0.43', ' F:0.34-0.45', '62', '26', '12', 'NORMAL', '', '', '', '', 5, 2, 4, '2019-02-23 11:30:41', '0000-00-00 00:00:00'),
(98, 133, 127, 'N/A', 'N/A', 'N/A', 'N/A', ' N/A', 'N/A', 'N/A', 'N/A', 'N/A', '', '', '', '', 5, 6, 4, '2019-02-23 13:28:59', '0000-00-00 00:00:00'),
(99, 132, 128, 'N/A', 'N/A', 'N/A', 'N/A', ' N/A', 'N/A', 'N/A', 'N/A', 'N/A', '', '', '', '', 5, 2, 4, '2019-02-23 13:37:10', '0000-00-00 00:00:00'),
(100, 116, 110, '6.8', '142', 'F:112-157', '0.43', '  F:0.34-0.45', '57', '32', '11', 'NORMAL', '', '', '', '', 5, 2, 4, '2019-02-23 14:57:10', '0000-00-00 00:00:00'),
(101, 119, 113, '5.8', '145', 'F:112-157', '0.44', ' F:0.34-0.45', '62', '29', '11', 'NORMAL', '', '', '', '', 5, 2, 4, '2019-02-26 09:55:19', '0000-00-00 00:00:00'),
(102, 134, 130, '6.1', '145', 'M:137-175', '0.45', ' M:0.40-0.51', '57', '32', '11', 'NORMAL', '', '', '', '', 5, 2, 4, '2019-02-23 15:44:53', '0000-00-00 00:00:00'),
(103, 116, 110, '6.8', '142', 'F:112-157', '0.43', '  F:0.34-0.45', '57', '32', '11', 'NORMAL', '', '', '', '', 5, 2, 4, '2019-02-23 15:46:01', '0000-00-00 00:00:00'),
(104, 135, 131, '6.3', '145', 'F:112-157', '0.44', ' F:0.34-0.45', '70', '25', '5', 'NORMAL', '', '', '', '', 5, 6, 4, '2019-02-26 14:14:39', '0000-00-00 00:00:00'),
(105, 139, 146, '6.33', '142', 'F:112-157', '0.43', ' F:0.34-0.45', '61', '29', '10', 'NORMAL', '', '', '', '', 5, 2, 4, '2019-02-26 15:41:23', '0000-00-00 00:00:00'),
(106, 139, 146, '6.33', '142', 'F:112-157', '0.43', ' F:0.34-0.45', '61', '29', '10', 'NORMAL', '', '', '', '', 5, 2, 4, '2019-02-26 15:41:23', '0000-00-00 00:00:00'),
(107, 138, 145, '6.3', '149', 'M:137-175', '0.45', ' M:0.40-0.51', '51', '40', '9', 'NORMAL', '', '', '', '', 5, 6, 4, '2019-02-27 15:12:07', '0000-00-00 00:00:00'),
(108, 138, 145, '6.3', '149', 'M:137-175', '0.45', ' M:0.40-0.51', '51', '40', '9', 'NORMAL', '', '', '', '', 5, 6, 4, '2019-02-27 15:12:07', '0000-00-00 00:00:00'),
(119, 136, 138, '6.1', '147', 'F:112-157', '0.44', '   F:0.34-0.45', '52', '39', '9', 'NORMAL', '', '', '', '', 5, 6, 4, '2019-02-25 13:22:44', '0000-00-00 00:00:00'),
(121, 140, 147, '6.3', '145', 'M:137-175', '0.44', 'M:0.40-0.51', '59', '29', '12', 'NORMAL', '', '', '', '', 5, 2, 4, '2019-02-25 13:58:55', '0000-00-00 00:00:00'),
(122, 146, 158, '5.21', '149', 'M:137-175', '0.44', 'M:0.40-0.51', '54', '38', '8', 'NORMAL', '', '', '', '', 5, 2, 4, '2019-02-25 14:31:20', '0000-00-00 00:00:00'),
(123, 145, 157, 'N/A', 'N/A', 'N/A', 'N/A', ' N/A', 'N/A', 'N/A', 'N/A', 'N/A', '', '', '', '', 5, 6, 4, '2019-02-25 15:59:30', '0000-00-00 00:00:00'),
(124, 158, 172, '8.7', '111', '', '0.34', ' ', '71', '24', '5', 'TWICE DONE', '0', '0', '4.12', '324', 5, 2, 6, '2019-02-26 09:59:52', '0000-00-00 00:00:00'),
(125, 151, 164, 'N/A', 'N/A', 'N/A', 'N/A', ' N/A', 'N/A', 'N/A', 'N/A', 'N/A', '', '', '', '', 5, 2, 4, '2019-02-26 12:50:15', '0000-00-00 00:00:00'),
(126, 153, 167, 'N/A', 'N/A', 'N/A', 'N/A', ' N/A', 'N/A', 'N/A', 'N/A', 'N/A', '', '', '', '', 5, 2, 4, '2019-02-26 13:18:26', '0000-00-00 00:00:00'),
(127, 165, 180, 'N/A', 'N/A', 'N/A', 'N/A', ' N/A', 'N/A', 'N/A', 'N/A', 'N/A', '', '', '', '', 5, 2, 4, '2019-02-26 13:19:04', '0000-00-00 00:00:00'),
(128, 156, 171, '6.21', '144', 'M:137-175', '0.44', ' M:0.40-0.51', '57', '31', '12', 'NORMAL', '', '', '', '', 5, 2, 4, '2019-02-26 13:20:37', '0000-00-00 00:00:00'),
(129, 161, 176, '6.2', '139', 'M:137-175', '0.42', ' M:0.40-0.51', '62', '26', '12', 'NORMAL', '', '', '', '', 5, 2, 4, '2019-02-26 13:23:15', '0000-00-00 00:00:00'),
(130, 162, 177, '5.32', '152', 'M:137-175', '0.46', ' M:0.40-0.51', '52', '39', '9', 'NORMAL', '', '', '', '', 5, 2, 4, '2019-02-26 13:24:27', '0000-00-00 00:00:00'),
(131, 163, 178, '5.33', '145', 'M:137-175', '0.44', ' M:0.40-0.51', '50', '45', '5', 'NORMAL', '', '', '', '', 5, 2, 4, '2019-02-26 13:25:20', '0000-00-00 00:00:00'),
(132, 150, 163, '5.38', '152', 'M:137-175', '0.46', ' M:0.40-0.51', '65', '26', '9', 'NORMAL', '', '', '', '', 5, 2, 4, '2019-02-26 13:27:04', '0000-00-00 00:00:00'),
(133, 155, 170, '5.8', '145', 'M:137-175', '0.44', ' M:0.40-0.51', '61', '29', '10', 'NORMAL', '', '', '', '', 5, 2, 4, '2019-02-26 13:28:25', '0000-00-00 00:00:00'),
(134, 159, 173, '6.3', '142', 'F:112-157', '0.43', ' F:0.34-0.45', '68', '26', '6', 'NORMAL', '', '', '', '', 5, 2, 4, '2019-02-26 13:30:22', '0000-00-00 00:00:00'),
(135, 160, 174, '7.22', '144', 'F:112-157', '0.44', ' F:0.34-0.45', '66', '25', '9', 'NORMAL', '', '', '', '', 5, 2, 4, '2019-02-26 14:00:01', '0000-00-00 00:00:00'),
(136, 154, 169, '7.81', '143', 'F:112-157', '0.43', ' F:0.34-0.45', '67', '28', '5', 'NORMAL', '', '', '', '', 5, 2, 4, '2019-02-26 13:33:01', '0000-00-00 00:00:00'),
(137, 177, 187, '5.1', '140', '', '0.43', ' ', '54', '41', '5', '', '0', '0', '5.11', '226', 5, 1, 2, '2019-02-26 14:48:20', '0000-00-00 00:00:00'),
(138, 184, 194, '8.3', '142', 'M:137-175', '0.43', ' M:0.40-0.51', '61', '29', '10', 'NORMAL', '', '', '', '', 5, 6, 4, '2019-02-26 16:23:31', '0000-00-00 00:00:00'),
(139, 185, 195, '8.2', '144', 'F:112-157', '0.42', ' F:0.34-0.45', '55', '34', '11', 'NORMAL', '', '', '', '', 5, 6, 4, '2019-02-26 16:25:44', '0000-00-00 00:00:00'),
(140, 187, 196, '4.25', '146', 'F:112-157', '0.38', ' F:0.34-0.45', '66', '24', '10', 'NORMAL', '', '', '', '', 5, 6, 4, '2019-02-26 16:29:21', '0000-00-00 00:00:00'),
(141, 180, 190, '5.5', '117', 'F:112-157', '0.38', ' F:0.34-0.45', '72', '24', '4', 'NORMAL', '', '', '', '', 5, 2, 4, '2019-02-26 16:36:26', '0000-00-00 00:00:00'),
(142, 178, 188, 'N/A', 'N/A', 'N/A', 'N/A', ' N/A', 'N/A', 'N/A', 'N/A', 'N/A', '', '', '', '', 5, 6, 4, '2019-02-26 16:47:45', '0000-00-00 00:00:00'),
(143, 182, 193, 'N/A', 'N/A', 'N/A', 'N/A', ' N/A', 'N/A', 'N/A', 'N/A', 'N/A', '', '', '', '', 5, 6, 4, '2019-02-26 16:47:26', '0000-00-00 00:00:00'),
(144, 167, 182, 'N/A', 'N/A', 'N/A', 'N/A', ' N/A', 'N/A', 'N/A', 'N/A', 'N/A', '', '', '', '', 5, 2, 4, '2019-02-26 16:46:25', '0000-00-00 00:00:00'),
(145, 164, 179, '5.12', '142', 'F:112-157', '0.43', ' F:0.34-0.45', '61', '29', '10', 'NORMAL', '', '', '', '', 5, 2, 4, '2019-02-26 16:48:50', '0000-00-00 00:00:00'),
(146, 183, 192, '5.7', '149', 'M:137-175', '0.45', ' M:0.40-0.51', '69', '25', '6', 'NORMAL', '', '', '', '', 5, 2, 4, '2019-02-27 16:34:24', '0000-00-00 00:00:00'),
(147, 171, 183, '6.21', '149', 'F', '0.45', ' F', '68', '26', '6', 'NORMAL', '', '', '', '', 5, 2, 4, '2019-02-27 08:43:49', '0000-00-00 00:00:00'),
(148, 157, 166, 'N/A', 'N/A', 'N/A', 'N/A', ' N/A', 'N/A', 'N/A', 'N/A', 'N/A', '', '', '', '', 5, 1, 1, '2019-02-27 08:45:37', '0000-00-00 00:00:00'),
(149, 188, 198, '7.4', '149', 'M:137-175', '0.45', ' M:0.40-0.51', '60', '30', '10', 'NORMAL', '', '', '', '', 5, 2, 4, '2019-02-27 15:52:54', '0000-00-00 00:00:00'),
(150, 193, 203, 'N/A', 'N/A', 'N/A', 'N/A', ' N/A', 'N/A', 'N/A', 'N/A', 'N/A', '', '', '', '', 5, 2, 4, '2019-02-27 13:44:59', '0000-00-00 00:00:00'),
(151, 189, 199, '7.3', '145', 'F:112-157', '0.44', ' F:0.34-0.45', '68', '27', '5', 'NORMAL', '', '', '', '', 5, 1, 4, '2019-02-27 12:36:56', '0000-00-00 00:00:00'),
(152, 194, 204, 'N/A', 'N/A', 'N/A', 'N/A', ' N/A', 'N/A', 'N/A', 'N/A', 'N/A', '', '', '', '', 5, 1, 4, '2019-02-27 12:55:15', '0000-00-00 00:00:00'),
(153, 191, 201, '8.3', '139', 'F:112-157', '0.42', ' F:0.34-0.45', '59', '29', '12', 'NORMAL', '', '', '', '', 5, 1, 4, '2019-02-27 13:04:00', '0000-00-00 00:00:00'),
(154, 190, 200, '6.8', '142', 'F:112-157', '0.43', ' F:0.34-0.45', '68', '27', '5', 'NORMAL', '', '', '', '', 5, 1, 4, '2019-02-27 13:08:32', '0000-00-00 00:00:00'),
(155, 195, 205, '6.2', '143', 'F:112-157', '0.44', ' F:0.34-0.45', '52', '40', '8', 'NORMAL', '', '', '', '', 5, 6, 2, '2019-02-27 13:23:30', '0000-00-00 00:00:00');

-- --------------------------------------------------------

--
-- Table structure for table `lab_microscopy`
--

CREATE TABLE `lab_microscopy` (
  `microID` int(11) NOT NULL,
  `TransactionID` int(10) NOT NULL,
  `PatientID` int(10) NOT NULL,
  `FecColor` varchar(255) NOT NULL,
  `FecCon` varchar(255) NOT NULL,
  `FecMicro` varchar(255) NOT NULL,
  `FecOt` varchar(255) NOT NULL,
  `UriColor` varchar(255) NOT NULL,
  `UriTrans` varchar(255) NOT NULL,
  `UriPh` varchar(255) NOT NULL,
  `UriSp` varchar(255) NOT NULL,
  `UriPro` varchar(255) NOT NULL,
  `UriGlu` varchar(255) NOT NULL,
  `RBC` varchar(255) NOT NULL,
  `WBC` varchar(255) NOT NULL,
  `Bac` varchar(255) NOT NULL,
  `MThreads` varchar(255) NOT NULL,
  `ECells` varchar(255) NOT NULL,
  `Amorph` varchar(255) NOT NULL,
  `CoAx` varchar(255) NOT NULL,
  `UriOt` varchar(255) NOT NULL,
  `LE` varchar(255) NOT NULL,
  `NIT` varchar(255) NOT NULL,
  `URO` varchar(255) NOT NULL,
  `BLD` varchar(255) NOT NULL,
  `KET` varchar(255) NOT NULL,
  `BIL` varchar(255) NOT NULL,
  `PregTest` varchar(255) NOT NULL,
  `PathID` int(10) NOT NULL,
  `MedID` int(10) NOT NULL,
  `QualityID` int(10) NOT NULL,
  `CreationDate` datetime NOT NULL,
  `DateUpdate` datetime NOT NULL
) ENGINE=InnoDB DEFAULT CHARSET=latin1;

--
-- Dumping data for table `lab_microscopy`
--

INSERT INTO `lab_microscopy` (`microID`, `TransactionID`, `PatientID`, `FecColor`, `FecCon`, `FecMicro`, `FecOt`, `UriColor`, `UriTrans`, `UriPh`, `UriSp`, `UriPro`, `UriGlu`, `RBC`, `WBC`, `Bac`, `MThreads`, `ECells`, `Amorph`, `CoAx`, `UriOt`, `LE`, `NIT`, `URO`, `BLD`, `KET`, `BIL`, `PregTest`, `PathID`, `MedID`, `QualityID`, `CreationDate`, `DateUpdate`) VALUES
(1, 4, 1, '-', '-', '', 'NO SPX', 'YELLOW', 'TURBID', '6.0', '1.025', 'Negative', 'Negative', '0-3', '0-4', 'N/A', 'Moderate', 'Moderate', 'N/A', 'N/A', 'NORMAL', 'N/A', 'N/A', 'N/A', 'N/A', 'N/A', 'N/A', 'N/A', 5, 2, 4, '2019-02-07 15:03:25', '2019-02-07 15:03:54'),
(2, 9, 6, 'DARK BROWN', 'SOFT', 'ASCARIS OVA: 0-1/ HPF', '', 'YELLOW', 'SL. TURBID', '5.0', '1.030', 'Trace', 'Negative', '0-2', '14-18', 'N/A', 'Moderate', 'Moderate', 'N/A', 'N/A', 'N/A', 'Negative', 'Negative', 'Negative', 'Negative', 'Negative', 'Negative', '', 5, 1, 2, '2019-02-07 15:36:29', '2019-02-07 15:41:45'),
(3, 13, 10, '-', '-', '', '', 'LIGHT YELLOW', 'CLEAR', '6.0', '1.015', 'Negative', 'Negative', '0-2', '2-3', 'N/A', 'Moderate', 'Few', 'N/A', 'N/A', 'N/A', 'Negative', 'Negative', 'Negative', 'Negative', 'Negative', 'Negative', '', 5, 3, 2, '2019-02-07 16:50:53', '0000-00-00 00:00:00'),
(4, 20, 17, '-', '-', '', '', 'YELLOW', 'CLEAR', '5.0', '1.020', 'Negative', 'Negative', '0-2', '0-3', 'N/A', 'Rare', 'Few', 'N/A', 'N/A', 'N/A', 'Negative', 'Negative', 'Negative', 'Negative', 'Negative', 'Negative', '', 5, 2, 3, '2019-02-09 08:27:27', '0000-00-00 00:00:00'),
(5, 24, 21, '-', '-', '', '', 'DARK YELLOW', 'TURBID', '6.0', '1.020', 'Trace', 'Negative', '0-2', '25-30', 'Few', 'Many', 'Many', 'N/A', 'N/A', 'Pus in clump/s: 0-2/HPF', '1+', 'Negative', 'Negative', 'Negative', 'Negative', 'Negative', '', 5, 3, 2, '2019-02-09 13:43:36', '0000-00-00 00:00:00'),
(6, 23, 20, '-', '-', '', '', 'LIGHT YELLOW', 'SL. TURBID', '6.0', '1.020', 'Negative', 'Negative', '0-1', '1-4', 'N/A', 'Moderate', 'Moderate', 'N/A', 'N/A', 'N/A', 'Negative', 'Negative', 'Negative', 'Negative', 'Negative', 'Negative', '', 5, 3, 2, '2019-02-09 13:45:46', '0000-00-00 00:00:00'),
(7, 26, 23, '-', '-', '', '', 'LIGHT YELLOW', 'TURBID', '7.0', '1.010', 'Trace', 'Negative', '0-3', '30-35', 'N/A', 'Many', 'Many', 'N/A', 'N/A', 'N/A', '2+', 'Negative', 'Negative', 'Negative', 'Negative', 'Negative', '', 5, 3, 1, '2019-02-11 07:18:29', '0000-00-00 00:00:00'),
(8, 42, 38, '-', '-', '', '', 'LIGHT YELLOW', 'CLEAR', '6.0', '1.010', 'Negative', 'Negative', '0-1', '1-3', 'N/A', 'Rare', 'Rare', 'N/A', 'N/A', 'N/A', 'Negative', 'Negative', 'Negative', 'Negative', 'Negative', 'Negative', '', 5, 3, 2, '2019-02-11 16:47:20', '0000-00-00 00:00:00'),
(9, 28, 24, '-', '-', '', '', 'LIGHT YELLOW', 'TURBID', '5.0', '1.020', 'Trace', '3+', '0-3', '2-6', 'N/A', 'Rare', 'Moderate', 'N/A', 'N/A', 'Yeast cells: Moderate/HPF', 'Negative', 'Negative', 'Negative', 'Negative', 'Negative', 'Negative', '', 5, 2, 3, '2019-02-12 07:02:01', '0000-00-00 00:00:00'),
(10, 46, 42, '-', '-', '', '', 'LIGHT YELLOW', 'CLEAR', '5.0', '1.015', 'Negative', 'Negative', '0-2', '0-2', 'N/A', 'Few', 'Rare', 'N/A', 'N/A', 'N/A', 'Negative', 'Negative', 'Negative', 'Negative', 'Negative', 'Negative', '', 5, 2, 1, '2019-02-15 10:56:51', '0000-00-00 00:00:00'),
(11, 47, 43, '-', '-', '', '', 'YELLOW', 'HAZY', '6.5', '1.015', 'Trace', 'Negative', '0-3', '0-3', 'N/A', 'Moderate', 'Rare', 'N/A', 'N/A', 'N/A', 'Negative', 'Negative', 'Negative', 'Negative', 'Negative', 'Negative', '', 5, 2, 1, '2019-02-15 12:13:51', '0000-00-00 00:00:00'),
(12, 5, 2, 'BROWN', 'FORMED', 'NO INTESTINAL PARASITE SEEN', '', 'LIGHT YELLOW', 'CLEAR', '5.0', '1.000', 'Negative', 'Negative', '3', '5', 'Rare', 'Rare', 'Rare', 'Rare', 'Rare', 'N/A', '', '', '', '', '', '', 'N/A', 5, 1, 2, '2019-02-18 15:40:43', '2019-02-18 16:30:39'),
(13, 54, 49, 'LIGHT BROWN', 'SOFT', 'NO INTESTINAL PARASITE SEEN', 'NORMAL', 'YELLOW', 'CLEAR', '6.0', '1.015', '1+', 'Negative', '0-2', '3-5', 'NONE', 'Few', 'Rare', 'NONE', 'NONE', 'PROTEINURIA', '', '', '', '', '', '', 'N/A', 5, 1, 4, '2019-02-19 10:36:13', '2019-02-22 13:28:24'),
(14, 52, 48, 'DARK BROWN', 'FORMED', 'NO INTESTINAL PARASITE SEEN', 'NORMAL', 'LIGHT YELLOW', 'CLEAR', '5.0', '1.010', 'Negative', 'Negative', '0-2', '0-2', 'NONE', 'Rare', 'NONE', 'NONE', 'NONE', 'NORMAL', '', '', '', '', '', '', 'N/A', 5, 1, 1, '2019-02-19 13:23:47', '2019-02-19 13:39:21'),
(15, 56, 51, 'BROWN', 'SEMI-FORMED', 'NO INTESTINAL PARASITE SEEN', 'NORMAL', 'LIGHT YELLOW', 'CLEAR', '6.5', '1.020', 'Negative', 'Negative', '0-2', '0-2', 'NONE', 'Rare', 'Rare', 'NONE', 'NONE', 'NORMAL', '', '', '', '', '', '', 'N/A', 5, 1, 1, '2019-02-19 13:25:46', '2019-02-19 13:40:17'),
(16, 55, 52, 'LIGHT BROWN', 'SEMI-FORMED', 'NO INTESTINAL PARASITE SEEN', 'NORMAL', 'LIGHT YELLOW', 'CLEAR', '5.0', '1.015', 'Negative', 'Negative', '0-2', '1-3', 'NONE', 'Rare', 'NONE', 'NONE', 'NONE', 'NORMAL', '', '', '', '', '', '', 'N/A', 5, 1, 1, '2019-02-19 13:27:24', '2019-02-19 13:40:52'),
(17, 58, 53, 'BROWN', 'SOFT', 'NO INTESTINAL PARASITE SEEN', 'NORMAL', 'YELLOW', 'CLEAR', '5.0', '1.020', 'Negative', 'Negative', '0-2', '0-2', 'NONE', 'Rare', 'Rare', 'NONE', 'NONE', 'NORMAL', '', '', '', '', '', '', 'N/A', 5, 1, 1, '2019-02-19 13:28:53', '2019-02-19 13:41:40'),
(18, 57, 50, 'LIGHT BROWN', 'SEMI-FORMED', 'NO INTESTINAL PARASITE SEEN', 'NORMAL', 'LIGHT YELLOW', 'CLEAR', '5.0', '1.025', '1+', 'Negative', '0-2', '2-5', 'NONE', 'Rare', 'Rare', 'NONE', 'NONE', 'PROTEINURIA', '', '', '', '', '', '', 'N/A', 5, 1, 1, '2019-02-19 13:30:33', '2019-02-19 13:42:07'),
(19, 60, 55, 'LIGHT BROWN', 'FORMED', 'NO INTESTINAL PARASITE SEEN', 'NORMAL', 'YELLOW', 'HAZY', '6.0', '1.030', 'Trace', 'Negative', '0-2', '0-2', 'NONE', 'Moderate', 'Rare', 'NONE', 'NONE', 'PROTEINURIA', '', '', '', '', '', '', 'N/A', 5, 1, 4, '2019-02-19 14:41:50', '0000-00-00 00:00:00'),
(20, 67, 62, 'BROWN', 'FORMED', 'NO INTESTINAL PARASITE SEEN', 'NORMAL', 'YELLOW', 'HAZY', '6.0', '1.010', 'Negative', '2+', '0-2', '0-2', 'NONE', 'Moderate', 'Few', 'NONE', 'NONE', 'GLUCOSURIA', '', '', '', '', '', '', 'N/A', 5, 1, 4, '2019-02-20 09:50:50', '0000-00-00 00:00:00'),
(21, 74, 68, 'LIGHT BROWN', 'SOFT', 'NO INTESTINAL PARASITE SEEN', 'NORMAL', 'YELLOW', 'HAZY', '6.0', '1.010', 'Negative', 'Negative', '0-2', '0-2', 'NONE', 'Rare', 'Rare', 'NONE', 'NONE', 'NORMAL', '', '', '', '', '', '', 'N/A', 5, 1, 4, '2019-02-20 09:52:06', '2019-02-22 13:28:47'),
(22, 64, 59, 'N/A', 'N/A', 'N/A', '', 'YELLOW', 'CLEAR', '6.0', '1.015', 'Negative', 'Negative', '0-2', '0-2', 'NONE', 'Moderate', 'Few', 'NONE', 'NONE', 'NORMAL', '', '', '', '', '', '', 'N/A', 5, 1, 4, '2019-02-20 09:53:44', '0000-00-00 00:00:00'),
(23, 68, 63, 'BROWN', 'SEMI-FORMED', 'NO INTESTINAL PARASITE SEEN', 'NORMAL', 'LIGHT YELLOW', 'SL. TURBID', '6.0', '1.015', 'Negative', 'Negative', '0-2', '0-2', 'NONE', 'Rare', 'Rare', 'NONE', 'NONE', 'NORMAL', '', '', '', '', '', '', 'N/A', 5, 1, 4, '2019-02-20 09:55:39', '0000-00-00 00:00:00'),
(24, 63, 58, 'BROWN', 'FORMED', 'NO INTESTINAL PARASITE SEEN', 'NORMAL', 'LIGHT YELLOW', 'HAZY', '6.0', '1.010', 'Negative', 'Negative', '0-2', '0-2', 'NONE', 'Rare', 'Rare', 'NONE', 'NONE', 'NORMAL', '', '', '', '', '', '', 'N/A', 5, 1, 4, '2019-02-20 09:57:45', '0000-00-00 00:00:00'),
(25, 69, 64, 'BROWN', 'FORMED', 'NO INTESTINAL PARASITE SEEN', 'NORMAL', 'YELLOW', 'HAZY', '6.0', '1.010', 'Negative', 'Negative', '0-2', '7-8', 'Few', 'NONE', 'Few', 'NONE', 'NONE', 'UTI', '', '', '', '', '', '', 'N/A', 5, 1, 4, '2019-02-20 09:59:21', '0000-00-00 00:00:00'),
(26, 73, 67, 'DARK BROWN', 'FORMED', 'NO INTESTINAL PARASITE SEEN', 'NORMAL', 'YELLOW', 'HAZY', '6.0', '1.010', 'Negative', 'Negative', '1-2', '8-10', 'NONE', 'Rare', 'Few', 'NONE', 'NONE', 'NORMAL', '', '', '', '', '', '', 'N/A', 5, 1, 4, '2019-02-20 10:01:09', '0000-00-00 00:00:00'),
(27, 79, 73, 'LIGHT BROWN', 'SEMI-FORMED', 'NO INTESTINAL PARASITE SEEN', 'NORMAL', 'YELLOW', 'CLEAR', '6.5', '1.010', 'Negative', 'Negative', '0-2', '1-2', 'NONE', 'Moderate', 'Rare', 'NONE', 'NONE', 'NORMAL', '', '', '', '', '', '', 'N/A', 5, 1, 4, '2019-02-20 10:18:14', '0000-00-00 00:00:00'),
(28, 81, 74, 'BROWN', 'SEMI-FORMED', 'NO INTESTINAL PARASITE SEEN', 'NORMAL', 'LIGHT YELLOW', 'CLEAR', '6.0', '1.010', 'Negative', 'Negative', '0-2', '4-6', 'NONE', 'Rare', 'Rare', 'NONE', 'NONE', 'UTI', '', '', '', '', '', '', 'N/A', 5, 1, 4, '2019-02-20 10:28:25', '0000-00-00 00:00:00'),
(29, 65, 60, 'DARK BROWN', 'SEMI-FORMED', 'NO INTESTINAL PARASITE SEEN', 'NORMAL', 'YELLOW', 'CLEAR', '6.0', '1.010', 'Negative', 'Negative', '0-2', '0-2', 'NONE', 'Rare', 'Rare', 'NONE', 'NONE', 'NORMAL', '', '', '', '', '', '', 'N/A', 5, 1, 4, '2019-02-20 10:29:53', '0000-00-00 00:00:00'),
(30, 78, 72, 'LIGHT BROWN', 'SEMI-FORMED', 'NO INTESTINAL PARASITE SEEN', 'NORMAL', 'LIGHT YELLOW', 'CLEAR', '6.0', '1.010', 'Negative', 'Negative', '0-2', '0-2', 'NONE', 'Few', 'Rare', 'NONE', 'NONE', 'NORMAL', '', '', '', '', '', '', 'N/A', 5, 1, 4, '2019-02-20 10:31:06', '0000-00-00 00:00:00'),
(31, 70, 65, 'N/A', 'N/A', 'N/A', '', 'LIGHT YELLOW', 'HAZY', '6.0', '1.015', 'Negative', 'Negative', '1-2', '20-25', 'NONE', 'Few', 'Moderate', 'NONE', 'NONE', 'HEMATURIA', '', '', '', '', '', '', 'N/A', 5, 1, 4, '2019-02-20 10:34:00', '0000-00-00 00:00:00'),
(32, 75, 69, 'LIGHT BROWN', 'SEMI-FORMED', 'NO INTESTINAL PARASITE SEEN', 'NORMAL', 'YELLOW', 'CLEAR', '6.0', '1.010', 'Negative', 'Negative', '0-2', '0-2', 'NONE', 'Few', 'Rare', 'NONE', 'NONE', 'NORMAL', '', '', '', '', '', '', 'N/A', 5, 1, 4, '2019-02-20 10:36:44', '0000-00-00 00:00:00'),
(33, 62, 57, 'N/A', 'N/A', 'N/A', '', 'LIGHT YELLOW', 'CLEAR', '6.0', '1.010', 'Negative', 'Negative', '0-2', '0-2', 'NONE', 'Rare', 'Rare', 'NONE', 'NONE', 'NORMAL', '', '', '', '', '', '', 'N/A', 5, 1, 4, '2019-02-20 10:38:14', '0000-00-00 00:00:00'),
(34, 80, 75, 'BROWN', 'FORMED', 'NO INTESTINAL PARASITE SEEN', 'NORMAL', 'YELLOW', 'CLEAR', '6.5', '1.015', 'Negative', 'Negative', '0-2', '0-2', 'NONE', 'Rare', 'Rare', 'NONE', 'NONE', 'NORMAL', '', '', '', '', '', '', 'N/A', 5, 1, 4, '2019-02-20 10:39:23', '0000-00-00 00:00:00'),
(35, 66, 61, 'LIGHT BROWN', 'FORMED', 'NO INTESTINAL PARASITE SEEN', 'NORMAL', 'DARK YELLOW', 'CLEAR', '6.0', '1.010', 'Negative', 'Negative', '1-2', '2-4', 'NONE', 'Rare', 'Moderate', 'NONE', 'NONE', 'NORMAL', '', '', '', '', '', '', 'N/A', 5, 1, 4, '2019-02-20 10:41:42', '0000-00-00 00:00:00'),
(36, 76, 70, 'BROWN', 'FORMED', 'NO INTESTINAL PARASITE SEEN', 'NORMAL', 'YELLOW', 'CLEAR', '6.0', '1.015', 'Negative', 'Negative', '1-2', '4-6', 'NONE', 'Few', 'Moderate', 'NONE', 'NONE', 'NORMAL', '', '', '', '', '', '', 'N/A', 5, 1, 4, '2019-02-20 10:42:50', '0000-00-00 00:00:00'),
(37, 71, 66, 'DARK BROWN', 'FORMED', 'NO INTESTINAL PARASITE SEEN', 'NORMAL', 'LIGHT YELLOW', 'CLEAR', '6.0', '1.010', 'Negative', 'Negative', '0-2', '0-2', 'NONE', 'Moderate', 'Moderate', 'NONE', 'NONE', 'NORMAL', '', '', '', '', '', '', 'N/A', 5, 1, 4, '2019-02-20 10:44:36', '0000-00-00 00:00:00'),
(38, 77, 71, 'LIGHT BROWN', 'SEMI-FORMED', 'NO INTESTINAL PARASITE SEEN', 'NORMAL', 'STRAW', 'HAZY', '6.5', '1.015', 'Negative', 'Negative', '0-2', '0-2', 'NONE', 'Rare', 'Rare', 'NONE', 'NONE', 'NORMAL', '', '', '', '', '', '', 'N/A', 5, 1, 4, '2019-02-20 10:45:49', '0000-00-00 00:00:00'),
(39, 83, 77, 'BROWN', 'FORMED', 'NO INTESTINAL PARASITE SEEN', 'NORMAL', 'LIGHT YELLOW', 'CLEAR', '6.0', '1.010', 'Negative', 'Negative', '0-2', '0-2', 'NONE', 'Rare', 'Few', 'NONE', 'NONE', 'NORMAL', '', '', '', '', '', '', 'N/A', 5, 1, 4, '2019-02-20 12:12:53', '0000-00-00 00:00:00'),
(40, 82, 76, 'DARK BROWN', 'SEMI-FORMED', 'NO INTESTINAL PARASITE SEEN', 'NORMAL', 'YELLOW', 'HAZY', '6.0', '1.015', 'Negative', 'Negative', '0-2', '5-6', 'NONE', 'Few', 'Rare', 'NONE', 'NONE', 'NORMAL', '', '', '', '', '', '', 'N/A', 5, 1, 4, '2019-02-20 12:14:11', '0000-00-00 00:00:00'),
(41, 84, 78, 'DARK BROWN', 'SEMI-FORMED', 'NO INTESTINAL PARASITE SEEN', 'NORMAL', 'LIGHT YELLOW', 'CLEAR', '5.0', '1.010', 'Negative', 'Negative', '0-2', '0-2', 'NONE', 'Rare', 'Few', 'NONE', 'NONE', 'NORMAL', '', '', '', '', '', '', 'N/A', 5, 2, 4, '2019-02-20 14:39:28', '0000-00-00 00:00:00'),
(42, 88, 82, 'DARK BROWN', 'SEMI-FORMED', 'NO INTESTINAL PARASITE SEEN', 'NORMAL', 'LIGHT YELLOW', 'HAZY', '6.5', '1.015', 'Negative', 'Negative', '0-2', '12-15', 'Few', 'Rare', 'Few', 'NONE', 'NONE', 'UTI', '', '', '', '', '', '', 'N/A', 5, 2, 4, '2019-02-20 16:19:17', '2019-02-20 16:19:24'),
(43, 86, 80, 'DARK BROWN', 'FORMED', 'NO INTESTINAL PARASITE SEEN', 'NORMAL', 'YELLOW', 'CLEAR', '6.0', '1.010', 'Negative', 'Negative', '0-2', '0-2', 'NONE', 'Rare', 'Rare', 'NONE', 'NONE', 'NORMAL', '', '', '', '', '', '', 'N/A', 5, 2, 4, '2019-02-20 16:20:27', '0000-00-00 00:00:00'),
(44, 87, 81, 'BROWN', 'FORMED', 'NO INTESTINAL PARASITE SEEN', 'NORMAL', 'YELLOW', 'TURBID', '6.0', '1.015', 'Negative', 'Negative', '0-2', '>50', 'NONE', 'Few', 'Few', 'NONE', 'NONE', 'UTI. PUS CELL IN CLUMPS: 0-2', '', '', '', '', '', '', 'N/A', 5, 2, 4, '2019-02-20 16:22:18', '0000-00-00 00:00:00'),
(45, 85, 79, 'DARK BROWN', 'SEMI-FORMED', 'NO INTESTINAL PARASITE SEEN', 'NORMAL', 'YELLOW', 'CLEAR', '6.0', '1.010', 'Negative', 'Negative', '0-2', '0-2', 'NONE', 'Rare', 'Rare', 'NONE', 'NONE', 'N/A', '', '', '', '', '', '', 'N/A', 5, 2, 4, '2019-02-20 16:23:38', '0000-00-00 00:00:00'),
(46, 93, 87, 'BROWN', 'FORMED', 'NO INTESTINAL PARASITE SEEN', 'NORMAL', 'YELLOW', 'CLEAR', '6.0', '1.010', 'Negative', 'Negative', '0-1', '3-5', 'NONE', 'Rare', 'Rare', 'NONE', 'NONE', 'NORMAL', '', '', '', '', '', '', 'N/A', 5, 6, 4, '2019-02-21 08:52:06', '0000-00-00 00:00:00'),
(47, 90, 85, 'LIGHT BROWN', 'SEMI-FORMED', 'NO INTESTINAL PARASITE SEEN', 'NORMAL', 'YELLOW', 'CLEAR', '6.0', '1.010', 'Negative', 'Negative', '1-3', '1-3', 'NONE', 'Rare', 'Rare', 'NONE', 'NONE', 'NORMAL', '', '', '', '', '', '', 'N/A', 5, 6, 4, '2019-02-21 08:53:10', '0000-00-00 00:00:00'),
(48, 92, 86, 'BROWN', 'SEMI-FORMED', 'NO INTESTINAL PARASITE SEEN', 'NORMAL', 'YELLOW', 'CLEAR', '6.0', '1.015', 'Trace', 'Negative', '0-2', '2-4', 'NONE', 'Rare', 'Rare', 'NONE', 'NONE', 'PROTEINURIA', '', '', '', '', '', '', 'N/A', 5, 6, 4, '2019-02-21 08:54:26', '0000-00-00 00:00:00'),
(49, 89, 83, 'LIGHT BROWN', 'SOFT', 'NO INTESTINAL PARASITE SEEN', 'NORMAL', 'YELLOW', 'CLEAR', '6.0', '1.015', 'Negative', 'Negative', '0-1', '0-1', 'NONE', 'Rare', 'Rare', 'NONE', 'NONE', 'NORMAL', '', '', '', '', '', '', 'N/A', 5, 6, 4, '2019-02-21 08:55:28', '0000-00-00 00:00:00'),
(50, 95, 89, 'BROWN', 'FORMED', 'NO INTESTINAL PARASITE SEEN', 'NORMAL', 'YELLOW', 'CLEAR', '6.0', '1.010', 'Trace', 'Negative', '0-1', '0-1', 'NONE', 'Rare', 'Rare', 'NONE', 'NONE', 'PROTEINURIA', '', '', '', '', '', '', 'N/A', 5, 6, 4, '2019-02-21 08:56:33', '0000-00-00 00:00:00'),
(51, 94, 88, 'BROWN', 'FORMED', 'NO INTESTINAL PARASITE SEEN', 'NORMAL', 'YELLOW', 'CLEAR', '6.0', '1.010', 'Negative', 'Negative', '0-2', '0-2', 'NONE', 'Rare', 'Rare', 'NONE', 'NONE', 'NORMAL', '', '', '', '', '', '', 'N/A', 5, 6, 4, '2019-02-21 08:57:42', '0000-00-00 00:00:00'),
(52, 91, 84, 'BROWN', 'FORMED', 'NO INTESTINAL PARASITE SEEN', 'NORMAL', 'YELLOW', 'CLEAR', '6.0', '1.015', 'Negative', 'Negative', '1-3', '1-3', 'NONE', 'Rare', 'Rare', 'NONE', 'NONE', 'NORMAL', '', '', '', '', '', '', 'N/A', 5, 6, 4, '2019-02-21 08:58:37', '0000-00-00 00:00:00'),
(53, 96, 90, 'DARK BROWN', 'FORMED', 'NO INTESTINAL PARASITE SEEN', 'NORMAL', 'YELLOW', 'HAZY', '6.0', '1.010', 'Trace', 'Negative', '0-2', '3-5', 'NONE', 'Moderate', 'Rare', 'NONE', 'NONE', 'PROTEINURIA', '', '', '', '', '', '', 'N/A', 5, 2, 4, '2019-02-21 09:01:28', '0000-00-00 00:00:00'),
(54, 102, 96, 'DARK BROWN', 'FORMED', 'NO INTESTINAL PARASITE SEEN', 'NORMAL', 'LIGHT YELLOW', 'CLEAR', '6.0', '1.015', 'Negative', 'Negative', '0-1', '0-1', 'NONE', 'Rare', 'Rare', 'NONE', 'NONE', 'NORMAL', '', '', '', '', '', '', 'N/A', 5, 2, 4, '2019-02-21 09:27:17', '0000-00-00 00:00:00'),
(55, 101, 95, 'DARK BROWN', 'SEMI-FORMED', 'NO INTESTINAL PARASITE SEEN', 'NORMAL', 'DARK YELLOW', 'HAZY', '6.5', '1.010', 'Negative', 'Negative', '0-2', '1-2', 'NONE', 'Rare', 'Moderate', 'NONE', 'NONE', 'NORMAL', '', '', '', '', '', '', 'N/A', 5, 2, 4, '2019-02-21 09:28:27', '0000-00-00 00:00:00'),
(56, 99, 93, 'DARK BROWN', 'FORMED', 'NO INTESTINAL PARASITE SEEN', 'NORMAL', 'YELLOW', 'HAZY', '7.5', '1.010', 'Negative', 'Negative', '0-1', '3-5', 'Rare', 'Rare', 'Moderate', 'NONE', 'NONE', 'NORMAL', '', '', '', '', '', '', 'N/A', 5, 2, 4, '2019-02-21 09:29:58', '2019-02-22 13:26:48'),
(57, 97, 91, 'LIGHT BROWN', 'FORMED', 'NO INTESTINAL PARASITE SEEN', 'NORMAL', 'YELLOW', 'TURBID', '6.0', '1.010', 'Negative', 'Negative', '1-2', '12-15', 'NONE', 'Moderate', 'Moderate', 'NONE', 'NONE', 'UTI', '', '', '', '', '', '', 'N/A', 5, 2, 4, '2019-02-21 10:14:36', '0000-00-00 00:00:00'),
(58, 100, 94, 'BROWN', 'FORMED', 'NO INTESTINAL PARASITE SEEN', 'NORMAL', 'YELLOW', 'CLEAR', '6.0', '1.005', 'Negative', 'Negative', '0-1', '0-1', 'NONE', 'Rare', 'Rare', 'NONE', 'NONE', 'NORMAL', '', '', '', '', '', '', 'N/A', 5, 2, 4, '2019-02-21 10:18:00', '2019-02-22 13:29:23'),
(59, 98, 92, 'LIGHT BROWN', 'FORMED', 'NO INTESTINAL PARASITE SEEN', 'NORMAL', 'YELLOW', 'CLEAR', '6.0', '1.020', 'Trace', 'Negative', '0-2', '3-5', 'NONE', 'Rare', 'Rare', 'NONE', 'NONE', 'PROTEINURIA', '', '', '', '', '', '', 'N/A', 5, 2, 4, '2019-02-21 10:26:58', '2019-02-21 10:28:04'),
(60, 103, 97, 'BROWN', 'FORMED', 'NO INTESTINAL PARASITE SEEN', 'NORMAL', 'YELLOW', 'CLEAR', '6.0', '1.010', 'Negative', 'Negative', '1-3', '1-3', 'NONE', 'Rare', 'Rare', 'NONE', 'NONE', 'NORMAL', '', '', '', '', '', '', 'N/A', 5, 2, 4, '2019-02-21 10:31:43', '0000-00-00 00:00:00'),
(61, 104, 98, 'DARK BROWN', 'FORMED', 'NO INTESTINAL PARASITE SEEN', 'NORMAL', 'YELLOW', 'HAZY', '6.0', '1.010', 'Trace', 'Negative', '1-2', '18-20', 'NONE', 'Moderate', 'Rare', 'NONE', 'NONE', 'PROTEINURIA, UTI', '', '', '', '', '', '', 'N/A', 5, 2, 4, '2019-02-21 10:34:21', '0000-00-00 00:00:00'),
(62, 105, 99, 'DARK BROWN', 'FORMED', 'NO INTESTINAL PARASITE SEEN', 'NORMAL', 'YELLOW', 'HAZY', '6.0', '1.015', 'Negative', 'Negative', '0-2', '7-9', 'Few', 'Moderate', 'Rare', 'NONE', 'NONE', 'UTI', '', '', '', '', '', '', 'N/A', 5, 2, 4, '2019-02-21 10:40:28', '0000-00-00 00:00:00'),
(63, 106, 100, 'LIGHT BROWN', 'SOFT', 'NO INTESTINAL PARASITE SEEN', 'NORMAL', 'YELLOW', 'HAZY', '6.0', '1.010', 'Trace', 'Negative', '1-2', '6-8', 'Rare', 'Moderate', 'Rare', 'NONE', 'NONE', 'PROTEINURIA', '', '', '', '', '', '', 'N/A', 5, 2, 4, '2019-02-21 11:44:08', '0000-00-00 00:00:00'),
(64, 107, 101, 'DARK BROWN', 'FORMED', 'NO INTESTINAL PARASITE SEEN', 'NORMAL', 'YELLOW', 'CLEAR', '6.0', '1.010', 'Negative', 'Negative', '0-2', '0-2', 'NONE', 'Rare', 'Rare', 'NONE', 'NONE', 'NORMAL', '', '', '', '', '', '', 'N/A', 5, 2, 4, '2019-02-22 07:48:43', '0000-00-00 00:00:00'),
(65, 108, 102, 'BROWN', 'FORMED', 'NO INTESTINAL PARASITE SEEN', 'NORMAL', 'YELLOW', 'CLEAR', '6.5', '1.010', 'Negative', 'Negative', '1-2', '1-2', 'NONE', 'Rare', 'Few', 'NONE', 'NONE', 'NORMAL', '', '', '', '', '', '', 'N/A', 5, 2, 4, '2019-02-22 07:49:50', '0000-00-00 00:00:00'),
(66, 112, 105, 'BROWN', 'SEMI-FORMED', 'NO INTESTINAL PARASITE SEEN', 'NORMAL', 'YELLOW', 'CLEAR', '5.0', '1.025', 'Negative', 'Negative', '0-2', '0-2', 'NONE', 'Rare', 'Few', 'NONE', 'NONE', 'NORMAL', '', '', '', '', '', '', 'N/A', 5, 2, 4, '2019-02-22 10:17:23', '0000-00-00 00:00:00'),
(67, 109, 103, 'BROWN', 'FORMED', 'NO INTESTINAL PARASITE SEEN', 'NORMAL', 'YELLOW', 'HAZY', '6.5', '1.015', 'Negative', 'Negative', '0-2', '0-2', 'NONE', 'Rare', 'Rare', 'NONE', 'Moderate', 'NORMAL', '', '', '', '', '', '', 'N/A', 5, 2, 4, '2019-02-22 12:54:16', '0000-00-00 00:00:00'),
(68, 115, 109, 'BROWN', 'SEMI- FORMED', 'NO INTESTINAL PARASITE SEEN', 'NORMAL', 'YELLOW', 'CLEAR', '7.5', '1.010', 'Negative', 'Negative', '1-2', '1-2', 'NONE', 'Rare', 'Few', 'NONE', 'NONE', 'NORMAL', '', '', '', '', '', '', 'N/A', 5, 2, 4, '2019-02-22 12:55:26', '2019-02-22 13:25:56'),
(69, 111, 106, 'BROWN', 'FORMED', 'NO INTESTINAL PARASITE SEEN', 'NORMAL', 'YELLOW', 'CLEAR', '6.0', '1.010', 'Negative', 'Negative', '0-2', '0-2', 'NONE', 'Rare', 'Few', 'NONE', 'NONE', 'NORMAL', '', '', '', '', '', '', 'N/A', 5, 2, 4, '2019-02-22 12:56:54', '0000-00-00 00:00:00'),
(70, 110, 104, 'N/A', 'N/A', 'N/A', 'NO SPX', 'LIGHT YELLOW', 'CLEAR', '6.5', '1.010', 'Negative', 'Negative', '0-2', '0-2', 'NONE', 'Rare', 'Rare', 'Rare', 'NONE', 'NORMAL', '', '', '', '', '', '', 'N/A', 5, 2, 4, '2019-02-22 12:58:03', '0000-00-00 00:00:00'),
(71, 113, 107, 'N/A', 'N/A', 'N/A', 'NO SPX', 'LIGHT YELLOW', 'CLEAR', '6.0', '1.010', 'Negative', 'Negative', '0-2', '0-3', 'NONE', 'Rare', 'Rare', 'NONE', 'NONE', 'NORMAL', '', '', '', '', '', '', 'N/A', 5, 2, 4, '2019-02-22 12:59:01', '0000-00-00 00:00:00'),
(72, 117, 111, 'DARK BROWN', 'FORMED', 'NO INTESTINAL PARASITE SEEN', 'NORMAL', 'YELLOW', 'HAZY', '6.0', '1.010', 'Negative', 'Negative', '0-2', '0-1', 'NONE', 'Rare', 'Moderate', 'NONE', 'NONE', 'NORMAL', '', '', '', '', '', '', 'N/A', 5, 2, 4, '2019-02-22 13:00:25', '0000-00-00 00:00:00'),
(73, 118, 112, 'DARK BROWN', 'FORMED', 'NO INTESTINAL PARASITE SEEN', 'NORMAL', 'YELLOW', 'SL. TURBID', '6.0', '1.015', 'Negative', 'Negative', '22-26', '0-3', 'NONE', 'Rare', 'Rare', 'NONE', 'NONE', 'HEMATURIA', '', '', '', '', '', '', 'N/A', 5, 6, 4, '2019-02-22 13:02:42', '0000-00-00 00:00:00'),
(74, 119, 113, 'LIGHT BROWN', 'SOFT', 'NO INTESTINAL PARASITE SEEN', 'NORMAL', 'YELLOW', 'SL. TURBID', '5.0', '1.025', 'Negative', 'Negative', '0-3', '0-3', 'NONE', 'Moderate', 'Moderate', 'NONE', 'NONE', 'NORMAL', '', '', '', '', '', '', 'N/A', 5, 2, 4, '2019-02-22 13:42:18', '2019-02-26 09:55:19'),
(75, 116, 110, 'BROWN', 'FORMED', 'NO INTESTINAL PARASITE SEEN', 'NORMAL', 'LIGHT YELLOW', 'HAZY', '7.0', '1.010', 'Negative', 'Negative', '0-2', '0-3', 'NONE', 'Rare', 'Moderate', 'NONE', 'NONE', 'NORMAL', '', '', '', '', '', '', 'N/A', 5, 2, 4, '2019-02-22 13:44:36', '2019-02-23 15:46:01'),
(76, 120, 114, 'DARK BROWN', 'FORMED', 'NO INTESTINAL PARASITE SEEN', 'NORMAL', 'YELLOW', 'CLEAR', '7.5', '1.010', 'Trace', 'Negative', '0-2', '0-2', 'NONE', 'Few', 'Rare', 'NONE', 'NONE', 'PROTEINURIA', '', '', '', '', '', '', 'N/A', 5, 2, 4, '2019-02-22 14:23:56', '2019-02-22 15:45:36'),
(77, 121, 115, 'BROWN', 'FORMED', 'NO INTESTINAL PARASITE SEEN', 'NORMAL', 'YELLOW', 'CLEAR', '6.0', '1.010', 'Negative', 'Negative', '1-2', '1-2', 'Rare', 'Rare', 'Rare', 'NONE', 'NONE', 'NORMAL', '', '', '', '', '', '', 'N/A', 5, 2, 4, '2019-02-22 16:26:05', '2019-02-22 16:36:22'),
(78, 131, 125, 'BROWN', 'FORMED', 'NO INTESTINAL PARASITE SEEN', 'NORMAL', 'LIGHT YELLOW', 'CLEAR', '6.0', '1.015', 'Negative', 'Negative', '1-2', '1-2', 'Rare', 'Rare', 'Rare', 'NONE', 'NONE', 'NORMAL', '', '', '', '', '', '', 'N/A', 5, 2, 4, '2019-02-23 11:16:16', '2019-02-25 16:49:19'),
(79, 129, 123, 'N/A', 'N/A', 'N/A', '', 'YELLOW', 'CLEAR', '6.0', '1.010', 'Negative', 'Negative', '0-1', '0-1', 'Rare', 'Rare', 'NONE', 'NONE', 'NONE', 'NORMAL', '', '', '', '', '', '', 'N/A', 5, 2, 4, '2019-02-23 11:18:11', '0000-00-00 00:00:00'),
(80, 130, 124, 'BROWN', 'FORMED', 'NO INTESTINAL PARASITE SEEN', 'NORMAL', 'LIGHT YELLOW', 'HAZY', '6.0', '1.010', 'Negative', 'Negative', '0-2', '1-3', 'Rare', 'Rare', 'Few', 'NONE', 'NONE', 'NORMAL', '', '', '', '', '', '', 'N/A', 5, 2, 4, '2019-02-23 11:28:16', '0000-00-00 00:00:00'),
(81, 128, 122, 'DARK BROWN', 'FORMED', 'NO INTESTINAL PARASITE SEEN', 'NORMAL', 'YELLOW', 'CLEAR', '6.0', '1.015', 'Negative', 'Negative', '1-3', '4-6', 'Rare', 'Few', 'Few', 'NONE', 'NONE', 'NORMAL', '', '', '', '', '', '', 'N/A', 5, 2, 4, '2019-02-23 11:30:41', '0000-00-00 00:00:00'),
(82, 133, 127, 'LIGHT BROWN', 'FORMED', 'NO INTESTINAL PARASITE SEEN', 'NORMAL', 'YELLOW', 'HAZY', '6.0', '1.020', 'Negative', 'Negative', '1-2', '12-15', 'Few', 'Rare', 'Rare', 'NONE', 'NONE', 'UTI', '', '', '', '', '', '', 'N/A', 5, 6, 4, '2019-02-23 13:28:59', '0000-00-00 00:00:00'),
(83, 132, 128, 'BROWN', 'SOFT', 'NO INTESTINAL PARASITE SEEN', 'NORMAL', 'DARK YELLOW', 'CLEAR', '6.0', '1.010', 'Negative', 'Negative', '1-2', '2-4', 'NONE', 'Rare', 'Rare', 'NONE', 'NONE', 'NORMAL', '', '', '', '', '', '', 'N/A', 5, 2, 4, '2019-02-23 13:37:10', '0000-00-00 00:00:00'),
(84, 134, 130, 'N/A', 'N/A', 'N/A', '', 'YELLOW', 'CLEAR', '6.0', '1.015', 'Trace', 'Negative', '0-2', '0-2', 'NONE', 'Rare', 'Rare', 'NONE', 'NONE', 'PROTEINURIA', '', '', '', '', '', '', 'N/A', 5, 2, 4, '2019-02-23 15:44:53', '0000-00-00 00:00:00'),
(85, 135, 131, 'DARK BROWN', 'FORMED', 'NO INTESTINAL PARASITE SEEN', 'NORMAL', 'YELLOW', 'CLEAR', '6.0', '1.010', 'Negative', 'Negative', '0-2', '9-11', 'Rare', 'Rare', 'Rare', 'NONE', 'NONE', 'UTI', '', '', '', '', '', '', 'N/A', 5, 6, 4, '2019-02-25 09:28:25', '2019-02-26 14:14:39'),
(86, 139, 146, 'DARK BROWN', 'SEMI-FORMED', 'NO INTESTINAL PARASITE SEEN', 'NORMAL', 'STRAW', 'CLEAR', '6.0', '1.005', 'Negative', 'Negative', '1-2', '1-2', 'NONE', 'Rare', 'Rare', 'NONE', 'NONE', 'NORMAL', '', '', '', '', '', '', 'NEGATIVE', 5, 2, 4, '2019-02-25 12:02:24', '2019-02-26 15:41:23'),
(87, 138, 145, 'DARK BROWN', 'FORMED', 'NO INTESTINAL PARASITE SEEN', 'NORMAL', 'YELLOW', 'HAZY', '6.0', '1.020', 'Trace', 'Negative', '1-2', '4-5', 'NONE', 'Moderate', 'Few', 'NONE', 'NONE', 'PROTEINURIA', '', '', '', '', '', '', 'N/A', 5, 6, 4, '2019-02-25 12:06:44', '2019-02-27 15:12:07'),
(88, 136, 138, 'DARK BROWN', 'FORMED', 'NO INTESTINAL PARASITE SEEN', 'NORMAL', 'YELLOW', 'SLIGHTLY TURBID', '8.0', '1.005', 'NEGATIVE', 'NEGATIVE', '0-1', '0-2', 'FEW', 'MODERATE', 'FEW', 'NONE', 'NONE', 'NORMAL', '', '', '', '', '', '', 'N/A', 5, 6, 4, '2019-02-25 12:48:51', '2019-02-25 13:22:44'),
(89, 144, 156, '-', '-', '', '', 'DARK YELLOW', 'HAZY', '5.0', '1.020', 'Trace', 'Negative', '2-4', '8-10', 'Rare', 'Moderate', 'Few', 'N/A', 'N/A', 'N/A', 'Negative', 'Negative', 'Negative', 'Trace', 'Negative', 'Negative', '', 5, 6, 2, '2019-02-25 13:19:51', '2019-02-25 13:32:38'),
(90, 142, 153, 'DARK BROWN', 'FORMED', 'NO INTESTINAL PARASITE SEEN', 'PUS CELLS 0- 1 /HPF', '-', '-', '-', '-', '-', '-', 'N/A', 'N/A', 'N/A', 'N/A', 'N/A', 'N/A', 'N/A', 'N/A', 'N/A', 'N/A', 'N/A', 'N/A', 'N/A', 'N/A', '', 5, 6, 2, '2019-02-25 13:21:18', '0000-00-00 00:00:00'),
(91, 140, 147, 'DARK BROWN', 'FORMED', 'NO INTESTINAL PARASITE SEEN', 'NORMAL', 'YELLOW', 'SL. TURBID', '6.0', '1.020', 'Trace', 'Negative', '1-2', '12-15', 'NONE', 'Many', 'Few', 'NONE', 'NONE', 'PROTEINURIA, UTI', '', '', '', '', '', '', 'N/A', 5, 2, 4, '2019-02-25 13:58:51', '2019-02-25 13:58:55'),
(92, 146, 158, 'DARK BROWN', 'FORMED', 'NO INTESTINAL PARASITE SEEN', 'NORMAL', 'LIGHT YELLOW', 'CLEAR', '6.0', '1.010', 'Negative', 'Negative', '1-3', '1-3', 'NONE', 'Rare', 'Rare', 'NONE', 'NONE', 'NORMAL', '', '', '', '', '', '', 'N/A', 5, 2, 4, '2019-02-25 14:31:14', '2019-02-25 14:31:20'),
(93, 148, 160, '-', '-', '', '', 'STRAW', 'CLEAR', '6.0', '1.005', 'Negative', 'Negative', '1-2', '1-2', 'N/A', 'Rare', 'Rare', 'N/A', 'N/A', 'N/A', 'Negative', 'Negative', 'Negative', 'Negative', 'Negative', 'Negative', '', 5, 6, 2, '2019-02-25 14:58:37', '0000-00-00 00:00:00'),
(94, 149, 161, 'BROWN', 'MUCOID', 'NO INTESTINAL PARASITE SEEN', 'PUS CELLS: 10 - 12 / HPF, RED CELLS: 6 - 8 / HPF, BACTERIA: FEW', '-', '-', '-', '-', '-', '-', 'N/A', 'N/A', 'N/A', 'N/A', 'N/A', 'N/A', 'N/A', 'N/A', 'N/A', 'N/A', 'N/A', 'N/A', 'N/A', 'N/A', '', 5, 6, 2, '2019-02-25 15:16:40', '2019-02-25 15:21:46'),
(95, 145, 157, 'LIGHT BROWN', 'FORMED', 'NO INTESTINAL PARASITE SEEN', 'NORMAL', 'STRAW', 'CLEAR', '6.5', '1.010', 'Negative', 'Negative', '0-1', '0-1', 'NONE', 'Rare', 'Rare', 'NONE', 'NONE', 'NORMAL', '', '', '', '', '', '', 'N/A', 5, 6, 4, '2019-02-25 15:59:30', '0000-00-00 00:00:00'),
(96, 171, 183, 'DARK BROWN', 'SOFT', 'NO INTESTINAL PARASITE SEEN', 'NORMAL', 'YELLOW', 'CLEAR', '6.0', '1.005', 'NEGATIVE', 'NEGATIVE', '1-2', '5-7', 'N/A', 'MODERATE', 'MODERATE', 'N/A', 'N/A', 'NORMAL', '', '', '', '', '', '', 'NEGATIVE', 5, 2, 4, '2019-02-26 12:38:38', '2019-02-27 08:43:49'),
(97, 151, 164, 'DARK BROWN', 'SEMI-FORMED', 'NO INTESTINAL PARASITE SEEN', 'NORMAL', 'YELLOW', 'CLEAR', '6.0', '1.015', 'Negative', 'Negative', '1-3', '1-3', 'NONE', 'Rare', 'Rare', 'NONE', 'NONE', 'NORMAL', '', '', '', '', '', '', 'N/A', 5, 2, 4, '2019-02-26 12:50:15', '0000-00-00 00:00:00'),
(98, 153, 167, 'BROWN', 'FORMED', 'NO INTESTINAL PARASITE SEEN', 'NORMAL', 'LIGHT YELLOW', 'CLEAR', '6.0', '1.010', 'Negative', 'Negative', '2-4', '2-4', 'Rare', 'Rare', 'Rare', 'NONE', 'NONE', 'NORMAL', '', '', '', '', '', '', 'N/A', 5, 2, 4, '2019-02-26 13:18:26', '0000-00-00 00:00:00'),
(99, 165, 180, 'DARK BROWN', 'FORMED', 'NO INTESTINAL PARASITE SEEN', 'NORMAL', 'YELLOW', 'CLEAR', '6.0', '1.010', 'Negative', 'Negative', '1-2', '2-4', 'NONE', 'Rare', 'Moderate', 'NONE', 'NONE', 'NORMAL', '', '', '', '', '', '', 'N/A', 5, 2, 4, '2019-02-26 13:19:04', '0000-00-00 00:00:00'),
(100, 156, 171, 'BROWN', 'SOFT', 'NO INTESTINAL PARASITE SEEN', 'NORMAL', 'DARK YELLOW', 'SL. TURBID', '6.0', '1.020', 'Trace', 'Negative', '2-4', '3-5', 'Rare', 'Moderate', 'Rare', 'NONE', 'NONE', 'NORMAL', '', '', '', '', '', '', 'N/A', 5, 2, 4, '2019-02-26 13:20:37', '0000-00-00 00:00:00'),
(101, 161, 176, 'LIGHT BROWN', 'SOFT', 'NO INTESTINAL PARASITE SEEN', 'NORMAL', 'YELLOW', 'HAZY', '5.0', '1.010', 'Negative', 'Negative', '3-5', '1-2', 'Rare', 'Rare', 'Rare', 'NONE', 'NONE', 'NORMAL', '', '', '', '', '', '', 'N/A', 5, 2, 4, '2019-02-26 13:23:15', '0000-00-00 00:00:00'),
(102, 162, 177, 'BROWN', 'FORMED', 'NO INTESTINAL PARASITE SEEN', 'NORMAL', 'YELLOW', 'CLEAR', '7.5', '1.010', 'Trace', 'Negative', '1-2', '1-2', 'NONE', 'Rare', 'Rare', 'NONE', 'NONE', 'PROTEINURIA', '', '', '', '', '', '', 'N/A', 5, 2, 4, '2019-02-26 13:24:27', '0000-00-00 00:00:00'),
(103, 163, 178, 'BROWN', 'SOFT', 'NO INTESTINAL PARASITE SEEN', 'NORMAL', 'YELLOW', 'CLEAR', '5.0', '1.010', 'Negative', 'Negative', '1-3', '1-3', 'NONE', 'Rare', 'Rare', 'NONE', 'NONE', 'NORMAL', '', '', '', '', '', '', 'N/A', 5, 2, 4, '2019-02-26 13:25:20', '0000-00-00 00:00:00'),
(104, 150, 163, 'BROWN', 'SEMI-FORMED', 'NO INTESTINAL PARASITE SEEN', 'NORMAL', 'YELLOW', 'CLEAR', '6.0', '1.020', 'Negative', 'Negative', '1-2', '1-2', 'NONE', 'Rare', 'Rare', 'NONE', 'NONE', 'NORMAL', '', '', '', '', '', '', 'N/A', 5, 2, 4, '2019-02-26 13:27:04', '0000-00-00 00:00:00'),
(105, 155, 170, 'BROWN', 'FORMED', 'NO INTESTINAL PARASITE SEEN', 'NORMAL', 'LIGHT YELLOW', 'CLEAR', '6.0', '1.010', 'Negative', 'Negative', '0-2', '0-2', 'NONE', 'Rare', 'Few', 'NONE', 'NONE', 'NORMAL', '', '', '', '', '', '', 'N/A', 5, 2, 4, '2019-02-26 13:28:25', '0000-00-00 00:00:00'),
(106, 159, 173, 'DARK BROWN', 'FORMED', 'NO INTESTINAL PARASITE SEEN', 'NORMAL', 'LIGHT YELLOW', 'HAZY', '6.0', '1.015', 'Trace', 'Negative', '1-2', '18-20', 'Few', 'Rare', 'Moderate', 'NONE', 'NONE', 'PROTEINURIA, UTI', '', '', '', '', '', '', 'N/A', 5, 2, 4, '2019-02-26 13:30:22', '0000-00-00 00:00:00'),
(107, 160, 174, 'DARK BROWN', 'SEMI- FORMED', 'NO INTESTINAL PARASITE SEEN', 'NORMAL', 'YELLOW', 'SL. TURBID', '6.0', '1.020', 'Trace', 'Negative', '2-4', '7-9', 'Few', 'Moderate', 'Moderate', 'NONE', 'NONE', 'PROTEINURIA', '', '', '', '', '', '', 'N/A', 5, 2, 4, '2019-02-26 13:31:51', '2019-02-26 14:00:01'),
(108, 154, 169, 'DARK BROWN', 'SEMI-FORMED', 'NO INTESTINAL PARASITE SEEN', 'NORMAL', 'YELLOW', 'SL. TURBID', '6.0', '1.020', 'Trace', 'Negative', '12-15', '1-3', 'Few', 'Moderate', 'Moderate', 'NONE', 'NONE', 'PROTEINURIA, HEMATURIA', '', '', '', '', '', '', 'N/A', 5, 2, 4, '2019-02-26 13:33:01', '0000-00-00 00:00:00'),
(109, 181, 191, '-', '-', '', '', 'YELLOW', 'CLEAR', '6.5', '1.010', 'Negative', 'Negative', '1-2', '3-5', 'Rare', 'Rare', 'Rare', 'N/A', 'N/A', 'N/A', 'Negative', 'Negative', 'Negative', 'Negative', 'Negative', 'Negative', '', 5, 6, 2, '2019-02-26 14:46:29', '0000-00-00 00:00:00'),
(110, 177, 187, '-', '-', '', '', 'LIGHT YELLOW', 'CLEAR', '7.5', '1.010', 'Trace', 'Negative', '2-5', '2-5', 'N/A', 'Rare', 'Rare', 'N/A', 'N/A', 'N/A', 'Negative', 'Negative', 'Negative', 'Negative', 'Negative', 'Negative', '', 5, 6, 2, '2019-02-26 14:47:41', '0000-00-00 00:00:00'),
(111, 178, 188, 'BROWN', 'FORMED', 'NO INTESTINAL PARASITE SEEN', 'NORMAL', 'DARK YELLOW', 'CLEAR', '6.0', '1.020', 'Trace', 'Negative', '1-2', '3-5', 'N/A', 'Moderate', 'Rare', 'N/A', 'N/A', 'PROTEINURIA', '', '', '', '', '', '', '', 5, 6, 4, '2019-02-26 14:49:25', '2019-02-26 16:47:45'),
(112, 184, 194, 'DARK BROWN', 'SEMI-FORMED', 'NO INTESTINAL PARASITE SEEN', 'NORMAL', 'YELLOW', 'CLEAR', '6.0', '1.015', 'Negative', 'Negative', '0-2', '1-3', 'NONE', 'Rare', 'Rare', 'NONE', 'NONE', 'NORMAL', '', '', '', '', '', '', 'N/A', 5, 6, 4, '2019-02-26 16:23:31', '0000-00-00 00:00:00'),
(113, 185, 195, 'DARK BROWN', 'FORMED', 'NO INTESTINAL PARASITE SEEN', 'NORMAL', 'YELLOW', 'CLEAR', '6.0', '1.015', 'Negative', 'Negative', '0-2', '4-6', 'NONE', 'Few', 'Few', 'NONE', 'NONE', 'NORMAL', '', '', '', '', '', '', 'N/A', 5, 6, 4, '2019-02-26 16:25:44', '0000-00-00 00:00:00'),
(114, 187, 196, 'DARK BROWN', 'FORMED', 'NO INTESTINAL PARASITE SEEN', 'NORMAL', 'LIGHT YELLOW', 'CLEAR', '7.5', '1.010', 'Negative', 'Negative', '1-2', '4-6', 'NONE', 'Few', 'Moderate', 'NONE', 'NONE', 'NORMAL', '', '', '', '', '', '', 'N/A', 5, 6, 4, '2019-02-26 16:29:21', '0000-00-00 00:00:00'),
(115, 180, 190, 'N/A', 'N/A', 'N/A', '', 'YELLOW', 'HAZY', '6.0', '1.010', 'Negative', 'Negative', '1-2', '5-6', 'NONE', 'Moderate', 'Rare', 'NONE', 'NONE', 'NORMAL', '', '', '', '', '', '', 'N/A', 5, 2, 4, '2019-02-26 16:36:26', '0000-00-00 00:00:00'),
(116, 182, 193, 'DARK BROWN', 'SOFT', 'NO INTESTINAL PARASITE SEEN', 'NORMAL', 'YELLOW', 'HAZY', '6.0', '1.015', 'Trace', 'Negative', '20-23', '2-4', 'Few', 'Many', 'Rare', 'NONE', 'Few', 'HEMATURIA, PROTEINURIA', '', '', '', '', '', '', 'N/A', 5, 6, 4, '2019-02-26 16:42:14', '2019-02-26 16:47:26'),
(117, 167, 182, 'DARK BROWN', 'SEMI-FORMED', 'NO INTESTINAL PARASITE SEEN', 'NORMAL', 'YELLOW', 'SL. TURBID', '6.0', '1.015', 'Trace', 'Negative', '2-4', '7-9', 'NONE', 'Moderate', 'Moderate', 'NONE', 'NONE', 'PROTEINURIA', '', '', '', '', '', '', 'N/A', 5, 2, 4, '2019-02-26 16:46:25', '0000-00-00 00:00:00'),
(118, 164, 179, 'DARK BROWN', 'SEMI-FORMED', 'NO INTESTINAL PARASITE SEEN', 'NORMAL', 'YELLOW', 'SL. TURBID', '6.0', '1.015', 'Trace', 'Negative', '2-4', '4-6', 'Few', 'Moderate', 'Moderate', 'NONE', 'NONE', 'PROTEINURIA', '', '', '', '', '', '', 'N/A', 5, 2, 4, '2019-02-26 16:48:50', '0000-00-00 00:00:00'),
(119, 183, 192, 'DARK BROWN', 'SEMI FORMED', 'NO INTESTINAL PARASITE SEEN', 'NORMAL', 'YELLOW', 'CLEAR', '6.0', '1.010', 'Negative', 'Negative', '1-2', '2-4', 'NONE', 'Rare', 'Rare', 'NONE', 'NONE', 'NORMAL', '', '', '', '', '', '', 'N/A', 5, 2, 4, '2019-02-26 16:52:58', '2019-02-27 16:34:24'),
(120, 157, 166, 'DARK BROWN', 'FORMED', 'NO INTESTINAL PARASITE SEEN', 'NORMAL', 'LIGHT YELLOW', 'CLEAR', '6.0', '1.005', 'Negative', 'Negative', '0-2', '2-4', 'NONE', 'Rare', 'Rare', 'NONE', 'NONE', 'NORMAL', '', '', '', '', '', '', 'N/A', 5, 1, 1, '2019-02-27 08:45:37', '0000-00-00 00:00:00'),
(121, 188, 198, 'DARK BROWN', 'SEMI- FORMED', 'NO INTESTINAL PARASITE SEEN', 'NORMAL', 'YELLOW', 'CLEAR', '5.0', '1.010', 'Negative', 'Negative', '1-2', '1-2', 'NONE', 'Rare', 'Rare', 'NONE', 'NONE', 'NORMAL', '', '', '', '', '', '', 'N/A', 5, 2, 4, '2019-02-27 11:25:44', '2019-02-27 15:52:54'),
(122, 193, 203, 'LIGHT BROWN', 'SOFT', 'NO INTESTINAL PARASITE SEEN', 'NORMAL', 'DARK YELLOW', 'CLEAR', '5.0', '1.030', '1+', 'Negative', '1-3', '1-3', 'NONE', 'Rare', 'Rare', 'NONE', 'NONE', 'PROTEINURIA', '', '', '', '', '', '', 'N/A', 5, 2, 4, '2019-02-27 11:42:40', '2019-02-27 13:44:59'),
(123, 189, 199, 'LIGHT BROWN', 'SEMI-FORMED', 'NO INTESTINAL PARASITE SEEN', 'NORMAL', 'YELLOW', 'CLEAR', '6.0', '1.010', 'Negative', 'Negative', '2-4', '0-2', 'NONE', 'Rare', 'Few', 'NONE', 'NONE', 'NORMAL', '', '', '', '', '', '', 'N/A', 5, 1, 4, '2019-02-27 12:36:56', '0000-00-00 00:00:00'),
(124, 194, 204, 'DARK BROWN', 'FORMED', 'NO INTESTINAL PARASITE SEEN', 'NORMAL', 'YELLOW', 'CLEAR', '7.5', '1.010', 'Negative', 'Negative', '0-2', '0-2', 'NONE', 'Rare', 'Rare', 'NONE', 'NONE', 'NORMAL', '', '', '', '', '', '', 'N/A', 5, 1, 4, '2019-02-27 12:55:15', '0000-00-00 00:00:00'),
(125, 191, 201, 'DARK BROWN', 'FORMED', 'NO INTESTINAL PARASITE SEEN', 'NORMAL', 'YELLOW', 'CLEAR', '6.0', '1.015', 'Negative', 'Negative', '0-2', '0-2', 'NONE', 'Rare', 'Few', 'NONE', 'NONE', 'NORMAL', '', '', '', '', '', '', 'N/A', 5, 1, 4, '2019-02-27 13:04:00', '0000-00-00 00:00:00'),
(126, 190, 200, 'LIGHT BROWN', 'FORMED', 'NO INTESTINAL PARASITE SEEN', 'NORMAL', 'YELLOW', 'CLEAR', '5.0', '1.005', 'Negative', 'Negative', '0-2', '1-3', 'NONE', 'Rare', 'Moderate', 'NONE', 'NONE', 'NORMAL', '', '', '', '', '', '', 'NEGATIVE', 5, 1, 4, '2019-02-27 13:08:32', '0000-00-00 00:00:00'),
(127, 195, 205, 'DARK BROWN', 'FORMED', 'NO INTESTINAL PARASITE SEEN', 'NORMAL', 'YELLOW', 'CLEAR', '5.0', '1.010', 'Negative', 'Negative', '1-2', '1-2', 'NONE', 'Rare', 'Rare', 'NONE', 'NONE', 'NORMAL', '', '', '', '', '', '', 'N/A', 5, 6, 2, '2019-02-27 13:23:30', '0000-00-00 00:00:00');

-- --------------------------------------------------------

--
-- Table structure for table `lab_personnel`
--

CREATE TABLE `lab_personnel` (
  `personnelID` int(11) NOT NULL,
  `FirstName` varchar(255) NOT NULL,
  `MiddleName` varchar(255) NOT NULL,
  `LastName` varchar(255) NOT NULL,
  `LicenseNO` varchar(255) NOT NULL,
  `Position` varchar(255) NOT NULL,
  `PositionEXT` varchar(255) NOT NULL
) ENGINE=InnoDB DEFAULT CHARSET=latin1;

--
-- Dumping data for table `lab_personnel`
--

INSERT INTO `lab_personnel` (`personnelID`, `FirstName`, `MiddleName`, `LastName`, `LicenseNO`, `Position`, `PositionEXT`) VALUES
(1, 'KYLE MARTIN', 'S.', 'CANLAS', '0090169', 'MEDICAL TECHNOLOGIST', 'RMT'),
(2, 'JUSTIN', 'C.', 'CALARA', '0090255', 'MEDICAL TECHNOLOGIST', 'RMT'),
(4, 'EDWARD', 'S.', 'AGUSTIN', '0748084', 'QUALITY CONTROL', 'RN'),
(5, 'EMILIANO', '', 'DELA CRUZ', '0073345', 'PATHOLOGIST', 'MD'),
(6, 'KATRINA CAMILLE', 'G.', 'GAMUTAN', '0075548', 'MEDICAL TECHNOLOGIST', 'RMT');

-- --------------------------------------------------------

--
-- Table structure for table `lab_serology`
--

CREATE TABLE `lab_serology` (
  `seroID` int(15) NOT NULL,
  `TransactionID` int(15) NOT NULL,
  `PatientID` int(15) NOT NULL,
  `HBsAG` varchar(255) NOT NULL,
  `AntiHav` varchar(255) NOT NULL,
  `SeroOt` varchar(255) NOT NULL,
  `PathID` int(15) NOT NULL,
  `MedID` int(15) NOT NULL,
  `QualityID` int(15) NOT NULL,
  `CreationDate` datetime NOT NULL,
  `DateUpdate` datetime NOT NULL
) ENGINE=InnoDB DEFAULT CHARSET=latin1;

--
-- Dumping data for table `lab_serology`
--

INSERT INTO `lab_serology` (`seroID`, `TransactionID`, `PatientID`, `HBsAG`, `AntiHav`, `SeroOt`, `PathID`, `MedID`, `QualityID`, `CreationDate`, `DateUpdate`) VALUES
(1, 5, 2, 'NONREACTIVE', '', '', 5, 1, 2, '2019-02-18 15:40:43', '2019-02-27 14:32:50'),
(2, 54, 49, 'N/A', '', '', 5, 1, 4, '2019-02-19 10:36:13', '2019-02-22 13:28:24'),
(3, 52, 48, 'N/A', '', '', 5, 1, 1, '2019-02-19 13:23:47', '2019-02-19 13:39:21'),
(4, 56, 51, 'N/A', '', '', 5, 1, 1, '2019-02-19 13:25:46', '2019-02-19 13:40:17'),
(5, 55, 52, 'N/A', '', '', 5, 1, 1, '2019-02-19 13:27:24', '2019-02-19 13:40:52'),
(6, 58, 53, 'N/A', '', '', 5, 1, 1, '2019-02-19 13:28:53', '2019-02-19 13:41:40'),
(7, 57, 50, 'N/A', '', '', 5, 1, 1, '2019-02-19 13:30:33', '2019-02-19 13:42:07'),
(8, 60, 55, 'N/A', '', '', 5, 1, 4, '2019-02-19 14:41:50', '0000-00-00 00:00:00'),
(9, 67, 62, 'N/A', '', '', 5, 1, 4, '2019-02-20 09:50:50', '0000-00-00 00:00:00'),
(10, 74, 68, 'N/A', '', '', 5, 1, 4, '2019-02-20 09:52:06', '2019-02-22 13:28:47'),
(11, 64, 59, 'N/A', '', '', 5, 1, 4, '2019-02-20 09:53:44', '0000-00-00 00:00:00'),
(12, 68, 63, 'N/A', '', '', 5, 1, 4, '2019-02-20 09:55:39', '0000-00-00 00:00:00'),
(13, 63, 58, 'N/A', '', '', 5, 1, 4, '2019-02-20 09:57:45', '0000-00-00 00:00:00'),
(14, 69, 64, 'N/A', '', '', 5, 1, 4, '2019-02-20 09:59:21', '0000-00-00 00:00:00'),
(15, 73, 67, 'N/A', '', '', 5, 1, 4, '2019-02-20 10:01:09', '0000-00-00 00:00:00'),
(16, 79, 73, 'N/A', '', '', 5, 1, 4, '2019-02-20 10:18:14', '0000-00-00 00:00:00'),
(17, 81, 74, 'N/A', '', '', 5, 1, 4, '2019-02-20 10:28:25', '0000-00-00 00:00:00'),
(18, 65, 60, 'N/A', '', '', 5, 1, 4, '2019-02-20 10:29:53', '0000-00-00 00:00:00'),
(19, 78, 72, 'N/A', '', '', 5, 1, 4, '2019-02-20 10:31:06', '0000-00-00 00:00:00'),
(20, 70, 65, 'N/A', '', '', 5, 1, 4, '2019-02-20 10:34:00', '0000-00-00 00:00:00'),
(21, 75, 69, 'N/A', '', '', 5, 1, 4, '2019-02-20 10:36:44', '0000-00-00 00:00:00'),
(22, 62, 57, 'N/A', '', '', 5, 1, 4, '2019-02-20 10:38:14', '0000-00-00 00:00:00'),
(23, 80, 75, 'N/A', '', '', 5, 1, 4, '2019-02-20 10:39:23', '0000-00-00 00:00:00'),
(24, 66, 61, 'N/A', '', '', 5, 1, 4, '2019-02-20 10:41:42', '0000-00-00 00:00:00'),
(25, 76, 70, 'N/A', '', '', 5, 1, 4, '2019-02-20 10:42:50', '0000-00-00 00:00:00'),
(26, 71, 66, 'N/A', '', '', 5, 1, 4, '2019-02-20 10:44:36', '0000-00-00 00:00:00'),
(27, 77, 71, 'N/A', '', '', 5, 1, 4, '2019-02-20 10:45:49', '0000-00-00 00:00:00'),
(28, 83, 77, 'N/A', '', '', 5, 1, 4, '2019-02-20 12:12:53', '0000-00-00 00:00:00'),
(29, 82, 76, 'N/A', '', '', 5, 1, 4, '2019-02-20 12:14:11', '0000-00-00 00:00:00'),
(30, 84, 78, 'N/A', '', '', 5, 2, 4, '2019-02-20 14:39:28', '0000-00-00 00:00:00'),
(31, 88, 82, 'N/A', '', '', 5, 2, 4, '2019-02-20 16:19:17', '2019-02-20 16:19:24'),
(32, 86, 80, 'N/A', '', '', 5, 2, 4, '2019-02-20 16:20:27', '0000-00-00 00:00:00'),
(33, 87, 81, 'N/A', '', '', 5, 2, 4, '2019-02-20 16:22:18', '0000-00-00 00:00:00'),
(34, 85, 79, 'N/A', '', '', 5, 2, 4, '2019-02-20 16:23:38', '0000-00-00 00:00:00'),
(35, 93, 87, 'N/A', '', '', 5, 6, 4, '2019-02-21 08:52:06', '0000-00-00 00:00:00'),
(36, 90, 85, 'N/A', '', '', 5, 6, 4, '2019-02-21 08:53:10', '0000-00-00 00:00:00'),
(37, 92, 86, 'N/A', '', '', 5, 6, 4, '2019-02-21 08:54:26', '0000-00-00 00:00:00'),
(38, 89, 83, 'N/A', '', '', 5, 6, 4, '2019-02-21 08:55:28', '0000-00-00 00:00:00'),
(39, 95, 89, 'N/A', '', '', 5, 6, 4, '2019-02-21 08:56:33', '0000-00-00 00:00:00'),
(40, 94, 88, 'N/A', '', '', 5, 6, 4, '2019-02-21 08:57:42', '0000-00-00 00:00:00'),
(41, 91, 84, 'N/A', '', '', 5, 6, 4, '2019-02-21 08:58:37', '0000-00-00 00:00:00'),
(42, 96, 90, 'N/A', '', '', 5, 2, 4, '2019-02-21 09:01:28', '0000-00-00 00:00:00'),
(43, 102, 96, 'N/A', '', '', 5, 2, 4, '2019-02-21 09:27:17', '0000-00-00 00:00:00'),
(44, 101, 95, 'N/A', '', '', 5, 2, 4, '2019-02-21 09:28:27', '0000-00-00 00:00:00'),
(45, 99, 93, 'N/A', '', '', 5, 2, 4, '2019-02-21 09:29:58', '2019-02-22 13:26:48'),
(46, 97, 91, 'N/A', '', '', 5, 2, 4, '2019-02-21 10:14:36', '0000-00-00 00:00:00'),
(47, 100, 94, 'N/A', '', '', 5, 2, 4, '2019-02-21 10:18:00', '2019-02-22 13:29:23'),
(48, 98, 92, 'N/A', '', '', 5, 2, 4, '2019-02-21 10:26:58', '2019-02-21 10:28:04'),
(49, 103, 97, 'N/A', '', '', 5, 2, 4, '2019-02-21 10:31:43', '0000-00-00 00:00:00'),
(50, 104, 98, 'N/A', '', '', 5, 2, 4, '2019-02-21 10:34:21', '0000-00-00 00:00:00'),
(51, 105, 99, 'N/A', '', '', 5, 2, 4, '2019-02-21 10:40:28', '0000-00-00 00:00:00'),
(52, 106, 100, 'N/A', '', '', 5, 2, 4, '2019-02-21 11:44:08', '0000-00-00 00:00:00'),
(53, 107, 101, 'N/A', '', '', 5, 2, 4, '2019-02-22 07:48:43', '0000-00-00 00:00:00'),
(54, 108, 102, 'N/A', '', '', 5, 2, 4, '2019-02-22 07:49:50', '0000-00-00 00:00:00'),
(55, 112, 105, 'N/A', '', '', 5, 2, 4, '2019-02-22 10:17:23', '0000-00-00 00:00:00'),
(56, 109, 103, 'N/A', '', '', 5, 2, 4, '2019-02-22 12:54:16', '0000-00-00 00:00:00'),
(57, 115, 109, 'N/A', '', '', 5, 2, 4, '2019-02-22 12:55:26', '2019-02-22 13:25:56'),
(58, 111, 106, 'N/A', '', '', 5, 2, 4, '2019-02-22 12:56:54', '0000-00-00 00:00:00'),
(59, 110, 104, 'N/A', '', '', 5, 2, 4, '2019-02-22 12:58:03', '0000-00-00 00:00:00'),
(60, 113, 107, 'N/A', '', '', 5, 2, 4, '2019-02-22 12:59:01', '0000-00-00 00:00:00'),
(61, 117, 111, 'N/A', '', '', 5, 2, 4, '2019-02-22 13:00:25', '0000-00-00 00:00:00'),
(62, 118, 112, 'N/A', '', '', 5, 6, 4, '2019-02-22 13:02:42', '0000-00-00 00:00:00'),
(63, 119, 113, 'NONREACTIVE', '', 'NORMAL', 5, 2, 4, '2019-02-22 13:42:18', '2019-02-26 09:55:19'),
(64, 116, 110, 'NONREACTIVE', '', 'NORMAL', 5, 2, 4, '2019-02-22 13:44:36', '2019-02-23 15:46:01'),
(65, 120, 114, 'N/A', '', '', 5, 2, 4, '2019-02-22 14:23:56', '2019-02-22 15:45:36'),
(66, 121, 115, 'N/A', '', '', 5, 2, 4, '2019-02-22 16:26:05', '2019-02-22 16:36:22'),
(67, 131, 125, 'N/A', '', '', 5, 2, 4, '2019-02-23 11:16:16', '2019-02-25 16:49:19'),
(68, 129, 123, 'N/A', '', '', 5, 2, 4, '2019-02-23 11:18:11', '0000-00-00 00:00:00'),
(69, 130, 124, 'N/A', '', '', 5, 2, 4, '2019-02-23 11:28:16', '0000-00-00 00:00:00'),
(70, 128, 122, 'N/A', '', '', 5, 2, 4, '2019-02-23 11:30:41', '0000-00-00 00:00:00'),
(71, 133, 127, 'N/A', '', '', 5, 6, 4, '2019-02-23 13:28:59', '0000-00-00 00:00:00'),
(72, 132, 128, 'N/A', '', '', 5, 2, 4, '2019-02-23 13:37:10', '0000-00-00 00:00:00'),
(73, 134, 130, 'N/A', '', '', 5, 2, 4, '2019-02-23 15:44:53', '0000-00-00 00:00:00'),
(74, 135, 131, 'NONREACTIVE', '', 'NORMAL', 5, 6, 4, '2019-02-25 09:28:25', '2019-02-26 14:14:39'),
(75, 139, 146, 'NONREACTIVE', '', 'NORMAL', 5, 2, 4, '2019-02-25 12:02:24', '2019-02-26 15:41:23'),
(76, 138, 145, 'NONREACTIVE', '', 'NORMAL', 5, 6, 4, '2019-02-25 12:06:44', '2019-02-27 15:12:07'),
(77, 136, 138, 'NONREACTIVE', '', 'NORMAL', 5, 6, 4, '2019-02-25 12:48:51', '2019-02-25 13:22:44'),
(78, 140, 147, 'N/A', '', '', 5, 2, 4, '2019-02-25 13:58:51', '2019-02-25 13:58:55'),
(79, 146, 158, 'N/A', '', '', 5, 2, 4, '2019-02-25 14:31:14', '2019-02-25 14:31:20'),
(80, 145, 157, 'N/A', '', '', 5, 6, 4, '2019-02-25 15:59:30', '0000-00-00 00:00:00'),
(81, 151, 164, 'N/A', '', '', 5, 2, 4, '2019-02-26 12:50:15', '0000-00-00 00:00:00'),
(82, 153, 167, 'N/A', '', '', 5, 2, 4, '2019-02-26 13:18:26', '0000-00-00 00:00:00'),
(83, 165, 180, 'N/A', '', '', 5, 2, 4, '2019-02-26 13:19:04', '0000-00-00 00:00:00'),
(84, 156, 171, 'N/A', '', '', 5, 2, 4, '2019-02-26 13:20:37', '0000-00-00 00:00:00'),
(85, 161, 176, 'NONREACTIVE', '', 'NORMAL', 5, 2, 4, '2019-02-26 13:23:15', '0000-00-00 00:00:00'),
(86, 162, 177, 'NONREACTIVE', '', 'NORMAL', 5, 2, 4, '2019-02-26 13:24:27', '0000-00-00 00:00:00'),
(87, 163, 178, 'NONREACTIVE', '', 'NORMAL', 5, 2, 4, '2019-02-26 13:25:20', '0000-00-00 00:00:00'),
(88, 150, 163, 'N/A', '', '', 5, 2, 4, '2019-02-26 13:27:04', '0000-00-00 00:00:00'),
(89, 155, 170, 'N/A', '', '', 5, 2, 4, '2019-02-26 13:28:25', '0000-00-00 00:00:00'),
(90, 159, 173, 'NONREACTIVE', '', 'NORMAL', 5, 2, 4, '2019-02-26 13:30:22', '0000-00-00 00:00:00'),
(91, 160, 174, 'NONREACTIVE', '', 'NORMAL', 5, 2, 4, '2019-02-26 13:31:51', '2019-02-26 14:00:01'),
(92, 154, 169, 'NONREACTIVE', '', 'NORMAL', 5, 2, 4, '2019-02-26 13:33:01', '0000-00-00 00:00:00'),
(93, 184, 194, 'N/A', '', '', 5, 6, 4, '2019-02-26 16:23:31', '0000-00-00 00:00:00'),
(94, 185, 195, 'NONREACTIVE', '', 'NORMAL', 5, 6, 4, '2019-02-26 16:25:44', '0000-00-00 00:00:00'),
(95, 187, 196, 'NONREACTIVE', '', 'NORMAL', 5, 6, 4, '2019-02-26 16:29:21', '0000-00-00 00:00:00'),
(96, 180, 190, 'NONREACTIVE', '', 'NORMAL', 5, 2, 4, '2019-02-26 16:36:26', '0000-00-00 00:00:00'),
(97, 178, 188, '', '', '', 5, 6, 4, '2019-02-26 16:40:58', '2019-02-26 16:47:45'),
(98, 182, 193, 'N/A', '', '', 5, 6, 4, '2019-02-26 16:42:14', '2019-02-26 16:47:26'),
(99, 167, 182, 'N/A', '', '', 5, 2, 4, '2019-02-26 16:46:25', '0000-00-00 00:00:00'),
(100, 164, 179, 'NONREACTIVE', '', 'NORMAL', 5, 2, 4, '2019-02-26 16:48:50', '0000-00-00 00:00:00'),
(101, 183, 192, 'NONREACTIVE', '', 'NORMAL', 5, 2, 4, '2019-02-26 16:52:58', '2019-02-27 16:34:24'),
(102, 171, 183, '', '', '', 5, 2, 4, '2019-02-27 08:43:35', '2019-02-27 08:43:49'),
(103, 157, 166, 'N/A', '', '', 5, 1, 1, '2019-02-27 08:45:37', '0000-00-00 00:00:00'),
(108, 188, 198, 'N/A', '', '', 5, 2, 4, '2019-02-27 11:25:44', '2019-02-27 15:52:54'),
(109, 193, 203, 'N/A', '', '', 5, 2, 4, '2019-02-27 11:42:40', '2019-02-27 13:44:59'),
(110, 189, 199, 'NONREACTIVE', '', 'NORMAL', 5, 1, 4, '2019-02-27 12:36:56', '0000-00-00 00:00:00'),
(111, 194, 204, 'N/A', '', '', 5, 1, 4, '2019-02-27 12:55:15', '0000-00-00 00:00:00'),
(112, 191, 201, 'NONREACTIVE', '', 'NORMAL', 5, 1, 4, '2019-02-27 13:04:00', '0000-00-00 00:00:00'),
(113, 190, 200, 'NONREACTIVE', '', 'NORMAL', 5, 1, 4, '2019-02-27 13:08:32', '0000-00-00 00:00:00'),
(114, 195, 205, 'NONREACTIVE', '', 'NORMAL', 5, 6, 2, '2019-02-27 13:23:30', '0000-00-00 00:00:00');

-- --------------------------------------------------------

--
-- Table structure for table `lab_toxicology`
--

CREATE TABLE `lab_toxicology` (
  `toxicID` int(15) NOT NULL,
  `TransactionID` int(15) NOT NULL,
  `PatientID` int(15) NOT NULL,
  `Meth` varchar(255) NOT NULL,
  `Tetra` varchar(255) NOT NULL,
  `Drugtest` varchar(255) NOT NULL,
  `PathID` int(15) NOT NULL,
  `MedID` int(15) NOT NULL,
  `QualityID` int(15) NOT NULL,
  `CreationDate` datetime NOT NULL,
  `DateUpdate` datetime NOT NULL
) ENGINE=InnoDB DEFAULT CHARSET=latin1;

--
-- Dumping data for table `lab_toxicology`
--

INSERT INTO `lab_toxicology` (`toxicID`, `TransactionID`, `PatientID`, `Meth`, `Tetra`, `Drugtest`, `PathID`, `MedID`, `QualityID`, `CreationDate`, `DateUpdate`) VALUES
(2, 136, 138, 'NEGATIVE', 'NEGATIVE', 'NEGATIVE', 5, 6, 4, '2019-02-25 13:22:44', '0000-00-00 00:00:00'),
(3, 140, 147, 'NEGATIVE', 'NEGATIVE', 'NEGATIVE', 5, 2, 4, '2019-02-25 13:58:51', '2019-02-25 13:58:55'),
(4, 131, 125, '', '', '', 5, 2, 4, '2019-02-25 16:49:19', '0000-00-00 00:00:00'),
(5, 119, 113, 'Negative', 'Negative', 'Negative', 5, 2, 4, '2019-02-26 09:55:19', '0000-00-00 00:00:00'),
(6, 156, 171, 'NEGATIVE', 'NEGATIVE', 'NEGATIVE', 5, 2, 4, '2019-02-26 13:20:37', '0000-00-00 00:00:00'),
(7, 161, 176, 'NEGATIVE', 'NEGATIVE', 'NEGATIVE', 5, 2, 4, '2019-02-26 13:23:15', '0000-00-00 00:00:00'),
(8, 162, 177, 'NEGATIVE', 'NEGATIVE', 'NEGATIVE', 5, 2, 4, '2019-02-26 13:24:27', '0000-00-00 00:00:00'),
(9, 163, 178, 'NEGATIVE', 'NEGATIVE', 'NEGATIVE', 5, 2, 4, '2019-02-26 13:25:20', '0000-00-00 00:00:00'),
(10, 159, 173, 'NEGATIVE', 'NEGATIVE', 'NEGATIVE', 5, 2, 4, '2019-02-26 13:30:22', '0000-00-00 00:00:00'),
(11, 160, 174, 'NEGATIVE', 'NEGATIVE', 'NEGATIVE', 5, 2, 4, '2019-02-26 13:31:51', '2019-02-26 14:00:01'),
(12, 154, 169, 'NEGATIVE', 'NEGATIVE', 'NEGATIVE', 5, 2, 4, '2019-02-26 13:33:01', '0000-00-00 00:00:00'),
(13, 135, 131, 'Negative', 'Negative', 'Negative', 5, 6, 4, '2019-02-26 14:11:25', '2019-02-26 14:14:39'),
(14, 139, 146, 'Negative', 'Negative', 'Negative', 5, 2, 4, '2019-02-26 15:41:23', '0000-00-00 00:00:00'),
(15, 185, 195, 'NEGATIVE', 'NEGATIVE', 'NEGATIVE', 5, 6, 4, '2019-02-26 16:25:44', '0000-00-00 00:00:00'),
(16, 187, 196, 'NEGATIVE', 'NEGATIVE', 'NEGATIVE', 5, 6, 4, '2019-02-26 16:29:21', '0000-00-00 00:00:00'),
(17, 178, 188, '', '', '', 5, 6, 4, '2019-02-26 16:40:58', '2019-02-26 16:47:45'),
(18, 182, 193, '', '', '', 5, 6, 4, '2019-02-26 16:47:26', '0000-00-00 00:00:00'),
(19, 164, 179, 'NEGATIVE', 'NEGATIVE', 'NEGATIVE', 5, 2, 4, '2019-02-26 16:48:50', '0000-00-00 00:00:00'),
(20, 183, 192, 'NEGATIVE', 'NEGATIVE', 'NEGATIVE', 5, 2, 4, '2019-02-26 16:52:58', '2019-02-27 16:34:24'),
(21, 171, 183, 'NEGATIVE', 'NEGATIVE', 'NEGATIVE', 5, 2, 4, '2019-02-27 08:43:35', '2019-02-27 08:43:49'),
(24, 188, 198, 'NEGATIVE', 'NEGATIVE', 'NEGATIVE', 5, 2, 4, '2019-02-27 11:25:44', '2019-02-27 15:52:54'),
(25, 193, 203, 'NEGATIVE', 'NEGATIVE', 'NEGATIVE', 5, 2, 4, '2019-02-27 11:42:40', '2019-02-27 13:44:59'),
(26, 189, 199, 'NEGATIVE', 'NEGATIVE', 'NEGATIVE', 5, 1, 4, '2019-02-27 12:36:56', '0000-00-00 00:00:00'),
(27, 191, 201, 'NEGATIVE', 'NEGATIVE', 'NEGATIVE', 5, 1, 4, '2019-02-27 13:04:00', '0000-00-00 00:00:00'),
(28, 190, 200, 'NEGATIVE', 'NEGATIVE', 'NEGATIVE', 5, 1, 4, '2019-02-27 13:08:32', '0000-00-00 00:00:00'),
(29, 195, 205, 'NEGATIVE', 'NEGATIVE', 'NEGATIVE', 5, 6, 2, '2019-02-27 13:23:30', '0000-00-00 00:00:00'),
(33, 5, 2, '', '', '', 5, 1, 2, '2019-02-27 14:28:01', '2019-02-27 14:32:50'),
(34, 138, 145, 'NEGATIVE', 'NEGATIVE', 'NEGATIVE', 5, 6, 4, '2019-02-27 15:12:07', '0000-00-00 00:00:00');

-- --------------------------------------------------------

--
-- Table structure for table `print_count`
--

CREATE TABLE `print_count` (
  `PrintID` int(20) NOT NULL,
  `TransactionID` int(30) NOT NULL,
  `PatientID` int(30) NOT NULL,
  `PrintCount` int(30) NOT NULL DEFAULT '1',
  `Test` varchar(255) NOT NULL
) ENGINE=InnoDB DEFAULT CHARSET=latin1;

--
-- Dumping data for table `print_count`
--

INSERT INTO `print_count` (`PrintID`, `TransactionID`, `PatientID`, `PrintCount`, `Test`) VALUES
(1, 9, 6, 2, 'MICROSCOPY'),
(2, 13, 10, 1, 'MICROSCOPY'),
(3, 18, 15, 6, 'HEMATOLOGY'),
(4, 20, 17, 9, 'MICROSCOPY'),
(5, 21, 18, 15, 'CHEMISTRY'),
(6, 23, 20, 3, 'HEMATOLOGY'),
(7, 24, 21, 3, 'HEMATOLOGY'),
(8, 24, 21, 2, 'MICROSCOPY'),
(9, 23, 20, 2, 'MICROSCOPY'),
(10, 4, 1, 7, 'MICROSCOPY'),
(11, 26, 23, 1, 'MICROSCOPY'),
(12, 42, 38, 1, 'HEMATOLOGY'),
(13, 42, 38, 1, 'MICROSCOPY'),
(14, 28, 24, 1, 'MICROSCOPY'),
(15, 28, 24, 1, 'CHEMISTRY'),
(16, 43, 39, 1, 'HEMATOLOGY'),
(17, 44, 40, 1, 'HEMATOLOGY'),
(18, 45, 41, 1, 'CHEMISTRY'),
(19, 44, 40, 1, 'CHEMISTRY'),
(20, 46, 42, 1, 'MICROSCOPY'),
(21, 46, 42, 1, 'CHEMISTRY'),
(22, 142, 153, 1, 'MICROSCOPY'),
(23, 144, 156, 2, 'MICROSCOPY'),
(24, 171, 183, 2, 'MICROSCOPY'),
(25, 177, 187, 1, 'MICROSCOPY'),
(26, 177, 187, 1, 'HEMATOLOGY'),
(27, 181, 191, 2, 'MICROSCOPY');

-- --------------------------------------------------------

--
-- Table structure for table `qpd_class`
--

CREATE TABLE `qpd_class` (
  `ClassID` int(13) NOT NULL,
  `TransactionID` int(13) UNSIGNED ZEROFILL NOT NULL,
  `PatientID` int(13) NOT NULL,
  `MedicalClass` varchar(255) NOT NULL,
  `Notes` varchar(255) NOT NULL,
  `QC` varchar(255) NOT NULL,
  `QCLicense` int(22) NOT NULL,
  `CreationDate` date NOT NULL
) ENGINE=InnoDB DEFAULT CHARSET=latin1;

--
-- Dumping data for table `qpd_class`
--

INSERT INTO `qpd_class` (`ClassID`, `TransactionID`, `PatientID`, `MedicalClass`, `Notes`, `QC`, `QCLicense`, `CreationDate`) VALUES
(4, 0000000000058, 53, 'CLASS A - Physically Fit', '', '', 0, '2019-02-20'),
(5, 0000000000052, 48, 'CLASS A - Physically Fit', '', '', 0, '2019-02-20'),
(6, 0000000000054, 49, 'CLASS B - Physically Fit but with minor condition curable within a short period of time, that will not adversely affect the workers efficiency', 'PROTEINURIA', '', 0, '2019-02-20'),
(7, 0000000000056, 51, 'CLASS A - Physically Fit', '', '', 0, '2019-02-20'),
(8, 0000000000057, 50, 'CLASS B - Physically Fit but with minor condition curable within a short period of time, that will not adversely affect the workers efficiency', 'HYPERTENSION, PROTEINURIA', '', 0, '2019-02-20'),
(9, 0000000000055, 52, 'CLASS A - Physically Fit', '', '', 0, '2019-02-20'),
(10, 0000000000062, 57, 'Pending - These are cases that are equivocal as to the classification and are being evaluated further. After a certain period of time these cases will be classified whether fit or unfit fot employment', 'NO STOOL', '', 0, '2019-02-21'),
(11, 0000000000063, 58, 'CLASS A - Physically Fit', '', '', 0, '2019-02-21'),
(12, 0000000000060, 55, 'CLASS B - Physically Fit but with minor condition curable within a short period of time, that will not adversely affect the workers efficiency', 'PROTEINURIA', '', 0, '2019-02-21'),
(13, 0000000000065, 60, 'CLASS A - Physically Fit', '', '', 0, '2019-02-21'),
(14, 0000000000064, 59, 'Pending - These are cases that are equivocal as to the classification and are being evaluated further. After a certain period of time these cases will be classified whether fit or unfit fot employment', 'NO STOOL', '', 0, '2019-02-21'),
(15, 0000000000067, 62, 'CLASS B - Physically Fit but with minor condition curable within a short period of time, that will not adversely affect the workers efficiency', 'GLUCOSURIA', '', 0, '2019-02-21'),
(16, 0000000000068, 63, 'CLASS A - Physically Fit', '', '', 0, '2019-02-21'),
(17, 0000000000069, 64, 'CLASS B - Physically Fit but with minor condition curable within a short period of time, that will not adversely affect the workers efficiency', 'UTI', '', 0, '2019-02-21'),
(18, 0000000000070, 65, 'Pending - These are cases that are equivocal as to the classification and are being evaluated further. After a certain period of time these cases will be classified whether fit or unfit fot employment', 'NO STOOL', '', 0, '2019-02-21'),
(19, 0000000000071, 66, 'CLASS A - Physically Fit', '', '', 0, '2019-02-21'),
(20, 0000000000066, 61, 'CLASS A - Physically Fit', '', '', 0, '2019-02-21'),
(21, 0000000000073, 67, 'CLASS B - Physically Fit but with minor condition curable within a short period of time, that will not adversely affect the workers efficiency', 'CONSIDER SCOLIOSIS.', '', 0, '2019-02-21'),
(22, 0000000000074, 68, 'CLASS A - Physically Fit', '', '', 0, '2019-02-25'),
(23, 0000000000075, 69, 'CLASS A - Physically Fit', '', '', 0, '2019-02-21'),
(24, 0000000000076, 70, 'CLASS A - Physically Fit', '', '', 0, '2019-02-21'),
(25, 0000000000077, 71, 'CLASS A - Physically Fit', '', '', 0, '2019-02-21'),
(26, 0000000000078, 72, 'CLASS A - Physically Fit', '', '', 0, '2019-02-21'),
(27, 0000000000079, 73, 'CLASS A - Physically Fit', '', '', 0, '2019-02-21'),
(28, 0000000000080, 75, 'CLASS A - Physically Fit', '', '', 0, '2019-02-21'),
(29, 0000000000081, 74, 'CLASS B - Physically Fit but with minor condition curable within a short period of time, that will not adversely affect the workers efficiency', 'UTI', '', 0, '2019-02-21'),
(30, 0000000000082, 76, 'CLASS A - Physically Fit', '', '', 0, '2019-02-21'),
(31, 0000000000083, 77, 'CLASS A - Physically Fit', '', '', 0, '2019-02-21'),
(32, 0000000000084, 78, 'CLASS A - Physically Fit', '', '', 0, '2019-02-21'),
(33, 0000000000105, 99, 'CLASS B - Physically Fit but with minor condition curable within a short period of time, that will not adversely affect the workers efficiency', 'UTI', '', 0, '2019-02-21'),
(34, 0000000000085, 79, 'CLASS A - Physically Fit', '', '', 0, '2019-02-21'),
(35, 0000000000086, 80, 'CLASS A - Physically Fit', '', '', 0, '2019-02-21'),
(36, 0000000000104, 98, 'CLASS B - Physically Fit but with minor condition curable within a short period of time, that will not adversely affect the workers efficiency', 'PROTEINURIA, UTI', '', 0, '2019-02-21'),
(37, 0000000000100, 94, 'CLASS A - Physically Fit', '', '', 0, '2019-02-25'),
(38, 0000000000099, 93, 'CLASS A - Physically Fit', '', '', 0, '2019-02-25'),
(39, 0000000000098, 92, 'CLASS B - Physically Fit but with minor condition curable within a short period of time, that will not adversely affect the workers efficiency', 'PROTEINURIA', '', 0, '2019-02-21'),
(40, 0000000000097, 91, 'CLASS B - Physically Fit but with minor condition curable within a short period of time, that will not adversely affect the workers efficiency', 'UTI', '', 0, '2019-02-21'),
(41, 0000000000101, 95, 'CLASS A - Physically Fit', '', '', 0, '2019-02-21'),
(42, 0000000000102, 96, 'CLASS A - Physically Fit', '', '', 0, '2019-02-21'),
(43, 0000000000103, 97, 'CLASS A - Physically Fit', '', '', 0, '2019-02-21'),
(44, 0000000000106, 100, 'CLASS B - Physically Fit but with minor condition curable within a short period of time, that will not adversely affect the workers efficiency', 'PROTEINURIA', '', 0, '2019-02-21'),
(45, 0000000000087, 81, 'CLASS B - Physically Fit but with minor condition curable within a short period of time, that will not adversely affect the workers efficiency', 'UTI. PUS CELL IN CLUMPS: 0-2', '', 0, '2019-02-21'),
(46, 0000000000088, 82, 'CLASS B - Physically Fit but with minor condition curable within a short period of time, that will not adversely affect the workers efficiency', 'UTI', '', 0, '2019-02-21'),
(47, 0000000000089, 83, 'CLASS A - Physically Fit', '', '', 0, '2019-02-21'),
(48, 0000000000090, 85, 'CLASS A - Physically Fit', '', '', 0, '2019-02-21'),
(49, 0000000000091, 84, 'CLASS A - Physically Fit', '', '', 0, '2019-02-21'),
(50, 0000000000092, 86, 'CLASS B - Physically Fit but with minor condition curable within a short period of time, that will not adversely affect the workers efficiency', 'PROTEINURIA', '', 0, '2019-02-21'),
(51, 0000000000093, 87, 'CLASS A - Physically Fit', '', '', 0, '2019-02-21'),
(52, 0000000000095, 89, 'CLASS B - Physically Fit but with minor condition curable within a short period of time, that will not adversely affect the workers efficiency', 'PROTEINURIA', '', 0, '2019-02-21'),
(53, 0000000000094, 88, 'CLASS A - Physically Fit', '', '', 0, '2019-02-21'),
(54, 0000000000096, 90, 'CLASS B - Physically Fit but with minor condition curable within a short period of time, that will not adversely affect the workers efficiency', 'PROTEINURIA', '', 0, '2019-02-21'),
(55, 0000000000113, 107, 'Pending - These are cases that are equivocal as to the classification and are being evaluated further. After a certain period of time these cases will be classified whether fit or unfit fot employment', 'NO STOOL', '', 0, '2019-02-22'),
(56, 0000000000115, 109, 'CLASS A - Physically Fit', '', '', 0, '2019-02-22'),
(57, 0000000000117, 111, 'CLASS A - Physically Fit', '', '', 0, '2019-02-22'),
(58, 0000000000118, 112, 'CLASS B - Physically Fit but with minor condition curable within a short period of time, that will not adversely affect the workers efficiency', 'HEMATURIA', '', 0, '2019-02-22'),
(59, 0000000000112, 105, 'CLASS A - Physically Fit', '', '', 0, '2019-02-22'),
(60, 0000000000110, 104, 'Pending - These are cases that are equivocal as to the classification and are being evaluated further. After a certain period of time these cases will be classified whether fit or unfit fot employment', 'NO STOOL', '', 0, '2019-02-22'),
(61, 0000000000111, 106, 'CLASS A - Physically Fit', '', '', 0, '2019-02-22'),
(62, 0000000000108, 102, 'CLASS A - Physically Fit', '', '', 0, '2019-02-22'),
(63, 0000000000109, 103, 'CLASS A - Physically Fit', '', '', 0, '2019-02-22'),
(64, 0000000000107, 101, 'CLASS A - Physically Fit', '', '', 0, '2019-02-22'),
(65, 0000000000116, 110, 'CLASS A - Physically Fit', '', '', 0, '2019-02-23'),
(66, 0000000000119, 113, 'CLASS A - Physically Fit', '', '', 0, '2019-02-26'),
(67, 0000000000121, 115, 'CLASS A - Physically Fit', '', '', 0, '2019-02-23'),
(68, 0000000000120, 114, 'CLASS B - Physically Fit but with minor condition curable within a short period of time, that will not adversely affect the workers efficiency', 'PROTEINURIA', '', 0, '2019-02-23'),
(69, 0000000000128, 122, 'CLASS A - Physically Fit', '', '', 0, '2019-02-23'),
(70, 0000000000129, 123, 'Pending - These are cases that are equivocal as to the classification and are being evaluated further. After a certain period of time these cases will be classified whether fit or unfit fot employment', 'NO STOOL', '', 0, '2019-02-23'),
(71, 0000000000130, 124, 'CLASS A - Physically Fit', '', '', 0, '2019-02-23'),
(72, 0000000000131, 125, 'CLASS A - Physically Fit', '', '', 0, '2019-02-26'),
(73, 0000000000132, 128, 'CLASS A - Physically Fit', '', '', 0, '2019-02-26'),
(74, 0000000000133, 127, 'CLASS B - Physically Fit but with minor condition curable within a short period of time, that will not adversely affect the workers efficiency', 'UTI', '', 0, '2019-02-26'),
(75, 0000000000134, 130, 'Pending - These are cases that are equivocal as to the classification and are being evaluated further. After a certain period of time these cases will be classified whether fit or unfit fot employment', 'NO STOOL', '', 0, '2019-02-26'),
(76, 0000000000155, 170, 'CLASS A - Physically Fit', '', '', 0, '2019-02-26'),
(77, 0000000000150, 163, 'CLASS A - Physically Fit', '', '', 0, '2019-02-26'),
(78, 0000000000146, 158, 'CLASS A - Physically Fit', '', '', 0, '2019-02-26'),
(79, 0000000000136, 138, 'CLASS A - Physically Fit', '', '', 0, '2019-02-26'),
(80, 0000000000159, 173, 'CLASS B - Physically Fit but with minor condition curable within a short period of time, that will not adversely affect the workers efficiency', 'PROTEINURIA, UTI', '', 0, '2019-02-26'),
(81, 0000000000160, 174, 'CLASS B - Physically Fit but with minor condition curable within a short period of time, that will not adversely affect the workers efficiency', 'PROTEINURIA', '', 0, '2019-02-26'),
(82, 0000000000154, 169, 'CLASS B - Physically Fit but with minor condition curable within a short period of time, that will not adversely affect the workers efficiency', 'PROTEINURIA, HEMATURIA', '', 0, '2019-02-26'),
(83, 0000000000156, 171, 'CLASS A - Physically Fit', '', '', 0, '2019-02-26'),
(84, 0000000000135, 131, 'CLASS B - Physically Fit but with minor condition curable within a short period of time, that will not adversely affect the workers efficiency', 'UTI', '', 0, '2019-02-26'),
(85, 0000000000151, 164, 'CLASS A - Physically Fit', '', '', 0, '2019-02-26'),
(86, 0000000000153, 167, 'CLASS A - Physically Fit', '', '', 0, '2019-02-26'),
(87, 0000000000165, 180, 'CLASS A - Physically Fit', '', '', 0, '2019-02-26'),
(88, 0000000000145, 157, 'CLASS A - Physically Fit', '', '', 0, '2019-02-26'),
(89, 0000000000140, 147, 'CLASS B - Physically Fit but with minor condition curable within a short period of time, that will not adversely affect the workers efficiency', 'PROTEINURIA, UTI', '', 0, '2019-02-26'),
(90, 0000000000161, 176, 'CLASS A - Physically Fit', '', '', 0, '2019-02-26'),
(91, 0000000000162, 177, 'CLASS B - Physically Fit but with minor condition curable within a short period of time, that will not adversely affect the workers efficiency', 'PROTEINURIA', '', 0, '2019-02-26'),
(92, 0000000000163, 178, 'CLASS A - Physically Fit', '', '', 0, '2019-02-26'),
(93, 0000000000138, 145, 'CLASS B - Physically Fit but with minor condition curable within a short period of time, that will not adversely affect the workers efficiency', 'PROTEINURIA', '', 0, '2019-02-27'),
(94, 0000000000139, 146, 'CLASS A - Physically Fit', '', '', 0, '2019-02-26'),
(95, 0000000000157, 166, 'CLASS A - Physically Fit', '', '', 0, '2019-02-27'),
(96, 0000000000164, 179, 'CLASS B - Physically Fit but with minor condition curable within a short period of time, that will not adversely affect the workers efficiency', 'PROTEINURIA', '', 0, '2019-02-27'),
(97, 0000000000167, 182, 'CLASS B - Physically Fit but with minor condition curable within a short period of time, that will not adversely affect the workers efficiency', 'PROTEINURIA', '', 0, '2019-02-27'),
(98, 0000000000187, 196, 'CLASS A - Physically Fit', '', '', 0, '2019-02-27'),
(99, 0000000000185, 195, 'CLASS A - Physically Fit', '', '', 0, '2019-02-27'),
(100, 0000000000184, 194, 'CLASS A - Physically Fit', '', '', 0, '2019-02-27'),
(101, 0000000000182, 193, 'CLASS B - Physically Fit but with minor condition curable within a short period of time, that will not adversely affect the workers efficiency', 'HEMATURIA, PROTEINURIA', '', 0, '2019-02-27'),
(102, 0000000000171, 183, 'CLASS A - Physically Fit', '', '', 0, '2019-02-27'),
(103, 0000000000178, 188, 'CLASS B - Physically Fit but with minor condition curable within a short period of time, that will not adversely affect the workers efficiency', 'PROTEINURIA', '', 0, '2019-02-27'),
(104, 0000000000183, 192, 'CLASS A - Physically Fit', '', '', 0, '2019-02-27');

-- --------------------------------------------------------

--
-- Table structure for table `qpd_items`
--

CREATE TABLE `qpd_items` (
  `ItemID` int(13) NOT NULL,
  `ItemName` varchar(255) NOT NULL,
  `ItemPrice` decimal(19,2) NOT NULL,
  `ItemDescription` varchar(255) NOT NULL,
  `ItemType` varchar(50) NOT NULL,
  `TestType` int(10) NOT NULL DEFAULT '0',
  `CreationDate` datetime NOT NULL DEFAULT CURRENT_TIMESTAMP,
  `DateUpdate` datetime NOT NULL
) ENGINE=InnoDB DEFAULT CHARSET=latin1 ROW_FORMAT=COMPACT;

--
-- Dumping data for table `qpd_items`
--

INSERT INTO `qpd_items` (`ItemID`, `ItemName`, `ItemPrice`, `ItemDescription`, `ItemType`, `TestType`, `CreationDate`, `DateUpdate`) VALUES
(3, 'HOME SERVICE', '150.00', 'HOME SERVICE W/IN 5KM RADIUS', 'HOME SERVICE', 0, '2019-01-16 15:21:03', '0000-00-00 00:00:00'),
(4, 'HOME SEVICE', '250.00', 'HOME SEVICE', 'HOME SERVICE', 0, '2019-01-16 15:21:03', '0000-00-00 00:00:00'),
(5, 'Mobilization', '2.00', 'Mobilization 120KM', 'HOME SERVICE', 0, '2019-01-16 15:21:03', '0000-00-00 00:00:00'),
(6, '2PI BASIC 5', '300.00', '2PI BASIC 5', 'INDUSTRIAL', 0, '2019-01-16 15:21:03', '0000-00-00 00:00:00'),
(7, '3C ETCI (FEMALE)', '540.00', '3C ETCI BASIC4+HBSAG+DT+PT', 'INDUSTRIAL', 0, '2019-01-16 15:21:03', '0000-00-00 00:00:00'),
(8, '3C ETCI (MALE)', '500.00', '3C ETCI BASIC4+HBSAG+DT', 'INDUSTRIAL', 0, '2019-01-16 15:21:03', '0000-00-00 00:00:00'),
(9, '3C N/Y BASIC 4+HBSAG+DT+PT/F', '540.00', 'BASIC 4+HBSAG+DT+PT/NANOX(FEMALE)', 'INDUSTRIAL', 0, '2019-01-16 15:21:03', '0000-00-00 00:00:00'),
(10, '3C NANOX BASIC 4+HBSAG+DT/MALE', '500.00', 'BASIC 4+HBSAG+DT/NANOX(MALE)', 'INDUSTRIAL', 0, '2019-01-16 15:21:03', '0000-00-00 00:00:00'),
(11, '3C SAMBON(FEMALE)', '540.00', 'SAMBON BASIC 4+HBsAg+DT+PT', 'INDUSTRIAL', 0, '2019-01-16 15:21:03', '0000-00-00 00:00:00'),
(12, '3C SAMBON(MALE)', '500.00', 'SAMBON BASIC 4+HBsAg+DT', 'INDUSTRIAL', 0, '2019-01-16 15:21:03', '0000-00-00 00:00:00'),
(13, '3C SHOWA(FEMALE)', '540.00', 'SHOWA BASIC 4+HBsAg+DT+PT', 'INDUSTRIAL', 0, '2019-01-16 15:21:03', '0000-00-00 00:00:00'),
(14, '3C SHOWA(MALE)', '500.00', 'SHOWA BASIC 4+HBsAg+DT', 'INDUSTRIAL', 1, '2019-01-16 15:21:03', '0000-00-00 00:00:00'),
(15, '3C SMK (BASIC 5+DT+HBSAG)', '540.00', 'BASIC 5+ DT+ HBSAG / MALE', 'INDUSTRIAL', 0, '2019-01-16 15:21:03', '0000-00-00 00:00:00'),
(16, '3C SMK(BASIC 5+PT+DT+HBSAG)', '580.00', 'BASIC 5+PT+DT+HBSAG/FEMALE', 'INDUSTRIAL', 0, '2019-01-16 15:21:03', '0000-00-00 00:00:00'),
(17, 'ABC HOTEL APE B4 WALK IN', '300.00', 'ABC HOTEL APE B4 WALK IN(CXR,PE,UA,CBC', 'INDUSTRIAL', 0, '2019-01-16 15:21:03', '0000-00-00 00:00:00'),
(18, 'ABC Hotel Basic 3', '300.00', 'Basic 4:  CBC, U/A, XRAY 11x14', 'INDUSTRIAL', 0, '2019-01-16 15:21:03', '0000-00-00 00:00:00'),
(19, 'ABS BASIC 5+HBsAg+DT+PT', '600.00', 'ABS BASIC 5+HBsAg+DT+PT', 'INDUSTRIAL', 0, '2019-01-16 15:21:03', '0000-00-00 00:00:00'),
(20, 'ACAD (APE)BASIC 5', '350.00', 'ACAD (APE)BASIC 5 (CXR,F/A,UA,CBC,PE)', 'INDUSTRIAL', 0, '2019-01-16 15:21:03', '0000-00-00 00:00:00'),
(21, 'ACAD BASIC 5 + DT + HBSAG', '600.00', 'ACAD BASIC 5 + DT + HBSAG', 'INDUSTRIAL', 0, '2019-01-16 15:21:03', '0000-00-00 00:00:00'),
(22, 'ACCOUNTANT DESK B5+HBSAG', '450.00', 'ADI BASIC 5 + HBSAG', 'INDUSTRIAL', 0, '2019-01-16 15:21:03', '0000-00-00 00:00:00'),
(23, 'ACCURATE TELESERVICES (B5+DT)M', '500.00', 'ACCURATE TELESERVICES BASIC 5(CXR,CBC,UA,FA,PE)+ DT MALE', 'INDUSTRIAL', 0, '2019-01-16 15:21:03', '0000-00-00 00:00:00'),
(24, 'ACCURATE TELESERVICES(B5+DT+PT)', '520.00', 'ACCURATE TELESERVICES (BASIC 5) CXR,CBC,UA,FA,PE + DT + PT', 'INDUSTRIAL', 0, '2019-01-16 15:21:03', '0000-00-00 00:00:00'),
(25, 'ADDITIONAL X-RAY FILM', '50.00', 'ADDITIONAL X-RAY FILM', 'INDUSTRIAL', 0, '2019-01-16 15:21:03', '0000-00-00 00:00:00'),
(26, 'AILA BASIC 5', '350.00', 'AILA BASIC 5', 'INDUSTRIAL', 0, '2019-01-16 15:21:03', '0000-00-00 00:00:00'),
(27, 'ALORICA BASIC 5', '300.00', 'ALORICA BASIC 5(CXR,FA,UA,CBC,P.E)', 'INDUSTRIAL', 0, '2019-01-16 15:21:03', '0000-00-00 00:00:00'),
(28, 'AMSTERDAM APE(BASIC 3)', '180.00', 'AMSTERDAM APE(BASIC 3)', 'INDUSTRIAL', 0, '2019-01-16 15:21:03', '0000-00-00 00:00:00'),
(29, 'ANGEL APE B5 + HBSAG', '430.00', 'ANGEL FAMOUS GOURMENT FOOD CORP.', 'INDUSTRIAL', 0, '2019-01-16 15:21:03', '0000-00-00 00:00:00'),
(30, 'APE TALLSHIPS B5+DT+HBSAG', '550.00', 'APE TALLSHIPS B5+DT+HBSAG', 'INDUSTRIAL', 0, '2019-01-16 15:21:03', '0000-00-00 00:00:00'),
(31, 'APMAC BASIC 5+DT+HBsAg', '600.00', 'APMAC BASIC 5+DT+HBsAg(MALE)', 'INDUSTRIAL', 0, '2019-01-16 15:21:03', '0000-00-00 00:00:00'),
(32, 'APMAC BASIC 5+DT+PT+HBsAg', '700.00', 'APMAC BASIC 5+DT+PT+HBsAg(FEMALE)', 'INDUSTRIAL', 0, '2019-01-16 15:21:03', '0000-00-00 00:00:00'),
(33, 'ASIAN APPAREL FEMALE', '540.00', 'BASIC 4 + DT + PT + HBSAG (FEMALE)', 'INDUSTRIAL', 0, '2019-01-16 15:21:03', '0000-00-00 00:00:00'),
(34, 'ASIAN APPAREL MALE', '500.00', 'BASIC 4 + DT + HBSAG ( MALE)', 'INDUSTRIAL', 0, '2019-01-16 15:21:03', '0000-00-00 00:00:00'),
(35, 'AZZURRO APE(B5+HBSAG)', '450.00', 'AZZURRO APE(B5+HBSAG)', 'INDUSTRIAL', 0, '2019-01-16 15:21:03', '0000-00-00 00:00:00'),
(36, 'AZZURRO BASIC 5+HBSAG+DT', '600.00', 'AZZURRO BASIC 5+HBSAG+DT', 'INDUSTRIAL', 0, '2019-01-16 15:21:03', '0000-00-00 00:00:00'),
(37, 'B5+HBSAG+DT', '550.00', '', 'INDUSTRIAL', 0, '2019-01-16 15:21:03', '0000-00-00 00:00:00'),
(38, 'BAKERS PACKAGE', '770.00', 'BASIC 5 + DT+ HEPA A (ANTI HAV) CBC, FA,UA,PE,DT', 'INDUSTRIAL', 0, '2019-01-16 15:21:03', '0000-00-00 00:00:00'),
(39, 'Basic 3 (CXR PA, U/A, F/A)', '275.00', 'Basic 3 (CXR PA, U/A, F/A)', 'INDUSTRIAL', 0, '2019-01-16 15:21:03', '0000-00-00 00:00:00'),
(40, 'BASIC 5 + DRUG TEST', '500.00', 'BASIC 5 (CXR 11x14, CBC, U/A, FA, PE) + DRUG TEST', 'INDUSTRIAL', 0, '2019-01-16 15:21:03', '0000-00-00 00:00:00'),
(41, 'BASIC 5 + DT + ECG', '650.00', 'BASIC 5 (CXR 11x14, CBC, U/A, FA, PE) + DRUG TEST + ECG', 'INDUSTRIAL', 0, '2019-01-16 15:21:03', '0000-00-00 00:00:00'),
(42, 'BASIC 5 + HBSAG', '450.00', 'BASIC 5 (CXR 11x14, CBC, U/A, FA, PE) + HBSAG', 'INDUSTRIAL', 0, '2019-01-16 15:21:03', '0000-00-00 00:00:00'),
(43, 'BASIC 5 + HBsAG + PT', '550.00', 'BASIC 5 (CXR 11x14, CBC, U/A, FA, PE) + HBSag + PT', 'INDUSTRIAL', 0, '2019-01-16 15:21:03', '0000-00-00 00:00:00'),
(44, 'BASIC 5 + PT', '450.00', 'BASIC 5 (CXR 11x14, CBC, U/A, FA, PE) + PT', 'INDUSTRIAL', 0, '2019-01-16 15:21:03', '0000-00-00 00:00:00'),
(45, 'Basic 5 Walk In', '350.00', 'Basic 5 Walk In (CBC, U/A, F/A, CXR PA, PE)', 'INDUSTRIAL', 0, '2019-01-16 15:21:03', '0000-00-00 00:00:00'),
(46, 'BASIC 5+DT+ PSYCH TEST', '900.00', 'BASIC 5+DRUG TEST+ PSYCH TEST', 'INDUSTRIAL', 0, '2019-01-16 15:21:03', '0000-00-00 00:00:00'),
(47, 'BASIC 5+DT+HBsAG', '600.00', 'BASIC 5 (CXR 11x14, CBC, U/A, FA, PE) + DT + HBSag (MALE)', 'INDUSTRIAL', 0, '2019-01-16 15:21:03', '0000-00-00 00:00:00'),
(48, 'BASIC 5+DT+PT+HBsAG', '700.00', 'BASIC 5 (CXR 11x14, CBC, U/A, FA, PE) +DT+PT+HBSag (FEMALE)', 'INDUSTRIAL', 0, '2019-01-16 15:21:03', '0000-00-00 00:00:00'),
(49, 'BEEPO (B5 + DT)', '500.00', 'BEEPO BASIC 5 (CXR 11x14, CBC, U/A, FA, PE) + DRUG TEST', 'INDUSTRIAL', 0, '2019-01-16 15:21:03', '0000-00-00 00:00:00'),
(50, 'Blank Ink Basic 5 + HBSag + DT', '600.00', 'Basic 5 (CBC, U/A, F/A, CXR & PE) + HBSag + Drug Testing', 'INDUSTRIAL', 0, '2019-01-16 15:21:03', '0000-00-00 00:00:00'),
(51, 'CALFURN APE WALK IN(BASIC 3+DT)', '300.00', 'CALFURN APE WALK IN(BASIC 3+DT)', 'INDUSTRIAL', 0, '2019-01-16 15:21:03', '0000-00-00 00:00:00'),
(52, 'Calfurn Basic 3 APE', '150.00', 'Calfurn Basic 3 APE (XRAY, U?A, FA)', 'INDUSTRIAL', 0, '2019-01-16 15:21:03', '0000-00-00 00:00:00'),
(53, 'CALFURN CHEST PA, DRUGTEST', '350.00', 'CHEST PA, DRUGTEST', 'INDUSTRIAL', 0, '2019-01-16 15:21:03', '0000-00-00 00:00:00'),
(54, 'CENTURY HOTEL (Basic 5 + DT )', '500.00', 'CENTURY HOTEL ( Basic 5 + DT )', 'INDUSTRIAL', 0, '2019-01-16 15:21:03', '0000-00-00 00:00:00'),
(55, 'CHEST (PORAC)', '150.00', 'CHEST (PORAC)', 'INDUSTRIAL', 0, '2019-01-16 15:21:03', '0000-00-00 00:00:00'),
(56, 'CHEST PA XRAY Industrial', '150.00', 'CXR PA XRAY Industrial 11 X 14', 'INDUSTRIAL', 0, '2019-01-16 15:21:03', '0000-00-00 00:00:00'),
(57, 'CHUA EYE CLINIC APE', '200.00', 'CHUA EYE CLINIC APE(BASIC 3)', 'INDUSTRIAL', 0, '2019-01-16 15:21:03', '0000-00-00 00:00:00'),
(58, 'CITY COLLEGE MALE', '600.00', 'CITY COLLEGE MALE                                (CXR,CBC,UA,FA,DT,HBSAG,P.E)', 'INDUSTRIAL', 0, '2019-01-16 15:21:03', '0000-00-00 00:00:00'),
(59, 'CITY COLLEGE(B5+PT+DT+HBSAG)F', '650.00', 'CITY COLLEGE(B5+PT+DT+HBSAG)FEMALE', 'INDUSTRIAL', 0, '2019-01-16 15:21:03', '0000-00-00 00:00:00'),
(60, 'CLOUDSTAFF', '500.00', 'BASIC 5 + DRUG TEST', 'INDUSTRIAL', 0, '2019-01-16 15:21:03', '0000-00-00 00:00:00'),
(61, 'CLUB ZOO', '150.00', 'CHEST PA  ( CLUB ZOO)', 'INDUSTRIAL', 0, '2019-01-16 15:21:03', '0000-00-00 00:00:00'),
(62, 'Confirmatory Drug Testing', '2.00', 'Drug testing with Biometrics', 'INDUSTRIAL', 0, '2019-01-16 15:21:03', '0000-00-00 00:00:00'),
(63, 'CORNERSTONE PRE EMP (B5+DT)', '500.00', 'CORNERSTONE PRE EMP (B5+DT)', 'INDUSTRIAL', 0, '2019-01-16 15:21:03', '0000-00-00 00:00:00'),
(64, 'DBC BASIC 5', '300.00', 'DBC BASIC 5', 'INDUSTRIAL', 0, '2019-01-16 15:21:03', '0000-00-00 00:00:00'),
(65, 'Demand Science B5+DT+HBSag', '600.00', 'Demand Science B5+DT+HBSag', 'INDUSTRIAL', 0, '2019-01-16 15:21:03', '0000-00-00 00:00:00'),
(66, 'Dep Ed (BLOOD CHEM W/ECG &CXR)', '1.00', 'DEP ED(CXR,CBC,U/A,FBS,BUA,CREA,BUN,LIP,SGPT,ECG', 'INDUSTRIAL', 0, '2019-01-16 15:21:03', '0000-00-00 00:00:00'),
(67, 'DNATA FEMALE', '520.00', 'BASIC 5 + PT + DT', 'INDUSTRIAL', 0, '2019-01-16 15:21:03', '0000-00-00 00:00:00'),
(68, 'DNATA MALE', '450.00', 'BASIC 5 + DT', 'INDUSTRIAL', 0, '2019-01-16 15:21:03', '0000-00-00 00:00:00'),
(69, 'DOG XRAY', '200.00', 'DOG XRAY', 'INDUSTRIAL', 0, '2019-01-16 15:21:03', '0000-00-00 00:00:00'),
(70, 'DRAGONFRUIT PHIL PE, DT + Xray', '499.00', 'PE, DT + Xray', 'INDUSTRIAL', 0, '2019-01-16 15:21:03', '0000-00-00 00:00:00'),
(71, 'DREAMBOY (XRAY)', '120.00', 'DREAMBOY (XRAY)', 'INDUSTRIAL', 0, '2019-01-16 15:21:03', '0000-00-00 00:00:00'),
(72, 'EAGLE SKY(B5+DT+HBSAG)', '600.00', 'EAGLE SKY(B5+DT+HBSAG)', 'INDUSTRIAL', 0, '2019-01-16 15:21:03', '0000-00-00 00:00:00'),
(73, 'ECG INDUSTRIAL', '150.00', '', 'INDUSTRIAL', 0, '2019-01-16 15:21:03', '0000-00-00 00:00:00'),
(74, 'EGS  (CXR,PE)', '150.00', 'EGS BASIC 2 ( XRAY/P.E.)', 'INDUSTRIAL', 0, '2019-01-16 15:21:03', '0000-00-00 00:00:00'),
(75, 'EGS BASIC 5', '260.00', 'BASIC 5 (CXR, CBC, U/A, F/A, PE)', 'INDUSTRIAL', 0, '2019-01-16 15:21:03', '0000-00-00 00:00:00'),
(76, 'EGS COMPLETE PRE- EMP. (FEMALE)', '1.00', '(BASIC 5 + HBSAG + DT + PT + HIV)', 'INDUSTRIAL', 0, '2019-01-16 15:21:03', '0000-00-00 00:00:00'),
(77, 'EGS COMPLETE PRE-EMP. ( MALE)', '925.00', '(BASIC 5 + HBSAG + DT+ HIV)', 'INDUSTRIAL', 0, '2019-01-16 15:21:03', '0000-00-00 00:00:00'),
(78, 'ENVY BISTRO Htl Pre Emp Female', '700.00', 'Stadium Htl Pre Emp Female Basic 5 + HBSag + DT + PT', 'INDUSTRIAL', 0, '2019-01-16 15:21:03', '0000-00-00 00:00:00'),
(79, 'ENVY BISTRO Htl Pre Emp Male', '600.00', 'Stadium Htl Pre Emp Male Basic 5 + HBSag + DT', 'INDUSTRIAL', 0, '2019-01-16 15:21:03', '0000-00-00 00:00:00'),
(80, 'Express Gifts Phil. Pre-Emp', '600.00', 'Express Gifts Phil. Basic 5 + HBsAg+Drug Test', 'INDUSTRIAL', 0, '2019-01-16 15:21:03', '0000-00-00 00:00:00'),
(81, 'EXTREMELY EXPRESSO (CXR,UA,FA)', '200.00', 'EXPRESSO (CXR,UA,FA)', 'INDUSTRIAL', 0, '2019-01-16 15:21:03', '0000-00-00 00:00:00'),
(82, 'FONTANA', '600.00', 'FONTANA BASIC 5 + DT + HBSAG', 'INDUSTRIAL', 0, '2019-01-16 15:21:03', '0000-00-00 00:00:00'),
(83, 'FOTON BASIC 5 + DT', '500.00', 'FOTON BASIC 5 + DT', 'INDUSTRIAL', 0, '2019-01-16 15:21:03', '0000-00-00 00:00:00'),
(84, 'GANGNAM B3 + DT', '350.00', 'B3 + DT (U/A, F/A, XRAY, D/T)', 'INDUSTRIAL', 0, '2019-01-16 15:21:03', '0000-00-00 00:00:00'),
(85, 'GOOKJE IBAL MASSAGE APE', '500.00', 'GOOKJE IBAL MASSAGE APE(BASIC 5)+drug test', 'INDUSTRIAL', 0, '2019-01-16 15:21:03', '0000-00-00 00:00:00'),
(86, 'HAU CHTM (FEMALE)', '870.00', 'CBC,U/A,F/A,PT,HEPA A,HBSAG,DT,CHESTPA', 'INDUSTRIAL', 0, '2019-01-16 15:21:03', '0000-00-00 00:00:00'),
(87, 'HAU CHTM (MALE)', '770.00', 'CBC,U/A,FA, CXR PA, HEPA A,HBSAG,DT, PE', 'INDUSTRIAL', 0, '2019-01-16 15:21:03', '0000-00-00 00:00:00'),
(88, 'HAU CNAMS B5+DT+HBSaG+AntiHBSag', '810.00', 'HAU CNAMS Basic 5 (CBC, UA,FA, XRAY, PE) + DrugTest + HBSaG+ Anti-HBSag', 'INDUSTRIAL', 0, '2019-01-16 15:21:03', '0000-00-00 00:00:00'),
(89, 'HAU ENGINEERING FEMALE', '600.00', 'HAU ENGINEERING FEMALE\r\nBASIC 5+DT+PT+HBSAG', 'INDUSTRIAL', 0, '2019-01-16 15:21:03', '0000-00-00 00:00:00'),
(90, 'HAU ENGRINEERING MALE', '500.00', 'HAU ENGR MALE\n(BASIC 5+HBSAG+DT)', 'INDUSTRIAL', 0, '2019-01-16 15:21:03', '0000-00-00 00:00:00'),
(91, 'HAU IT Female (B5+DT+PT+HBSAG)', '600.00', 'HAU IT Female (B5+DT+PT+HBSAG)', 'INDUSTRIAL', 0, '2019-01-16 15:21:03', '0000-00-00 00:00:00'),
(92, 'HAU IT Male (B5+DT+HBSAG)', '500.00', 'HAU IT Male (B5+DT+HBSAG)', 'INDUSTRIAL', 0, '2019-01-16 15:21:03', '0000-00-00 00:00:00'),
(93, 'HAU SBA (Female)', '600.00', 'BASIC 5 + PT + DT + HBSAG', 'INDUSTRIAL', 0, '2019-01-16 15:21:03', '0000-00-00 00:00:00'),
(94, 'HAU SBA (Male)', '500.00', 'HAU BASIC 5 + DT+ HBSAG', 'INDUSTRIAL', 0, '2019-01-16 15:21:03', '0000-00-00 00:00:00'),
(95, 'HAU SED(B5+PT+DT+HBSAG)', '600.00', 'HAU SED (B5+PT+DT+HBSAG)', 'INDUSTRIAL', 0, '2019-01-16 15:21:03', '0000-00-00 00:00:00'),
(96, 'HAU TOUR (FEMALE)', '600.00', 'HAU TOUR (FEMALE) B5+HBSAG+PT', 'INDUSTRIAL', 0, '2019-01-16 15:21:03', '0000-00-00 00:00:00'),
(97, 'HAU TOUR (MALE)', '500.00', 'HAU TOUR (MALE) B5+HBSAG', 'INDUSTRIAL', 0, '2019-01-16 15:21:03', '0000-00-00 00:00:00'),
(98, 'HAU TOURISM (FEMALE)', '870.00', 'CBC,U/A,FA,PT,HEPA A,DT,HBSAG,CHESTPA', 'INDUSTRIAL', 0, '2019-01-16 15:21:03', '0000-00-00 00:00:00'),
(99, 'HAU TOURISM (MALE)', '770.00', 'CBC,U/A,FA,HEPA A,DT,CHESTPA,HBSAG', 'INDUSTRIAL', 0, '2019-01-16 15:21:03', '0000-00-00 00:00:00'),
(100, 'Hausland Basic 5+HBSag+DT', '600.00', 'Hausland Basic 5+HBSag+Drug Testing (Male)', 'INDUSTRIAL', 0, '2019-01-16 15:21:03', '0000-00-00 00:00:00'),
(101, 'Hausland Basic 5+HBSag+PT (F)', '600.00', 'Hausland Basic 5+HBSag+PT (Female)', 'INDUSTRIAL', 0, '2019-01-16 15:21:03', '0000-00-00 00:00:00'),
(102, 'HAWAII FAMILY  CENTER BPO B5+DT', '500.00', 'HAWAII FAMILY  CENTER BPO B5+DT', 'INDUSTRIAL', 0, '2019-01-16 15:21:03', '0000-00-00 00:00:00'),
(103, 'HBsAg SCREENING', '149.00', 'HBsAg SCREENING INDUSTRIAL', 'INDUSTRIAL', 0, '2019-01-16 15:21:03', '0000-00-00 00:00:00'),
(104, 'HEINIMEX BASIC 5 + DRUG TEST', '600.00', 'BASIC 5 + DRUG TEST', 'INDUSTRIAL', 0, '2019-01-16 15:21:03', '0000-00-00 00:00:00'),
(105, 'HELLO PISTON NEBULIZER MINI', '2.00', 'HELLO PISTON NEBULIZER MINI', 'INDUSTRIAL', 0, '2019-01-16 15:21:03', '0000-00-00 00:00:00'),
(106, 'HEXUS APE WALK IN', '350.00', 'HEXUS APE WALK IN(BASIC 5)', 'INDUSTRIAL', 0, '2019-01-16 15:21:03', '0000-00-00 00:00:00'),
(107, 'Hexus Pre Emp Basic 5+DT+HBSag', '600.00', 'Basic 5 + DT + HBSag (Male)', 'INDUSTRIAL', 0, '2019-01-16 15:21:03', '0000-00-00 00:00:00'),
(108, 'Hexus PreEmp Basic5+DT+PT+HBSag', '700.00', 'Hexus Pre Emp Basic 5+DT+PT+HBSag (Female)', 'INDUSTRIAL', 0, '2019-01-16 15:21:03', '0000-00-00 00:00:00'),
(109, 'IBEA BASIC 5 + BLD. TYPING', '450.00', 'IBEA BASIC 5 + BLD. TYPING ( IBEA TRADING AND MANPOWER SERVICES)', 'INDUSTRIAL', 0, '2019-01-16 15:21:03', '0000-00-00 00:00:00'),
(110, 'IBOSS PRE EMPLOYMENT', '350.00', 'IBOSS    (BASIC 5)(CXR,CBC,FA,UA,PE)', 'INDUSTRIAL', 0, '2019-01-16 15:21:03', '0000-00-00 00:00:00'),
(111, 'IBS ESL Education, Inc.', '630.00', '', 'INDUSTRIAL', 0, '2019-01-16 15:21:03', '0000-00-00 00:00:00'),
(112, 'Ikabud BASIC 5+DT+HBsAg+PT', '700.00', 'Ikabud BASIC 5+DT+HBsAg+PT', 'INDUSTRIAL', 0, '2019-01-16 15:21:03', '0000-00-00 00:00:00'),
(113, 'INSURANCE DESK INC.', '450.00', 'INSURANCE DESK INC. BASIC 5 + HBSAG', 'INDUSTRIAL', 0, '2019-01-16 15:21:03', '0000-00-00 00:00:00'),
(114, 'IQOR Basic 5 + Drug Test', '500.00', 'Basic 5 (CBC, U/A, FA, CXR, PE) + Drug Test', 'INDUSTRIAL', 0, '2019-01-16 15:21:03', '0000-00-00 00:00:00'),
(115, 'JOHN-JEFF DRESSING PLANT', '550.00', 'BASIC 5 + HBSag + DT', 'INDUSTRIAL', 0, '2019-01-16 15:21:03', '0000-00-00 00:00:00'),
(116, 'JOLLIBEE B5+HBSAG+DT', '600.00', 'JOLLIBEE B5+HBSAG+DT', 'INDUSTRIAL', 0, '2019-01-16 15:21:03', '0000-00-00 00:00:00'),
(117, 'KFC BASIC 5+HBSAG+DT', '600.00', 'BASIC 5+HBSAG+DT', 'INDUSTRIAL', 0, '2019-01-16 15:21:03', '0000-00-00 00:00:00'),
(118, 'KOKOMOS APE WALK IN(B3)', '200.00', 'KOKOMOS APE WALK IN(B3)', 'INDUSTRIAL', 0, '2019-01-16 15:21:03', '0000-00-00 00:00:00'),
(119, 'KOREGON (B5+DT)PACKAGE C', '500.00', 'KOREGON (B5+DT)PACKAGE C', 'INDUSTRIAL', 0, '2019-01-16 15:21:03', '0000-00-00 00:00:00'),
(120, 'KOREGON (B5+HBSAG)PACKAGE B', '400.00', 'KOREGON (B5+HBSAG)PACKAGE B', 'INDUSTRIAL', 0, '2019-01-16 15:21:03', '0000-00-00 00:00:00'),
(121, 'KOREGON(B5)PACKAGE A', '350.00', 'KOREGON(B5)PACKAGE A', 'INDUSTRIAL', 0, '2019-01-16 15:21:03', '0000-00-00 00:00:00'),
(122, 'KOREGON(B5+HBSAG+PT)PACKAGE D', '550.00', 'KOREGON(B5+HBSAG+PT)PACKAGE D', 'INDUSTRIAL', 0, '2019-01-16 15:21:03', '0000-00-00 00:00:00'),
(123, 'KOREGON(PACKAGE E)B5+DT+HBSAG', '600.00', 'KOREGON(PACKAGE E)B5+DT+HBSAG', 'INDUSTRIAL', 0, '2019-01-16 15:21:03', '0000-00-00 00:00:00'),
(124, 'L&T BASIC 5 + DT + HBSAG', '600.00', 'BASIC 5 + DT + HBSAG', 'INDUSTRIAL', 0, '2019-01-16 15:21:03', '0000-00-00 00:00:00'),
(125, 'LA FURGE PRE EMP.', '500.00', 'BASIC 5 + DRUG TEST', 'INDUSTRIAL', 0, '2019-01-16 15:21:03', '0000-00-00 00:00:00'),
(126, 'LAROSE BASIC 5 +DT+ANTI-HAV IgM', '670.00', 'BASIC 5 +DT+ANTI-HAV IgM (LA ROSE NOIRE INC.)', 'INDUSTRIAL', 0, '2019-01-16 15:21:03', '0000-00-00 00:00:00'),
(127, 'LAS PALMAS (CHEST PA)INDUSTRIAL', '160.00', 'LAS PALMAS (CHEST PA)INDUSTRIAL', 'INDUSTRIAL', 0, '2019-01-16 15:21:03', '0000-00-00 00:00:00'),
(128, 'Le Roux Culinary Academy', '385.00', 'Basic 5', 'INDUSTRIAL', 0, '2019-01-16 15:21:03', '0000-00-00 00:00:00'),
(129, 'LEWIS GRAND MALE(PRE EMPLOYMENT', '600.00', 'LEWIS GRAND MALE(PRE EMPLOYMENT(BASIC 5+DT+HBSAG)', 'INDUSTRIAL', 0, '2019-01-16 15:21:03', '0000-00-00 00:00:00'),
(130, 'LEWIS GRAND PRE EMP FEMALE', '700.00', 'LEWIS GRAND PRE EMPLOYMENT FEMALE(BASIC 5+DT+PT+HBSAG)', 'INDUSTRIAL', 0, '2019-01-16 15:21:03', '0000-00-00 00:00:00'),
(131, 'Lots a Pizza Basic 3', '250.00', 'ua, fe, cxr', 'INDUSTRIAL', 0, '2019-01-16 15:21:03', '0000-00-00 00:00:00'),
(132, 'Madapdap HS Basic 3', '250.00', 'Madapdap HS Basic 3 (XRAY, U/A, F/A)', 'INDUSTRIAL', 0, '2019-01-16 15:21:03', '0000-00-00 00:00:00'),
(133, 'MAGNAPEAK (HBsAg+DT+PE)', '400.00', 'MAGNAPEAK (HBsAg+DT+PE)', 'INDUSTRIAL', 0, '2019-01-16 15:21:03', '0000-00-00 00:00:00'),
(134, 'MAGNAPEAK APE', '765.00', 'PACKAGE B: BASIC 5 + LP', 'INDUSTRIAL', 0, '2019-01-16 15:21:03', '0000-00-00 00:00:00'),
(135, 'MAGNAPEAK APE PC', '915.00', 'PACKAGE C: BASIC 5 + ECG + LP', 'INDUSTRIAL', 0, '2019-01-16 15:21:03', '0000-00-00 00:00:00'),
(136, 'MAGNAPEAK APE PD', '415.00', 'PACKAGE D: LIPID PROFILE', 'INDUSTRIAL', 0, '2019-01-16 15:21:03', '0000-00-00 00:00:00'),
(137, 'MAGNAPEAK PRE-EMP.', '350.00', 'CXR + DRUG TEST + P.E', 'INDUSTRIAL', 0, '2019-01-16 15:21:03', '0000-00-00 00:00:00'),
(138, 'MARRIOTT HOTEL', '600.00', 'MARRIOTT HOTEL (CBC, PE,CHEST PA, U/A,FE, HBSAG+DRUGTEST)', 'INDUSTRIAL', 0, '2019-01-16 15:21:03', '0000-00-00 00:00:00'),
(139, 'MAXIM (FRP)FEMALE', '580.00', 'MAXIM (FRP) FEMALE\nB5+PT+DT+HBSAG)', 'INDUSTRIAL', 0, '2019-01-16 15:21:03', '0000-00-00 00:00:00'),
(140, 'MAXIM APMAC(FEMALE)', '650.00', 'BASIC 5+PT+DT+HBSAG', 'INDUSTRIAL', 0, '2019-01-16 15:21:03', '0000-00-00 00:00:00'),
(141, 'MAXIM APMAC(MALE)', '600.00', 'BASIC 5+DT+HBSAG', 'INDUSTRIAL', 0, '2019-01-16 15:21:03', '0000-00-00 00:00:00'),
(142, 'MAXIM BASIC 4 + DT+PT+HBSAG', '450.00', 'MAXIM BASIC 4 + DT+PT+HBSAG (FEMALE)', 'INDUSTRIAL', 0, '2019-01-16 15:21:03', '0000-00-00 00:00:00'),
(143, 'MAXIM BASIC 4+DT+HBSAG', '400.00', 'MAXIM BASIC 4+DT+HBSAG (MALE)', 'INDUSTRIAL', 0, '2019-01-16 15:21:03', '0000-00-00 00:00:00'),
(144, 'MAXIM ELEMATIC', '600.00', 'MAXIM ELEMATIC(FEMALE)BASIC4+HBsAG+DT+PT', 'INDUSTRIAL', 0, '2019-01-16 15:21:03', '0000-00-00 00:00:00'),
(145, 'MAXIM ELEMATIC(MALE)', '550.00', 'MAXIM ELEMATIC(MALE)BASIC4+HBsAG+DT', 'INDUSTRIAL', 0, '2019-01-16 15:21:03', '0000-00-00 00:00:00'),
(146, 'Maxim FRP (Male)', '530.00', 'BASIC 5+DT+HBSAG', 'INDUSTRIAL', 0, '2019-01-16 15:21:03', '0000-00-00 00:00:00'),
(147, 'MAXIM SMK (MALE)', '530.00', 'BASIC 5+DT+HBSAG', 'INDUSTRIAL', 0, '2019-01-16 15:21:03', '0000-00-00 00:00:00'),
(148, 'MAXIM SMK(FEMALE)', '580.00', 'BASIC 5+PT+DT+HBSAG', 'INDUSTRIAL', 0, '2019-01-16 15:21:03', '0000-00-00 00:00:00'),
(149, 'MAXIM TANITECH(FEMALE)', '600.00', 'TANITECH(FEMALE)BASIC4+DT+PT+HBsAg', 'INDUSTRIAL', 0, '2019-01-16 15:21:03', '0000-00-00 00:00:00'),
(150, 'MAXIM TANITECH(MALE)', '550.00', 'TANITECH(MALE)BASIC4+DT+HBsAG', 'INDUSTRIAL', 0, '2019-01-16 15:21:03', '0000-00-00 00:00:00'),
(151, 'MAXIM TOKYO BASIC 4+HBSAG+DT', '450.00', 'MAXIM TOKYO BASIC 4(CBC,CXR,U/A,PE)+HBSAG+DT', 'INDUSTRIAL', 0, '2019-01-16 15:21:03', '0000-00-00 00:00:00'),
(152, 'MAXIM TOKYO BASIC 4+HBSAG+PT+DT', '480.00', 'MAXIM TOKYO BASIC 4(CBC,CXR,U/A,PE)+HBSAG+PT+DT', 'INDUSTRIAL', 0, '2019-01-16 15:21:03', '0000-00-00 00:00:00'),
(153, 'MCP (CXR,CBC,UA,FA,PE)', '290.00', 'MY CLOUD PEOPLE BASIC 5 (CXR PA, CBC, U/A, S/A, PE)', 'INDUSTRIAL', 0, '2019-01-16 15:21:03', '0000-00-00 00:00:00'),
(154, 'MDM SYSTEMS', '280.00', 'BASIC 5 (MDM SYSTEMS)', 'INDUSTRIAL', 0, '2019-01-16 15:21:03', '0000-00-00 00:00:00'),
(155, 'MEATPLUS (SDF) Basic 5+HBSag+DT', '600.00', 'MEATPLUS (SDF) Basic 5 CXR11X14, U/A, F/A, CBC, PE + HBSag+DT', 'INDUSTRIAL', 0, '2019-01-16 15:21:03', '0000-00-00 00:00:00'),
(156, 'MEDICAL CERTIFICATE', '200.00', 'FIT TO WORK', 'INDUSTRIAL', 0, '2019-01-16 15:21:03', '0000-00-00 00:00:00'),
(157, 'MEDICAL EXAM', '50.00', '(PEME) PRE- EMPLOYMENT MEDICAL EXAM', 'INDUSTRIAL', 0, '2019-01-16 15:21:03', '0000-00-00 00:00:00'),
(158, 'Metro Gaisano Marquee PEME', '550.00', 'Metro Gaisano Marquee PEME Basic 5 + HBSaG + Blood Type only', 'INDUSTRIAL', 0, '2019-01-16 15:21:03', '0000-00-00 00:00:00'),
(159, 'MIDORI BASIC 5+DT+HBsAg', '600.00', 'BASIC 5+DT+HBSAG', 'INDUSTRIAL', 0, '2019-01-16 15:21:03', '0000-00-00 00:00:00'),
(160, 'MIMOSA CADDY BASIC 5 + DT', '500.00', 'MIMOSA CADDY BASIC 5 + DT', 'INDUSTRIAL', 0, '2019-01-16 15:21:03', '0000-00-00 00:00:00'),
(161, 'MISTER DONUT (CXR,UA,SA,)', '250.00', 'BASIC 3 Xray, U/A, F/A', 'INDUSTRIAL', 0, '2019-01-16 15:21:03', '0000-00-00 00:00:00'),
(162, 'Mister Frost BASIC5+DT+HBsAg+PT', '700.00', 'Mister Frost BASIC 5 + DT+ HBsAg + PT', 'INDUSTRIAL', 0, '2019-01-16 15:21:03', '0000-00-00 00:00:00'),
(163, 'MISTER FROSTY PD', '350.00', 'Basic 5', 'INDUSTRIAL', 0, '2019-01-16 15:21:03', '0000-00-00 00:00:00'),
(164, 'Most Institute BASIC 5+HBsAg+DT', '600.00', 'Most Institute BASIC 5+HBsAg+DT', 'INDUSTRIAL', 0, '2019-01-16 15:21:03', '0000-00-00 00:00:00'),
(165, 'NCR B5+DT', '500.00', 'NCR B5+DT', 'INDUSTRIAL', 0, '2019-01-16 15:21:03', '0000-00-00 00:00:00'),
(166, 'NEO BASIC 5+HBSAG+ DT +PT', '700.00', 'NEO BASIC 5+ HBSAG +DT+PT', 'INDUSTRIAL', 0, '2019-01-16 15:21:03', '0000-00-00 00:00:00'),
(167, 'NEO BASIC 5+HBSAG+DT', '600.00', 'NEO BASIC 5+HBSAG+DT', 'INDUSTRIAL', 0, '2019-01-16 15:21:03', '0000-00-00 00:00:00'),
(168, 'NEOART APE', '1.00', 'CBC, FBS, LIPID PROFILE, SODIUM, POTASIUM, URIC ACID, BUN, CREATININE, SGPT, SGOT, U/A, CXR PA (INDUSTRIAL)', 'INDUSTRIAL', 0, '2019-01-16 15:21:03', '0000-00-00 00:00:00'),
(169, 'NVR B5, DT, HBSAG', '765.00', 'B5, DT, HBSAG', 'INDUSTRIAL', 0, '2019-01-16 15:21:03', '0000-00-00 00:00:00'),
(170, 'NVR BASIC 5 + DRUG TEST', '600.00', 'PHYSICAL EXAM, CBC, U/A, F/A, CHEST PA, DRUG TEST', 'INDUSTRIAL', 0, '2019-01-16 15:21:03', '0000-00-00 00:00:00'),
(171, 'OFFSURE', '350.00', 'OFFSURE BASIC 5', 'INDUSTRIAL', 0, '2019-01-16 15:21:03', '0000-00-00 00:00:00'),
(172, 'OI BASIC 5', '350.00', 'OI BASIC 5 INTELLICARE', 'INDUSTRIAL', 0, '2019-01-16 15:21:03', '0000-00-00 00:00:00'),
(173, 'OI BASIC 5+ECG', '650.00', 'OI BASIC 5+ECG', 'INDUSTRIAL', 0, '2019-01-16 15:21:03', '0000-00-00 00:00:00'),
(174, 'OI BASIC 5+ECG+PAPS(FEMALE)', '975.00', 'OI BASIC 5+ECG+PAPS(FEMALE)', 'INDUSTRIAL', 0, '2019-01-16 15:21:03', '0000-00-00 00:00:00'),
(175, 'OPTIMAL (BASIC 5)', '280.00', 'OPTIMAL (BASIC 5)  UA/FA/CBC/CXR/PE', 'INDUSTRIAL', 0, '2019-01-16 15:21:03', '0000-00-00 00:00:00'),
(176, 'OPTIMAL OUTSOURCING', '280.00', 'BASIC 5 (CXR, CBC, U/A, F/A, PE)', 'INDUSTRIAL', 0, '2019-01-16 15:21:03', '0000-00-00 00:00:00'),
(177, 'ORIGO BPO B5+DT', '500.00', 'ORIGO BPO(BASIC 5 +DT)', 'INDUSTRIAL', 0, '2019-01-16 15:21:03', '0000-00-00 00:00:00'),
(178, 'Owens APE Walk In B5', '350.00', 'Owens APE Walk In Basic 5 (CBC, UA, FA, XRAY, PE)', 'INDUSTRIAL', 0, '2019-01-16 15:21:03', '0000-00-00 00:00:00'),
(179, 'Owens APE Walk In B5+ECG+PAPs', '950.00', 'Owens APE Walk In B5+ECG+PAPs', 'INDUSTRIAL', 0, '2019-01-16 15:21:03', '0000-00-00 00:00:00'),
(180, 'Owens APE Walk In Basic 5 + ECG', '650.00', 'Owens APE Walk In Basic 5 + ECG', 'INDUSTRIAL', 0, '2019-01-16 15:21:03', '0000-00-00 00:00:00'),
(181, 'OWEN\'S BASIC 5 + DRUG TEST', '500.00', 'BASIC 5 + DRUG TEST', 'INDUSTRIAL', 0, '2019-01-16 15:21:03', '0000-00-00 00:00:00'),
(182, 'PACKAGE C', '350.00', 'PACKAGE C (HbsAg, urinalysis, fecalysis, chest xray, physical exam)', 'INDUSTRIAL', 0, '2019-01-16 15:21:03', '0000-00-00 00:00:00'),
(183, 'Penthouse Basic 5+HBSag+DT', '600.00', 'Penthouse APE Basic 5+HBSag+DT (CBC, U/A, F/A, HBsag, DT, Xray, PE)', 'INDUSTRIAL', 0, '2019-01-16 15:21:03', '0000-00-00 00:00:00'),
(184, 'Penthouse Basic 5+HBSag+DT+AHAV', '870.00', 'Penthouse Basic 5+HBSag+DT+Anti HAV for the Kitchen staff', 'INDUSTRIAL', 0, '2019-01-16 15:21:03', '0000-00-00 00:00:00'),
(185, 'PF P.E', '50.00', 'PF P.E', 'INDUSTRIAL', 0, '2019-01-16 15:21:03', '0000-00-00 00:00:00'),
(186, 'PHILLIES PRE EMPLOYMENT', '550.00', 'BASIC 5 + HBsAg + DRUG TEST', 'INDUSTRIAL', 0, '2019-01-16 15:21:03', '0000-00-00 00:00:00'),
(187, 'PHILLIES SPORTS APE', '370.00', 'BASIC 5 (CXR, CBC, U/A, F/A, PE) + HbSag', 'INDUSTRIAL', 0, '2019-01-16 15:21:03', '0000-00-00 00:00:00'),
(188, 'PRA CHEST PA+VDRL+UA+FA+PE', '1.00', 'Philippine Retirement Authority Package: Chest PA 14x17/ VDRL/ Complete Urinalysis/ Fecalysis/ PE', 'INDUSTRIAL', 0, '2019-01-16 15:21:03', '0000-00-00 00:00:00'),
(189, 'PROFIT MASTER BASIC 5 + DT', '500.00', 'PROFIT MASTER BASIC 5 + DT', 'INDUSTRIAL', 0, '2019-01-16 15:21:03', '0000-00-00 00:00:00'),
(190, 'PRUDENCE APE', '250.00', 'BASIC 5 (CXR, CBC, U/A, F/A, PE)', 'INDUSTRIAL', 0, '2019-01-16 15:21:03', '0000-00-00 00:00:00'),
(191, 'PRUDENCE PRE EMP', '550.00', 'BASIC 5  + DT + HEPA B', 'INDUSTRIAL', 0, '2019-01-16 15:21:03', '0000-00-00 00:00:00'),
(192, 'PUREGOLD', '850.00', 'B5 + DT+HBSAG+PREG TEST+BLOOD TYPING', 'INDUSTRIAL', 0, '2019-01-16 15:21:03', '0000-00-00 00:00:00'),
(193, 'QARAH SERVICES(B5+DT+HBSAG)', '550.00', 'QARAH SERVICES(B5+DT+HBSAG)', 'INDUSTRIAL', 0, '2019-01-16 15:21:03', '0000-00-00 00:00:00'),
(194, 'QUEENS APE BASIC 3', '250.00', 'QUEENS APE BASIC 3', 'INDUSTRIAL', 0, '2019-01-16 15:21:03', '0000-00-00 00:00:00'),
(195, 'QUEENS HOTEL STAFF APE', '150.00', 'QUEENS HOTEL STAFF APE\r\nXRAY ONLY', 'INDUSTRIAL', 0, '2019-01-16 15:21:03', '0000-00-00 00:00:00'),
(196, 'RCI BASIC 5 + HBsAg + DT (MALE)', '650.00', 'RCI BASIC 5+HBSag+DT', 'INDUSTRIAL', 0, '2019-01-16 15:21:03', '0000-00-00 00:00:00'),
(197, 'RCI BASIC 5+HBSag+PT+DT(FEMALE)', '700.00', 'RCI BASIC 5+HBSag+PT+DT(female)', 'INDUSTRIAL', 0, '2019-01-16 15:21:03', '0000-00-00 00:00:00'),
(198, 'RCI DRUG TEST', '100.00', 'RCI DRUG TEST', 'INDUSTRIAL', 0, '2019-01-16 15:21:03', '0000-00-00 00:00:00'),
(199, 'ROMAC BASIC 5 + DT + HBsAg', '550.00', 'BASIC 5+DRUG TEST + HBsAg', 'INDUSTRIAL', 0, '2019-01-16 15:21:03', '0000-00-00 00:00:00'),
(200, 'SARGAS PRE-EMP FEMALE', '700.00', 'SARGAS PRE-EMP FEMALE (CBC, U/A, F/A, DT, PT, HBSAG, XRAY, PE)', 'INDUSTRIAL', 0, '2019-01-16 15:21:03', '0000-00-00 00:00:00'),
(201, 'SARGAS PRE-EMP MALE', '600.00', 'SARGAS PRE-EMP FEMALE (CBC, U/A, F/A, DT, HBSAG, XRAY, PE)', 'INDUSTRIAL', 0, '2019-01-16 15:21:03', '0000-00-00 00:00:00'),
(202, 'SHORE 360(B5+DT)', '500.00', 'SHORE 360(B5+DT)', 'INDUSTRIAL', 0, '2019-01-16 15:21:03', '0000-00-00 00:00:00'),
(203, 'SKYCALL BASIC 5 + DT', '500.00', 'SKYCALL BASIC 5 + DT [cbc, u/a, f/a, XRAY, PE + DT]', 'INDUSTRIAL', 0, '2019-01-16 15:21:03', '0000-00-00 00:00:00'),
(204, 'SNIPER(DT+PSYCHE TEST)', '500.00', 'SNIPER(DT+PSYCHE TEST)', 'INDUSTRIAL', 0, '2019-01-16 15:21:03', '0000-00-00 00:00:00'),
(205, 'SRCI BASIC 5+HBSAG+DT', '600.00', 'SRCI BASIC 5+HBSAG+DT', 'INDUSTRIAL', 0, '2019-01-16 15:21:03', '0000-00-00 00:00:00'),
(206, 'STARTEK BASIC 4 + DT (Male)', '500.00', 'STARTEK BASIC 4 CBC, U/A, CXR, PE+ DT (Male)', 'INDUSTRIAL', 0, '2019-01-16 15:21:03', '0000-00-00 00:00:00'),
(207, 'STARTEK Basic 4+DT+PT (Female)', '575.00', 'STARTEK BASIC 4 (CBC, U/A, CXR, PE)+ DT + PT (FEMALE)', 'INDUSTRIAL', 0, '2019-01-16 15:21:03', '0000-00-00 00:00:00'),
(208, 'STI Basic 5', '300.00', 'STI/Syllabus Basic 5 (CBC, U/A. F/A, XRAY, PE)', 'INDUSTRIAL', 0, '2019-01-16 15:21:03', '0000-00-00 00:00:00'),
(209, 'STI PHYSICAL EXAM', '100.00', 'STI PHYSICAL EXAM', 'INDUSTRIAL', 0, '2019-01-16 15:21:03', '0000-00-00 00:00:00'),
(210, 'STI(BASIC 5 + DT + HBSAG)', '600.00', 'STI(BASIC 5 + DT + HBSAG)', 'INDUSTRIAL', 0, '2019-01-16 15:21:03', '0000-00-00 00:00:00'),
(211, 'STOTS BASIC 5+DT+HBSAG', '600.00', 'STOTS BASIC 5+DT+HBSAG', 'INDUSTRIAL', 0, '2019-01-16 15:21:03', '0000-00-00 00:00:00'),
(212, 'Support Ninja Basic 5 + DT', '500.00', 'Support Ninja Basic 5 + DT', 'INDUSTRIAL', 0, '2019-01-16 15:21:03', '0000-00-00 00:00:00'),
(213, 'SUSIE\'S', '450.00', 'SUSIE\'S(BASIC 5+HBSAG)', 'INDUSTRIAL', 0, '2019-01-16 15:21:03', '0000-00-00 00:00:00'),
(214, 'SWAGMAN HOTEL APE (BASIC 2)', '200.00', 'SWAGMAN HOTEL (BASIC 2)XRAY&UA', 'INDUSTRIAL', 0, '2019-01-16 15:21:03', '0000-00-00 00:00:00'),
(215, 'SWEET OPTION APE(B5)', '350.00', 'SWEET OPTION APE(BASIC 5 CXR,FA,UA,CBC,PE)', 'INDUSTRIAL', 0, '2019-01-16 15:21:03', '0000-00-00 00:00:00'),
(216, 'Systems APE non Avega', '350.00', 'System Plus College APE AVEGA Basic 5 (CBC, U/A, F/A, XRay, PE)', 'INDUSTRIAL', 0, '2019-01-16 15:21:03', '0000-00-00 00:00:00'),
(217, 'SYSTEMS OJT', '280.00', 'System Plus College OJT BASIC 5 (CXR, CBC, U/A, F/A, PE)', 'INDUSTRIAL', 0, '2019-01-16 15:21:03', '0000-00-00 00:00:00'),
(218, 'TALLSHIP PRE-EMP B5+DT', '500.00', 'BASIC 5(CBC,UA,CXR,FA,PE) + DT', 'INDUSTRIAL', 0, '2019-01-16 15:21:03', '0000-00-00 00:00:00'),
(219, 'TANIKA BASIC 5 +HBsAg+DT (MALE)', '730.00', 'TANIKA BASIC 5 +HBsAg+DT+BT (MALE)', 'INDUSTRIAL', 0, '2019-01-16 15:21:03', '0000-00-00 00:00:00'),
(220, 'TANIKA BASIC 5 +HBsAg+DT+PT+BT', '730.00', 'TANIKA BASIC 5 +HBsAg+DT+PT+BT (FEMALE)', 'INDUSTRIAL', 0, '2019-01-16 15:21:03', '0000-00-00 00:00:00'),
(221, 'TECHNO GLOBAL (B3+DT+PE+HBSAG)', '530.00', 'TECHNO GLOBAL INFINITY (B3+DT+PE+HBSAG)', 'INDUSTRIAL', 0, '2019-01-16 15:21:03', '0000-00-00 00:00:00'),
(222, 'ThemeBuilders PreEMP (Female)', '849.00', 'Basic 5 (CBC, FA, UA, PE, CXR PA) + HBSaG, Drug Testing, Blood typing (no RH factor), Pregnancy Testing (Female)', 'INDUSTRIAL', 0, '2019-01-16 15:21:03', '0000-00-00 00:00:00'),
(223, 'ThemeBuilders PreEMP (Male)', '749.00', 'Basic 5 (CBC, FA, UA, PE, CXR PA), HBSaG, Drug Testing, Blood typing (no RH Factor)', 'INDUSTRIAL', 0, '2019-01-16 15:21:03', '0000-00-00 00:00:00'),
(224, 'Universal Glasses (Aguila)', '500.00', 'Universal Glasses (Aguila) Basic 5 + Drug Testing', 'INDUSTRIAL', 0, '2019-01-16 15:21:03', '0000-00-00 00:00:00'),
(225, 'VENCIO\'S LOMI HOUSE', '200.00', 'VENCIO\'S LOMI HOUSE(BASIC 3)', 'INDUSTRIAL', 0, '2019-01-16 15:21:03', '0000-00-00 00:00:00'),
(226, 'Vitual Business Assistance, Inc', '350.00', 'BASIC 5 (CBC, U/A,F/A CXR, P.E)', 'INDUSTRIAL', 0, '2019-01-16 15:21:03', '0000-00-00 00:00:00'),
(227, 'VMG BASIC 5+HBSAG+DT', '600.00', 'VISONDYNA BASIC 5+HBSAG+DT', 'INDUSTRIAL', 0, '2019-01-16 15:21:03', '0000-00-00 00:00:00'),
(228, 'WELLFORM BASIC 5+DT+HBSAG', '550.00', 'WELLFORM BASIC 5+DT+HBSAG', 'INDUSTRIAL', 0, '2019-01-16 15:21:03', '0000-00-00 00:00:00'),
(229, 'WESTFIELD BASIC 5', '300.00', 'WESTFIELD BASIC 5', 'INDUSTRIAL', 0, '2019-01-16 15:21:03', '0000-00-00 00:00:00'),
(230, 'WITHCENTER(BASIC 5)', '350.00', 'WITHCENTER(BASIC 5) CXR,FA,UA,P.E,CBC', 'INDUSTRIAL', 0, '2019-01-16 15:21:03', '0000-00-00 00:00:00'),
(231, 'WONTECH APE(BASIC 5)', '350.00', 'WONTECH APE(BASIC 5)', 'INDUSTRIAL', 0, '2019-01-16 15:21:03', '0000-00-00 00:00:00'),
(232, 'WONTECH BASIC 5+ DT (MALE)', '400.00', 'WONTECH BASIC 5+ DT (MALE)', 'INDUSTRIAL', 0, '2019-01-16 15:21:03', '0000-00-00 00:00:00'),
(233, 'WONTECH BASIC 5+PT+DT', '450.00', 'BASIC 5+PT+DT', 'INDUSTRIAL', 0, '2019-01-16 15:21:03', '0000-00-00 00:00:00'),
(234, 'Yami Bulgogi Basic 3', '250.00', 'Yami Bulgogi Basic 3  Xray U/A F/A', 'INDUSTRIAL', 0, '2019-01-16 15:21:03', '0000-00-00 00:00:00'),
(235, 'YI SAN KOREAN RESTAURANT (B3)', '250.00', 'YI SAN B3 (UA, FA, CXR)', 'INDUSTRIAL', 0, '2019-01-16 15:21:03', '0000-00-00 00:00:00'),
(236, 'YOSHIOKA Basic 5', '350.00', 'Basic 5:  CBC, U/A, FA, CXR PA, PE', 'INDUSTRIAL', 0, '2019-01-16 15:21:03', '0000-00-00 00:00:00'),
(237, 'FWD PD 1 FULL MED. EXAM', '500.00', 'PD 1\r\n P.E - 500', 'INSURANCE', 0, '2019-01-16 15:21:03', '0000-00-00 00:00:00'),
(238, 'FWD PD 2 FULL MED. EXAM', '635.00', 'PD 2\r\nP.E -500\r\nUA-135', 'INSURANCE', 0, '2019-01-16 15:21:03', '0000-00-00 00:00:00'),
(239, 'FWD PD 3 FULL MED. EXAM', '1.00', 'PD 3\r\n U/A- 135, \r\nECG- 720, \r\nCXR PA - 324, \r\nP.E - 500', 'INSURANCE', 0, '2019-01-16 15:21:03', '0000-00-00 00:00:00'),
(240, 'FWD PD 4 FULL MED. EXAM.', '4.00', 'PD 4 \r\nP.E- 500\r\nU/A - 135\r\nECG- 720\r\nCXR PA - 324\r\nCBC- 225\r\nFBS - 144\r\nBUN - 171\r\nBUA - 378\r\nCREA - 171\r\nTOTAL CHOLESTEROL- 171\r\nSGPT - 198\r\nSGOT- 198\r\nHBAIC- 900\r\nNOTE: IF SGOT OR SGPT IS 2 X NORMAL, REQUIRES ALKALINE PHOSPHATASE AND GGTP\r\nADD. EXAM:\r\n', 'INSURANCE', 0, '2019-01-16 15:21:03', '0000-00-00 00:00:00'),
(241, 'FWD PD 5 FULL MED. EXAM', '4.00', 'PD 5\r\nP.E - 500\r\nU/A- 135\r\nECG- 720\r\nCXR PA- 324\r\nCBC - 225\r\nFBS - 144\r\nBUN- 171\r\nBUA- 378\r\nCREA- 171\r\nTOTAL CHOLESTEROL- 171\r\nSGPT- 198\r\nSGOT- 198\r\nHBAIC- 900\r\nHIV- 675\r\nNOTE: IF SGOT OR SGPT IS 2 X NORMAL REQUIRES ALKALINE PHOSPATASE AND GGTP\r\nADD. EXAM', 'INSURANCE', 0, '2019-01-16 15:21:03', '0000-00-00 00:00:00'),
(242, 'FWD PD 6 FULL MED. EXAM.', '5.00', 'PD 6\r\nP.E  - 500\r\nU/A- 135\r\nECG- 720\r\nCXR PA- 324\r\nCBC - 225\r\nFBS - 144\r\nBUN- 171\r\nBUA- 378\r\nCREA- 171\r\nTOTAL CHOLESTEROL- 171\r\nSGPT-198\r\nSGOT-198\r\nHBAIC- 900\r\nHIV- 675\r\nHBSAG- 297\r\nNOTE: IF SGOT OR SGPT IS 2 X NORMAL , REQUIRES ALKALINE PHOSPHATASE AND G', 'INSURANCE', 0, '2019-01-16 15:21:03', '0000-00-00 00:00:00'),
(243, 'KNEED A FOLD', '200.00', 'KNEED N FOLD(BASIC 3)', 'INSURANCE', 0, '2019-01-16 15:21:03', '0000-00-00 00:00:00'),
(244, 'WARTS REMOVAL 1000', '1.00', 'WARTS REMOVAL 1000', 'INSURANCE', 0, '2019-01-16 15:21:03', '0000-00-00 00:00:00'),
(245, 'WARTS REMOVAL 200', '200.00', 'WARTS REMOVAL 200', 'INSURANCE', 0, '2019-01-16 15:21:03', '0000-00-00 00:00:00'),
(246, 'WARTS REMOVAL 300', '300.00', 'WARTS REMOVAL 300', 'INSURANCE', 0, '2019-01-16 15:21:03', '0000-00-00 00:00:00'),
(247, 'WARTS REMOVAL 500', '500.00', 'WARTS REMOVAL 500', 'INSURANCE', 0, '2019-01-16 15:21:03', '0000-00-00 00:00:00'),
(248, 'WARTS REMOVAL 700', '700.00', 'WARTS REMOVAL 700', 'INSURANCE', 0, '2019-01-16 15:21:03', '0000-00-00 00:00:00'),
(249, 'ABG', '650.00', 'ABG', 'CashLab', 0, '2019-01-16 15:21:03', '0000-00-00 00:00:00'),
(250, 'ABX MICROS CLEANER', '0.00', 'ABX MICROS CLEANER', 'CashLab', 0, '2019-01-16 15:21:03', '0000-00-00 00:00:00'),
(251, 'ABX MINIDIL LMG', '0.00', 'ABX MINIDIL LMG', 'CashLab', 0, '2019-01-16 15:21:03', '0000-00-00 00:00:00'),
(252, 'ABX MINILYSE', '0.00', '', 'CashLab', 0, '2019-01-16 15:21:03', '0000-00-00 00:00:00'),
(253, 'AFB STAIN', '185.00', 'AFB STAIN', 'CashLab', 0, '2019-01-16 15:21:03', '0000-00-00 00:00:00'),
(254, 'AFP  (Liver CA)', '750.00', 'AFP  (Liver CA)', 'CashLab', 0, '2019-01-16 15:21:03', '0000-00-00 00:00:00'),
(255, 'AFP  (Liver CA) (w/ Dilution)', '975.00', 'AFP  (Liver CA) (w/ Dilution)', 'CashLab', 0, '2019-01-16 15:21:03', '0000-00-00 00:00:00'),
(256, 'ALBUMIN SERUM', '250.00', '24 HR URINE ALBUMIN', 'CashLab', 0, '2019-01-16 15:21:03', '0000-00-00 00:00:00'),
(257, 'ALBUMIN SERUM', '125.00', 'ALBUMIN SERUM', 'CashLab', 0, '2019-01-16 15:21:03', '0000-00-00 00:00:00'),
(258, 'ALKALINE PHOSPHATASE (ALP)', '120.00', 'ALKALINE PHOSPHATASE (ALP)', 'CashLab', 0, '2019-01-16 15:21:03', '0000-00-00 00:00:00'),
(259, 'ALT', '2.00', 'ALT', 'CashLab', 0, '2019-01-16 15:21:03', '0000-00-00 00:00:00'),
(260, 'AMMONIA (NH3)', '1.00', 'AMMONIA (NH3)', 'CashLab', 0, '2019-01-16 15:21:03', '0000-00-00 00:00:00'),
(261, 'AMOEBA CONC. TECHNIQUE', '175.00', 'AMOEBA CONC. TECHNIQUE', 'CashLab', 0, '2019-01-16 15:21:03', '0000-00-00 00:00:00'),
(262, 'AMYLASE SERUM', '520.00', 'AMYLASE', 'CashLab', 0, '2019-01-16 15:21:03', '0000-00-00 00:00:00'),
(263, 'AMYLASE SERUM', '600.00', '24 HR URINE', 'CashLab', 0, '2019-01-16 15:21:03', '0000-00-00 00:00:00'),
(264, 'ANA', '640.00', 'ANA', 'CashLab', 0, '2019-01-16 15:21:03', '0000-00-00 00:00:00'),
(265, 'ANA (w/ Dilution)', '1.00', 'ANA (w/ Dilution)', 'CashLab', 0, '2019-01-16 15:21:03', '0000-00-00 00:00:00'),
(266, 'ANTI HAV IGM', '270.00', 'INDUSTRIAL(HAV IGM)', 'CashLab', 0, '2019-01-16 15:21:03', '0000-00-00 00:00:00'),
(267, 'ANTI-HAV IgG', '395.00', 'ANTI-HAV IgG', 'CashLab', 0, '2019-01-16 15:21:03', '0000-00-00 00:00:00'),
(268, 'ANTI-HAV IgM', '370.00', 'ANTI-HAV IgM', 'CashLab', 0, '2019-01-16 15:21:03', '0000-00-00 00:00:00'),
(269, 'ANTI-HBc IgG', '340.00', 'ANTI-HBc IgG', 'CashLab', 0, '2019-01-16 15:21:03', '0000-00-00 00:00:00'),
(270, 'ANTI-HBc IgM', '340.00', 'ANTI-HBc IgM', 'CashLab', 0, '2019-01-16 15:21:03', '0000-00-00 00:00:00'),
(271, 'ANTI-HBE', '330.00', 'ANTI-HBE', 'CashLab', 0, '2019-01-16 15:21:03', '0000-00-00 00:00:00'),
(272, 'ANTI-HBs', '210.00', 'ANTI-HBs', 'CashLab', 0, '2019-01-16 15:21:03', '0000-00-00 00:00:00'),
(273, 'ANTI-HCV', '600.00', 'ANTI-HCV', 'CashLab', 0, '2019-01-16 15:21:03', '0000-00-00 00:00:00'),
(274, 'ARSENIC ( TOXICOLOGY )', '871.00', 'ARSENIC ( TOXICOLOGY )', 'CashLab', 0, '2019-01-16 15:21:03', '0000-00-00 00:00:00'),
(275, 'ASO', '270.00', 'ASO', 'CashLab', 0, '2019-01-16 15:21:03', '0000-00-00 00:00:00'),
(276, 'ASO (w/ Dilution)', '450.00', 'ASO (w/ Dilution)', 'CashLab', 0, '2019-01-16 15:21:03', '0000-00-00 00:00:00'),
(277, 'AST', '0.00', 'AST', 'CashLab', 0, '2019-01-16 15:21:03', '0000-00-00 00:00:00'),
(278, 'BARBITURATES (Quali)', '300.00', 'BARBITURATES (Quali)', 'CashLab', 0, '2019-01-16 15:21:03', '0000-00-00 00:00:00'),
(279, 'BENZODIAZEPINE (Quali)', '300.00', 'BENZODIAZEPINE (Quali)', 'CashLab', 0, '2019-01-16 15:21:03', '0000-00-00 00:00:00'),
(280, 'Beta Serum HCG (Quantitative)', '950.00', 'Beta Serum HCG (Quantitative)', 'CashLab', 0, '2019-01-16 15:21:03', '0000-00-00 00:00:00'),
(281, 'B-HCG  (H Mole)', '850.00', 'B-HCG  (H Mole)', 'CashLab', 0, '2019-01-16 15:21:03', '0000-00-00 00:00:00'),
(282, 'B-HCG  (H Mole) (w/ Dilution)', '1.00', 'B-HCG  (H Mole) (w/ Dilution)', 'CashLab', 0, '2019-01-16 15:21:03', '0000-00-00 00:00:00'),
(283, 'BILIRUBIN (B1B2)', '195.00', 'BILIRUBIN (B1B2)', 'CashLab', 0, '2019-01-16 15:21:03', '0000-00-00 00:00:00'),
(284, 'BLEEDING TIME', '70.00', 'BLEEDING TIME', 'CashLab', 0, '2019-01-16 15:21:03', '0000-00-00 00:00:00'),
(285, 'BLOOD C/S ( THIO )', '950.00', 'BLOOD C/S ( THIO )', 'CashLab', 0, '2019-01-16 15:21:03', '0000-00-00 00:00:00'),
(286, 'BLOOD C/S (OXOID)', '950.00', 'BLOOD C/S (OXOID)', 'CashLab', 0, '2019-01-16 15:21:03', '0000-00-00 00:00:00'),
(287, 'BLOOD C/S WITH ARD', '1.00', 'BLOOD C/S WITH ARD', 'CashLab', 0, '2019-01-16 15:21:03', '0000-00-00 00:00:00'),
(288, 'BLOOD TYPE / RH FACTOR', '150.00', 'BLOOD TYPE / RH FACTOR', 'CashLab', 0, '2019-01-16 15:21:03', '0000-00-00 00:00:00'),
(289, 'BLOOD TYPING', '75.00', 'BLOOD TYPING', 'CashLab', 0, '2019-01-16 15:21:03', '0000-00-00 00:00:00'),
(290, 'BUN', '95.00', 'BUN', 'CashLab', 0, '2019-01-16 15:21:03', '0000-00-00 00:00:00'),
(291, 'C3 (COMPLIMENT 3)', '525.00', 'C3 (COMPLIMENT 3)', 'CashLab', 0, '2019-01-16 15:21:03', '0000-00-00 00:00:00'),
(292, 'CA 125  (Ovarian CA)', '1.00', 'CA 125  (Ovarian CA)', 'CashLab', 0, '2019-01-16 15:21:03', '0000-00-00 00:00:00'),
(293, 'CA 125  (Ovarian CA) (w/ Diluti', '1.00', 'CA 125  (Ovarian CA) (w/ Dilution)', 'CashLab', 0, '2019-01-16 15:21:03', '0000-00-00 00:00:00'),
(294, 'CA 15-3  (Breast CA)', '1.00', 'CA 15-3  (Breast CA)', 'CashLab', 0, '2019-01-16 15:21:03', '0000-00-00 00:00:00'),
(295, 'CA 15-3  (Breast CA) (w/ Diluti', '1.00', 'CA 15-3  (Breast CA) (w/ Dilution)', 'CashLab', 0, '2019-01-16 15:21:03', '0000-00-00 00:00:00'),
(296, 'CA 19-9  (Pancreatic CA)', '1.00', 'CA 19-9  (Pancreatic CA)', 'CashLab', 0, '2019-01-16 15:21:03', '0000-00-00 00:00:00'),
(297, 'CA 19-9  (Pancreatic CA) (w/ Di', '2.00', 'CA 19-9  (Pancreatic CA) (w/ Dilution)', 'CashLab', 0, '2019-01-16 15:21:03', '0000-00-00 00:00:00'),
(298, 'CA 72-4 (GI CA)', '3.00', 'CA 72-4 (GI CA)', 'CashLab', 0, '2019-01-16 15:21:03', '0000-00-00 00:00:00'),
(299, 'CA 72-4 (GI CA) w/ Titer', '3.00', 'CA 72-4 (GI CA) w/ Titer', 'CashLab', 0, '2019-01-16 15:21:03', '0000-00-00 00:00:00'),
(300, 'CADNIUM ( TOXICOLOGY )', '416.00', 'CADNIUM ( TOXICOLOGY )', 'CashLab', 0, '2019-01-16 15:21:03', '0000-00-00 00:00:00'),
(301, 'CALCIUM', '600.00', '24 HR URINE', 'CashLab', 0, '2019-01-16 15:21:03', '0000-00-00 00:00:00'),
(302, 'CANNABINOIDS / METHAMPHETAMINE', '300.00', 'CANNABINOIDS / METHAMPHETAMINE', 'CashLab', 0, '2019-01-16 15:21:03', '0000-00-00 00:00:00'),
(303, 'CARBON DIOXIDE (CO2)', '300.00', 'CARBON DIOXIDE (CO2)', 'CashLab', 0, '2019-01-16 15:21:03', '0000-00-00 00:00:00'),
(304, 'CBC', '125.00', 'CBC', 'CashLab', 0, '2019-01-16 15:21:03', '0000-00-00 00:00:00'),
(305, 'CEA  (Colorectal CA)', '750.00', 'CEA  (Colorectal CA)', 'CashLab', 0, '2019-01-16 15:21:03', '0000-00-00 00:00:00'),
(306, 'CEA  (Colorectal CA) (w/ Diluti', '950.00', 'CEA  (Colorectal CA) (w/ Dilution)', 'CashLab', 0, '2019-01-16 15:21:03', '0000-00-00 00:00:00'),
(307, 'CELL BLOCK & Slide Deposit', '600.00', 'CELL BLOCK & Slide Deposit for patient retrieval', 'CashLab', 0, '2019-01-16 15:21:03', '0000-00-00 00:00:00'),
(308, 'CHLAMYDIA', '1.00', 'LAB TEST on sterile swab sample fr cervix. SO', 'CashLab', 0, '2019-01-16 15:21:03', '0000-00-00 00:00:00'),
(309, 'CHLORIDE', '600.00', '24 HR URINE', 'CashLab', 0, '2019-01-16 15:21:03', '0000-00-00 00:00:00'),
(310, 'CHLORIDE', '120.00', 'CHLORIDE', 'CashLab', 0, '2019-01-16 15:21:03', '0000-00-00 00:00:00'),
(311, 'CHOLESTEROL', '95.00', 'CHOLESTEROL', 'CashLab', 0, '2019-01-16 15:21:03', '0000-00-00 00:00:00'),
(312, 'CLOTTING TIME', '70.00', 'CLOTTING TIME', 'CashLab', 0, '2019-01-16 15:21:03', '0000-00-00 00:00:00'),
(313, 'CMV Screening', '800.00', 'CMV Screening', 'CashLab', 0, '2019-01-16 15:21:03', '0000-00-00 00:00:00'),
(314, 'COCAINE', '300.00', 'COCAINE', 'CashLab', 0, '2019-01-16 15:21:03', '0000-00-00 00:00:00'),
(315, 'Collection [Papsmear/Chlamidia]', '500.00', 'Collection [Papsmear/Chlamidia] by Midwife', 'CashLab', 0, '2019-01-16 15:21:03', '0000-00-00 00:00:00'),
(316, 'COMPLETE URINALYSIS', '75.00', 'COMPLETE URINALYSIS', 'CashLab', 0, '2019-01-16 15:21:03', '0000-00-00 00:00:00'),
(317, 'CONFIRMATORY TEST (Marijuana)', '1.00', 'CONFIRMATORY TEST (Marijuana)', 'CashLab', 0, '2019-01-16 15:21:03', '0000-00-00 00:00:00'),
(318, 'CONFIRMATORY TEST (Shabu)', '1.00', 'CONFIRMATORY TEST (Shabu)', 'CashLab', 0, '2019-01-16 15:21:03', '0000-00-00 00:00:00'),
(319, 'COOMB\'S TEST (RH CFM)', '175.00', 'COOMB\'S TEST (RH CFM)', 'CashLab', 0, '2019-01-16 15:21:03', '0000-00-00 00:00:00'),
(320, 'CORTISOL', '600.00', 'CORTISOL', 'CashLab', 0, '2019-01-16 15:21:03', '0000-00-00 00:00:00'),
(321, 'COTININE (Nicotine Test)', '300.00', 'COTININE (Nicotine Test)', 'CashLab', 0, '2019-01-16 15:21:03', '0000-00-00 00:00:00'),
(322, 'CPK', '330.00', 'CPK', 'CashLab', 0, '2019-01-16 15:21:03', '0000-00-00 00:00:00'),
(323, 'CPK MB', '450.00', 'CPK MB', 'CashLab', 0, '2019-01-16 15:21:03', '0000-00-00 00:00:00'),
(324, 'CPK MM', '750.00', 'CPK MM', 'CashLab', 0, '2019-01-16 15:21:03', '0000-00-00 00:00:00'),
(325, 'CREATININE', '95.00', 'Creatinine', 'CashLab', 0, '2019-01-16 15:21:03', '0000-00-00 00:00:00'),
(326, 'CREATININE', '600.00', '24 HR URINE', 'CashLab', 0, '2019-01-16 15:21:03', '0000-00-00 00:00:00'),
(327, 'CREATININE CLEARANCE', '210.00', 'CREATININE CLEARANCE', 'CashLab', 0, '2019-01-16 15:21:03', '0000-00-00 00:00:00'),
(328, 'CRP', '220.00', 'CRP', 'CashLab', 0, '2019-01-16 15:21:03', '0000-00-00 00:00:00'),
(329, 'CRP (w/ Dilution)', '450.00', 'CRP (w/ Dilution)', 'CashLab', 0, '2019-01-16 15:21:03', '0000-00-00 00:00:00'),
(330, 'CRT', '100.00', 'CRT', 'CashLab', 0, '2019-01-16 15:21:03', '0000-00-00 00:00:00'),
(331, 'CULTURE & SENSITIVITY (BREAST)', '425.00', 'CULTURE & SENSITIVITY (BREAST)', 'CashLab', 0, '2019-01-16 15:21:03', '0000-00-00 00:00:00'),
(332, 'CULTURE & SENSITIVITY (GENITAL', '425.00', 'CULTURE & SENSITIVITY (GENITAL FLUID)', 'CashLab', 0, '2019-01-16 15:21:03', '0000-00-00 00:00:00'),
(333, 'CULTURE & SENSITIVITY (NASAL, E', '425.00', 'CULTURE & SENSITIVITY (NASAL, EAR, EYE EACH)', 'CashLab', 0, '2019-01-16 15:21:03', '0000-00-00 00:00:00'),
(334, 'CULTURE & SENSITIVITY (SPUTUM)', '425.00', 'CULTURE & SENSITIVITY (SPUTUM)', 'CashLab', 0, '2019-01-16 15:21:03', '0000-00-00 00:00:00'),
(335, 'CULTURE & SENSITIVITY (TISSUE,', '425.00', 'CULTURE & SENSITIVITY (TISSUE, SKIN, WOUND EACH)', 'CashLab', 0, '2019-01-16 15:21:03', '0000-00-00 00:00:00'),
(336, 'CULTURE & SENSITIVITY (VAGINAL)', '425.00', 'CULTURE & SENSITIVITY (VAGINAL)', 'CashLab', 0, '2019-01-16 15:21:03', '0000-00-00 00:00:00'),
(337, 'CULTURE AND SENSITIVITY (STOOL)', '520.00', 'CULTURE AND SENSITIVITY (STOOL)', 'CashLab', 0, '2019-01-16 15:21:03', '0000-00-00 00:00:00'),
(338, 'CULTURE ONLY', '350.00', 'CULTURE ONLY', 'CashLab', 0, '2019-01-16 15:21:03', '0000-00-00 00:00:00'),
(339, 'CYANIDE ( TOXICOLOGY )', '1.00', 'CYANIDE ( TOXICOLOGY )', 'CashLab', 0, '2019-01-16 15:21:03', '0000-00-00 00:00:00'),
(340, 'D-DIMER', '3.00', 'D-DIMER', 'CashLab', 0, '2019-01-16 15:21:03', '0000-00-00 00:00:00'),
(341, 'DENGUE NSI (QUALI)', '1.00', 'DENGUE NSI (QUALI)', 'CashLab', 0, '2019-01-16 15:21:03', '0000-00-00 00:00:00'),
(342, 'DENGUE TEST IgM / IgG', '950.00', 'DENGUE TEST IgM / IgG', 'CashLab', 0, '2019-01-16 15:21:03', '0000-00-00 00:00:00'),
(343, 'DGBH Complete Blood Count', '125.00', 'Divine Grace Birthing Home Complete Blood Count [RBC, WBC, Platelet]', 'CashLab', 0, '2019-01-16 15:21:03', '0000-00-00 00:00:00'),
(344, 'DGBH HBsAg Screening', '145.00', 'Divine Grace Birthing Home HBsAg Screening', 'CashLab', 0, '2019-01-16 15:21:03', '0000-00-00 00:00:00'),
(345, 'DGBH PAPSMEAR', '90.00', '', 'CashLab', 0, '2019-01-16 15:21:03', '0000-00-00 00:00:00'),
(346, 'DGBH URINALYSIS', '45.00', 'Divine Grace Birthing Home Urinalysis 4 Parameter + Clinical Microscopy', 'CashLab', 0, '2019-01-16 15:21:03', '0000-00-00 00:00:00'),
(347, 'DGBH VDRL/RPR', '90.00', 'DIVINE GRACE BIRTHING HOME VDRL/RPR', 'CashLab', 0, '2019-01-16 15:21:03', '0000-00-00 00:00:00'),
(348, 'DIGOXIN', '720.00', 'DIGOXIN', 'CashLab', 0, '2019-01-16 15:21:03', '0000-00-00 00:00:00'),
(349, 'DRUG TEST', '300.00', 'DRUG TEST', 'CashLab', 0, '2019-01-16 15:21:03', '0000-00-00 00:00:00'),
(350, 'DU TEST', '200.00', 'DU TEST', 'CashLab', 0, '2019-01-16 15:21:03', '0000-00-00 00:00:00'),
(351, 'EASYLYTE PACK SOLUTION', '0.00', 'NA/K/CL PACK SOLUTION', 'CashLab', 0, '2019-01-16 15:21:03', '0000-00-00 00:00:00'),
(352, 'ECSTACY', '300.00', 'ECSTACY', 'CashLab', 0, '2019-01-16 15:21:03', '0000-00-00 00:00:00'),
(353, 'Electrolites Na/K/CL', '11.00', 'Electrolites Na/K/CL Solution Pack', 'CashLab', 0, '2019-01-16 15:21:03', '0000-00-00 00:00:00'),
(354, 'ENVIRONMENT ANALYSIS / AREA', '500.00', 'ENVIRONMENT ANALYSIS / AREA', 'CashLab', 0, '2019-01-16 15:21:03', '0000-00-00 00:00:00'),
(355, 'ESR', '104.00', 'ESR', 'CashLab', 0, '2019-01-16 15:21:03', '0000-00-00 00:00:00'),
(356, 'ESTRADIOL / ESTROGEN', '1.00', 'ESTRADIOL / ESTROGEN', 'CashLab', 0, '2019-01-16 15:21:03', '0000-00-00 00:00:00'),
(357, 'ETHANOL (Serum)', '600.00', 'ETHANOL (Serum)', 'CashLab', 0, '2019-01-16 15:21:03', '0000-00-00 00:00:00'),
(358, 'Fasting Blood Sugar', '80.00', 'FBS', 'CashLab', 0, '2019-01-16 15:21:03', '0000-00-00 00:00:00'),
(359, 'FECALYSIS', '65.00', 'FECALYSIS', 'CashLab', 0, '2019-01-16 15:21:03', '0000-00-00 00:00:00'),
(360, 'FERRITIN', '1.00', 'FERRITIN', 'CashLab', 0, '2019-01-16 15:21:03', '0000-00-00 00:00:00'),
(361, 'FERRITIN w/ Titer', '1.00', 'FERRITIN w/ Titer', 'CashLab', 0, '2019-01-16 15:21:03', '0000-00-00 00:00:00'),
(362, 'FLUID ANALYSIS', '385.00', 'FLUID ANALYSIS', 'CashLab', 0, '2019-01-16 15:21:03', '0000-00-00 00:00:00'),
(363, 'FNAB SMEAR (maximum 4 slides)', '375.00', 'FNAB SMEAR (maximum 4 slides)', 'CashLab', 0, '2019-01-16 15:21:03', '0000-00-00 00:00:00'),
(364, 'FREE PSA + TOTAL PSA', '1.00', 'FREE PSA + TOTAL PSA', 'CashLab', 0, '2019-01-16 15:21:03', '0000-00-00 00:00:00'),
(365, 'FSH', '600.00', 'FSH', 'CashLab', 0, '2019-01-16 15:21:03', '0000-00-00 00:00:00'),
(366, 'FT3 (ECLA)', '400.00', 'FT3 (ECLA)', 'CashLab', 0, '2019-01-16 15:21:03', '0000-00-00 00:00:00'),
(367, 'FT3, FT4 (RIA) (each)', '660.00', 'FT3, FT4 (RIA) (each)', 'CashLab', 0, '2019-01-16 15:21:03', '0000-00-00 00:00:00'),
(368, 'FT4 (ECLA)', '375.00', 'FT4 (ECLA)', 'CashLab', 0, '2019-01-16 15:21:03', '0000-00-00 00:00:00'),
(369, 'FUNGAL CULTURE', '275.00', 'FUNGAL CULTURE', 'CashLab', 0, '2019-01-16 15:21:03', '0000-00-00 00:00:00'),
(370, 'GASTRICBIOPSY FOR H.PYLORI', '1.00', 'GASTRICBIOPSY FOR H.PYLORI', 'CashLab', 0, '2019-01-16 15:21:03', '0000-00-00 00:00:00'),
(371, 'GGTP', '275.00', 'GGTP', 'CashLab', 0, '2019-01-16 15:21:03', '0000-00-00 00:00:00'),
(372, 'GLUCOSE', '600.00', '24 HR URINE', 'CashLab', 0, '2019-01-16 15:21:03', '0000-00-00 00:00:00'),
(373, 'GLUCOSE (each) PP 2HR', '85.00', 'GLUCOSE (each) PP 2HR', 'CashLab', 0, '2019-01-16 15:21:03', '0000-00-00 00:00:00'),
(374, 'GLUCOSE PAP CP', '0.00', 'GLUCOSE PAP CP', 'CashLab', 0, '2019-01-16 15:21:03', '0000-00-00 00:00:00'),
(375, 'GRAM STAIN', '110.00', 'GRAM STAIN', 'CashLab', 0, '2019-01-16 15:21:03', '0000-00-00 00:00:00'),
(376, 'H. PYLORI (FECAL)', '370.00', 'QUALI', 'CashLab', 0, '2019-01-16 15:21:03', '0000-00-00 00:00:00'),
(377, 'H. PYLORI (Quali)', '1.00', 'H. PYLORI (Quali)', 'CashLab', 0, '2019-01-16 15:21:03', '0000-00-00 00:00:00'),
(378, 'H. PYLORI IgG (QUANTI)', '3.00', 'H. PYLORI IgG (QUANTI)', 'CashLab', 0, '2019-01-16 15:21:03', '0000-00-00 00:00:00');
INSERT INTO `qpd_items` (`ItemID`, `ItemName`, `ItemPrice`, `ItemDescription`, `ItemType`, `TestType`, `CreationDate`, `DateUpdate`) VALUES
(379, 'H. PYLORI IgM (QUALI)', '3.00', 'H. PYLORI IgM (QUALI)', 'CashLab', 0, '2019-01-16 15:21:03', '0000-00-00 00:00:00'),
(380, 'H. PYLORI IgM (Quanti)', '3.00', 'H. PYLORI IgM (Quanti)', 'CashLab', 0, '2019-01-16 15:21:03', '0000-00-00 00:00:00'),
(381, 'HALOGEN LAMP', '30.00', '', 'CashLab', 0, '2019-01-16 15:21:03', '0000-00-00 00:00:00'),
(382, 'HBA1-C', '500.00', 'HBA1-C', 'CashLab', 0, '2019-01-16 15:21:03', '0000-00-00 00:00:00'),
(383, 'HBeAg', '330.00', 'HBeAg', 'CashLab', 0, '2019-01-16 15:21:03', '0000-00-00 00:00:00'),
(384, 'HBsAg (Screening)', '165.00', 'HBsAg (Screening)', 'CashLab', 0, '2019-01-16 15:21:03', '0000-00-00 00:00:00'),
(385, 'HBsAg w/ Titer', '185.00', 'HBsAg w/ Titer', 'CashLab', 0, '2019-01-16 15:21:03', '0000-00-00 00:00:00'),
(386, 'HBV-DNA (PCR Method)', '8.00', 'HBV-DNA (PCR Method) Discount P1,352.00', 'CashLab', 0, '2019-01-16 15:21:03', '0000-00-00 00:00:00'),
(387, 'HCV-RNA', '8.00', 'HCV-RNA', 'CashLab', 0, '2019-01-16 15:21:03', '0000-00-00 00:00:00'),
(388, 'HDL', '11.00', 'HDL DIRET CP', 'CashLab', 0, '2019-01-16 15:21:03', '0000-00-00 00:00:00'),
(389, 'HDL CHOLE', '0.00', 'HDL CHOLE 3 X 10 ML', 'CashLab', 0, '2019-01-16 15:21:03', '0000-00-00 00:00:00'),
(390, 'HDL, LDL-VLDL', '185.00', 'HDL, LDL-VLDL', 'CashLab', 0, '2019-01-16 15:21:03', '0000-00-00 00:00:00'),
(391, 'hema', '0.00', 'HEMA CALIBRATOR ABX MICROS', 'CashLab', 0, '2019-01-16 15:21:03', '0000-00-00 00:00:00'),
(392, 'HEMA CONTROLS', '0.00', 'HEMA CONTROLS for ABX Micros ES 60 Low, Normal, High', 'CashLab', 0, '2019-01-16 15:21:03', '0000-00-00 00:00:00'),
(393, 'HEPA (A & B Profile) ( 2 to 5 +', '1.00', 'HEPA (A & B Profile) ( 2 to 5 +', 'CashLab', 0, '2019-01-16 15:21:03', '0000-00-00 00:00:00'),
(394, 'HEPA (A B C Profile) ( 2 to 10', '3.00', 'HEPA (A B C Profile) ( 2 to 10 )', 'CashLab', 0, '2019-01-16 15:21:03', '0000-00-00 00:00:00'),
(395, 'HEPA B 5TEST CONFIRMATORY', '1.00', 'HBSAG TITER, Anti HBc IgM\nAnti- HBe\nHBe Ag, SGPT', 'CashLab', 0, '2019-01-16 15:21:03', '0000-00-00 00:00:00'),
(396, 'HEPA-B Full Panel ( 2 to 7 )', '1.00', 'HEPA-B Full Panel ( 2 to 7 )', 'CashLab', 0, '2019-01-16 15:21:03', '0000-00-00 00:00:00'),
(397, 'HEPA-B Screening Test (2+3)', '395.00', 'HEPA-B Screening Test (2+3)', 'CashLab', 0, '2019-01-16 15:21:03', '0000-00-00 00:00:00'),
(398, 'HEPATITIS C PCR GENOTYPING', '21.00', '', 'CashLab', 0, '2019-01-16 15:21:03', '0000-00-00 00:00:00'),
(399, 'HGB & HCT', '95.00', 'HGB & HCT', 'CashLab', 0, '2019-01-16 15:21:03', '0000-00-00 00:00:00'),
(400, 'HIGH SENSITIVE CRP', '650.00', 'HIGH SENSITIVE CRP', 'CashLab', 0, '2019-01-16 15:21:03', '0000-00-00 00:00:00'),
(401, 'HISTOPATH / CYTOLOGY EXTRA LARG', '2.00', 'HISTOPATH / CYTOLOGY EXTRA LARGE (16.1CM AND ABOVE )', 'CashLab', 0, '2019-01-16 15:21:03', '0000-00-00 00:00:00'),
(402, 'HISTOPATH / CYTOLOGY LARGE (7.1', '1.00', 'HISTOPATH / CYTOLOGY LARGE (7.1CM - 16.0CM)', 'CashLab', 0, '2019-01-16 15:21:03', '0000-00-00 00:00:00'),
(403, 'HISTOPATH / CYTOLOGY MEDIUM (5C', '850.00', 'HISTOPATH / CYTOLOGY MEDIUM (5CM - 7CM)', 'CashLab', 0, '2019-01-16 15:21:03', '0000-00-00 00:00:00'),
(404, 'HISTOPATH / CYTOLOGY SMALL (<5C', '600.00', 'HISTOPATH / CYTOLOGY SMALL (<5CM)', 'CashLab', 0, '2019-01-16 15:21:03', '0000-00-00 00:00:00'),
(405, 'HIV (1 & 2)', '1.00', 'HIV (1 & 2) (Quanti)', 'CashLab', 0, '2019-01-16 15:21:03', '0000-00-00 00:00:00'),
(406, 'HIV SCREENING', '375.00', 'HIV (1 & 2) (Quali)', 'CashLab', 0, '2019-01-16 15:21:03', '0000-00-00 00:00:00'),
(407, 'HSV 2 IgM', '2.00', 'HSV 2 IgM', 'CashLab', 0, '2019-01-16 15:21:03', '0000-00-00 00:00:00'),
(408, 'HSV Screening', '800.00', 'HSV Screening', 'CashLab', 0, '2019-01-16 15:21:03', '0000-00-00 00:00:00'),
(409, 'INDIA INK', '200.00', 'INDIA INK', 'CashLab', 0, '2019-01-16 15:21:03', '0000-00-00 00:00:00'),
(410, 'INORGANIC PHOSPHORUS', '175.00', 'INORGANIC PHOSPHORUS', 'CashLab', 0, '2019-01-16 15:21:03', '0000-00-00 00:00:00'),
(411, 'IONIZED CALCIUM', '450.00', 'IONIZED CALCIUM', 'CashLab', 0, '2019-01-16 15:21:03', '0000-00-00 00:00:00'),
(412, 'IRON (Fe)', '350.00', 'IRON (Fe)', 'CashLab', 0, '2019-01-16 15:21:03', '0000-00-00 00:00:00'),
(413, 'JOSE FELICIANO COLLEGE FOUNDATI', '650.00', 'JOSE FELICIANO COLLEGE FOUNDATION (B5+HBSAG+DT+ISHIHARA)', 'CashLab', 0, '2019-01-16 15:21:03', '0000-00-00 00:00:00'),
(414, 'K Electrode', '0.00', 'K Electrode for EasyLyte', 'CashLab', 0, '2019-01-16 15:21:03', '0000-00-00 00:00:00'),
(415, 'KOH MOUNT', '130.00', 'KOH MOUNT', 'CashLab', 0, '2019-01-16 15:21:03', '0000-00-00 00:00:00'),
(416, 'LDH', '180.00', 'LDH', 'CashLab', 0, '2019-01-16 15:21:03', '0000-00-00 00:00:00'),
(417, 'LE PREP.', '200.00', 'LE PREP.', 'CashLab', 0, '2019-01-16 15:21:03', '0000-00-00 00:00:00'),
(418, 'LEAD ( TOXICOLOGY )', '416.00', 'LEAD ( TOXICOLOGY )', 'CashLab', 0, '2019-01-16 15:21:03', '0000-00-00 00:00:00'),
(419, 'LEAD (Pb)', '880.00', 'LEAD (Pb)', 'CashLab', 0, '2019-01-16 15:21:03', '0000-00-00 00:00:00'),
(420, 'LH', '600.00', 'LH', 'CashLab', 0, '2019-01-16 15:21:03', '0000-00-00 00:00:00'),
(421, 'LIPASE', '780.00', 'LIPASE', 'CashLab', 0, '2019-01-16 15:21:03', '0000-00-00 00:00:00'),
(422, 'LIPID PROFILE', '415.00', 'LIPID PROFILE (Chole,Trigly,HDL,LDL-VLDL,Chole/HDL Ratio)', 'CashLab', 0, '2019-01-16 15:21:03', '0000-00-00 00:00:00'),
(423, 'MAGNESIUM', '600.00', '24 HR URINE', 'CashLab', 0, '2019-01-16 15:21:03', '0000-00-00 00:00:00'),
(424, 'MAGNESIUM (Mg) SERUM', '250.00', 'MAGNESIUM (Mg)', 'CashLab', 0, '2019-01-16 15:21:03', '0000-00-00 00:00:00'),
(425, 'MALARIAL SMEAR', '125.00', 'MALARIAL SMEAR', 'CashLab', 0, '2019-01-16 15:21:03', '0000-00-00 00:00:00'),
(426, 'MERCURY ( TOXICOLOGY )', '871.00', 'MERCURY ( TOXICOLOGY )', 'CashLab', 0, '2019-01-16 15:21:03', '0000-00-00 00:00:00'),
(427, 'METAL PREPARATION (TOXICOLOGY)', '325.00', 'METAL PREPARATION (TOXICOLOGY)', 'CashLab', 0, '2019-01-16 15:21:03', '0000-00-00 00:00:00'),
(428, 'MICRAL TEST', '250.00', 'MICRAL TEST', 'CashLab', 0, '2019-01-16 15:21:03', '0000-00-00 00:00:00'),
(429, 'MICROALBUMIN/CREATININE RATIO', '1.00', 'MICROALBUMIN/CREATININE RATIO', 'CashLab', 0, '2019-01-16 15:21:03', '0000-00-00 00:00:00'),
(430, 'MINOTROL NORMAL', '5.00', 'MINOTROL (NORMAL CONTROL)', 'CashLab', 0, '2019-01-16 15:21:03', '0000-00-00 00:00:00'),
(431, 'MOTOR, STEPPER MICROS/P60', '0.00', '', 'CashLab', 0, '2019-01-16 15:21:03', '0000-00-00 00:00:00'),
(432, 'MULTICAL', '20.00', 'PENTRA MULTICAL', 'CashLab', 0, '2019-01-16 15:21:03', '0000-00-00 00:00:00'),
(433, 'Na Electrode', '0.00', 'Na Electrode for EasyLyte', 'CashLab', 0, '2019-01-16 15:21:03', '0000-00-00 00:00:00'),
(434, 'NITRATE ( TOXICOLOGY )', '585.00', 'NITRATE ( TOXICOLOGY )', 'CashLab', 0, '2019-01-16 15:21:03', '0000-00-00 00:00:00'),
(435, 'OCCULT BLOOD', '200.00', 'OCCULT BLOOD', 'CashLab', 0, '2019-01-16 15:21:03', '0000-00-00 00:00:00'),
(436, 'OGCT (FLAVORED) 50 GMS.', '250.00', 'OGCT (FLAVORED) 50 GMS.', 'CashLab', 0, '2019-01-16 15:21:03', '0000-00-00 00:00:00'),
(437, 'OGTT (FLAVORED) 50, 75, 100 GMS', '675.00', 'OGTT (FLAVORED) 50, 75, 100 GMS.', 'CashLab', 0, '2019-01-16 15:21:03', '0000-00-00 00:00:00'),
(438, 'OPIATES', '300.00', 'OPIATES', 'CashLab', 0, '2019-01-16 15:21:03', '0000-00-00 00:00:00'),
(439, 'PAP\'S SMEAR  Walk In Package', '720.00', 'PAP\'S SMEAR  Walk In Package', 'CashLab', 0, '2019-01-16 15:21:03', '0000-00-00 00:00:00'),
(440, 'PAP\'S SMEAR ( READING )', '120.00', 'PAP\'S SMEAR ( READING )', 'CashLab', 0, '2019-01-16 15:21:03', '0000-00-00 00:00:00'),
(441, 'PAP\'S SMEAR HMO (Collection)', '250.00', 'PAP\'S SMEAR HMO (Collection)', 'CashLab', 0, '2019-01-16 15:21:03', '0000-00-00 00:00:00'),
(442, 'PAPSMEAR', '100.00', 'PAPSMEAR (MIDWIFE/OB)', 'CashLab', 0, '2019-01-16 15:21:03', '0000-00-00 00:00:00'),
(443, 'PARATHYROID HORMONE (PTH)', '1.00', 'PARATHYROID HORMONE (PTH)', 'CashLab', 0, '2019-01-16 15:21:03', '0000-00-00 00:00:00'),
(444, 'PATERNITY TESTING', '18.00', 'ALLEGED FATHER AND CHILD', 'CashLab', 0, '2019-01-16 15:21:03', '0000-00-00 00:00:00'),
(445, 'PENTRA HALOGEN LAMP', '0.00', 'HALOGEN LAMP', 'CashLab', 0, '2019-01-16 15:21:03', '0000-00-00 00:00:00'),
(446, 'PERIPHERAL SMEAR', '125.00', 'PERIPHERAL SMEAR', 'CashLab', 0, '2019-01-16 15:21:03', '0000-00-00 00:00:00'),
(447, 'PHENCYCLIDINE  (PCP)', '300.00', 'PHENCYCLIDINE  (PCP)', 'CashLab', 0, '2019-01-16 15:21:03', '0000-00-00 00:00:00'),
(448, 'PHOSPHORUS', '120.00', 'PHOSPHORUS', 'CashLab', 0, '2019-01-16 15:21:03', '0000-00-00 00:00:00'),
(449, 'PHOSPORUS', '600.00', '24 HR URINE', 'CashLab', 0, '2019-01-16 15:21:03', '0000-00-00 00:00:00'),
(450, 'PLATELET COUNT', '110.00', 'PLATELET COUNT', 'CashLab', 0, '2019-01-16 15:21:03', '0000-00-00 00:00:00'),
(451, 'POTASIUM', '120.00', 'POTASIUM', 'CashLab', 0, '2019-01-16 15:21:03', '0000-00-00 00:00:00'),
(452, 'POTASIUM', '600.00', '24 HR URINE', 'CashLab', 0, '2019-01-16 15:21:03', '0000-00-00 00:00:00'),
(453, 'PREGNANCY TEST', '175.00', 'STAT PACK (Monoclonal) URINE', 'CashLab', 0, '2019-01-16 15:21:03', '0000-00-00 00:00:00'),
(454, 'PREGNANCY TEST (INDUSTRIAL)', '100.00', 'PREGNANCY TEST (INDUSTRIAL)', 'CashLab', 0, '2019-01-16 15:21:03', '0000-00-00 00:00:00'),
(455, 'PROGESTERONE', '1.00', 'PROGESTERONE', 'CashLab', 0, '2019-01-16 15:21:03', '0000-00-00 00:00:00'),
(456, 'PROLACTIN', '595.00', 'PROLACTIN', 'CashLab', 0, '2019-01-16 15:21:03', '0000-00-00 00:00:00'),
(457, 'PROSTATIC ACID PHOS.(PACP) (Mal', '250.00', 'PROSTATIC ACID PHOS.(PACP) (Male)', 'CashLab', 0, '2019-01-16 15:21:03', '0000-00-00 00:00:00'),
(458, 'PROTEIN', '600.00', '24 HR URINE', 'CashLab', 0, '2019-01-16 15:21:03', '0000-00-00 00:00:00'),
(459, 'PROTHROMBIN TIME', '275.00', 'PROTHROMBIN TIME', 'CashLab', 0, '2019-01-16 15:21:03', '0000-00-00 00:00:00'),
(460, 'PSA', '975.00', 'PSA', 'CashLab', 0, '2019-01-16 15:21:03', '0000-00-00 00:00:00'),
(461, 'PSA (w/ Dilution)', '1.00', 'PSA (w/ Dilution)', 'CashLab', 0, '2019-01-16 15:21:03', '0000-00-00 00:00:00'),
(462, 'PTT  (APTT)', '325.00', 'PTT  (APTT)', 'CashLab', 0, '2019-01-16 15:21:03', '0000-00-00 00:00:00'),
(463, 'PURIFIED PROTIEN DERIVATIVE', '350.00', 'PURIFIED PROTEIN DERIVATIVE (PPD)', 'CashLab', 0, '2019-01-16 15:21:03', '0000-00-00 00:00:00'),
(464, 'RA / RF', '200.00', 'RA / RF', 'CashLab', 0, '2019-01-16 15:21:03', '0000-00-00 00:00:00'),
(465, 'RA / RF (w/ Dilution)', '420.00', 'RA / RF (w/ Dilution)', 'CashLab', 0, '2019-01-16 15:21:03', '0000-00-00 00:00:00'),
(466, 'RBS', '80.00', 'RBS', 'CashLab', 0, '2019-01-16 15:21:03', '0000-00-00 00:00:00'),
(467, 'RBS, 2HR. PP GLUCOSE (each', '80.00', 'RBS, 2HR. PP GLUCOSE (each)', 'CashLab', 0, '2019-01-16 15:21:03', '0000-00-00 00:00:00'),
(468, 'RBS/2HR PPBS', '80.00', 'RBS /2 HR PPBS', 'CashLab', 0, '2019-01-16 15:21:03', '0000-00-00 00:00:00'),
(469, 'Reference Electrode for EasyLyte', '0.00', 'EasyLyte Machine Part', 'CashLab', 0, '2019-01-16 15:21:03', '0000-00-00 00:00:00'),
(470, 'RETICULOCYTES COUNT', '125.00', 'RETICULOCYTES COUNT', 'CashLab', 0, '2019-01-16 15:21:03', '0000-00-00 00:00:00'),
(471, 'RH TYPING', '75.00', 'RH TYPING', 'CashLab', 0, '2019-01-16 15:21:03', '0000-00-00 00:00:00'),
(472, 'RUBELLA  IgG', '750.00', 'RUBELLA  IgG', 'CashLab', 0, '2019-01-16 15:21:03', '0000-00-00 00:00:00'),
(473, 'RUBELLA  IgM', '1.00', 'RUBELLA  IgM', 'CashLab', 0, '2019-01-16 15:21:03', '0000-00-00 00:00:00'),
(474, 'Rubella Screening', '800.00', 'Rubella Screening', 'CashLab', 0, '2019-01-16 15:21:03', '0000-00-00 00:00:00'),
(475, 'SEMEN ANALYSIS', '240.00', 'SEMEN ANALYSIS', 'CashLab', 0, '2019-01-16 15:21:03', '0000-00-00 00:00:00'),
(476, 'SERUM INSULIN', '960.00', 'INSULIN', 'CashLab', 0, '2019-01-16 15:21:03', '0000-00-00 00:00:00'),
(477, 'SGOT (AST)', '110.00', 'SGOT (AST)', 'CashLab', 0, '2019-01-16 15:21:03', '0000-00-00 00:00:00'),
(478, 'SGPT (ALT)', '110.00', 'SGPT (ALT)', 'CashLab', 0, '2019-01-16 15:21:03', '0000-00-00 00:00:00'),
(479, 'SODIUM SERUM', '120.00', 'SODIUM', 'CashLab', 0, '2019-01-16 15:21:03', '0000-00-00 00:00:00'),
(480, 'SODIUM SERUM', '600.00', '24 HR URINE', 'CashLab', 0, '2019-01-16 15:21:03', '0000-00-00 00:00:00'),
(481, 'Solution Valve for EasyLyte', '0.00', 'EasyLyte Machine Part', 'CashLab', 0, '2019-01-16 15:21:03', '0000-00-00 00:00:00'),
(482, 'SPECIMEN FOR C/S WITH ARD', '1.00', 'SPECIMEN FOR C/S WITH ARD', 'CashLab', 0, '2019-01-16 15:21:03', '0000-00-00 00:00:00'),
(483, 'Standard Package 1', '905.00', 'Standard Package:  FBS, BUN, CREA, Uric Acid, Lipid Profile, SGOT, SGPT', 'CashLab', 0, '2019-01-16 15:21:03', '0000-00-00 00:00:00'),
(484, 'STONE ANALYSIS', '950.00', 'STONE ANALYSIS', 'CashLab', 0, '2019-01-16 15:21:03', '0000-00-00 00:00:00'),
(485, 'STOOL PH', '60.00', 'STOOL PH', 'CashLab', 0, '2019-01-16 15:21:03', '0000-00-00 00:00:00'),
(486, 'T3 (ECLA)', '275.00', 'T3 (ECLA)', 'CashLab', 0, '2019-01-16 15:21:03', '0000-00-00 00:00:00'),
(487, 'T3, T4 (RIA) (each)', '550.00', 'T3, T4 (RIA) (each)', 'CashLab', 0, '2019-01-16 15:21:03', '0000-00-00 00:00:00'),
(488, 'T4 (ECLA)', '275.00', 'T4 (ECLA)', 'CashLab', 0, '2019-01-16 15:21:03', '0000-00-00 00:00:00'),
(489, 'TESTOSTERONE', '1.00', 'TESTOSTERONE', 'CashLab', 0, '2019-01-16 15:21:03', '0000-00-00 00:00:00'),
(490, 'THYROGLOBULIN (ECLA)', '1.00', 'THYROGLOBULIN (ECLA)', 'CashLab', 0, '2019-01-16 15:21:03', '0000-00-00 00:00:00'),
(491, 'THYROGLOBULIN (IRMA)', '1.00', 'THYROGLOBULIN (IRMA)', 'CashLab', 0, '2019-01-16 15:21:03', '0000-00-00 00:00:00'),
(492, 'TIBC + IRON', '700.00', 'TIBC + IRON', 'CashLab', 0, '2019-01-16 15:21:03', '0000-00-00 00:00:00'),
(493, 'TORCH TEST 4 parameter Screenin', '2.00', 'TORCH TEST 4 parameter Screening', 'CashLab', 0, '2019-01-16 15:21:03', '0000-00-00 00:00:00'),
(494, 'TOTAL ACID PHOSPHATASE (ACP)', '220.00', 'TOTAL ACID PHOSPHATASE (ACP)', 'CashLab', 0, '2019-01-16 15:21:03', '0000-00-00 00:00:00'),
(495, 'TOTAL CALCIUM (TCa)', '156.00', 'TOTAL CALCIUM (TCa)', 'CashLab', 0, '2019-01-16 15:21:03', '0000-00-00 00:00:00'),
(496, 'TOTAL IgE', '950.00', 'TOTAL IgE', 'CashLab', 0, '2019-01-16 15:21:03', '0000-00-00 00:00:00'),
(497, 'TOTAL PROTEIN', '105.00', 'TOTAL PROTEIN', 'CashLab', 0, '2019-01-16 15:21:03', '0000-00-00 00:00:00'),
(498, 'TOTAL PROTEIN A/G RATIO', '175.00', 'TOTAL PROTEIN A/G RATIO', 'CashLab', 0, '2019-01-16 15:21:03', '0000-00-00 00:00:00'),
(499, 'Toxoplasma Screening', '800.00', 'Toxoplasma Screening', 'CashLab', 0, '2019-01-16 15:21:03', '0000-00-00 00:00:00'),
(500, 'TPHA TITER', '1.00', 'TPHA TITER', 'CashLab', 0, '2019-01-16 15:21:03', '0000-00-00 00:00:00'),
(501, 'TP-PA (Quali)', '360.00', 'TP-PA (Quali)', 'CashLab', 0, '2019-01-16 15:21:03', '0000-00-00 00:00:00'),
(502, 'TP-PA (w/ Dilution)', '1.00', 'TP-PA (w/ Dilution)', 'CashLab', 0, '2019-01-16 15:21:03', '0000-00-00 00:00:00'),
(503, 'TRIGLYCERIDE', '135.00', 'TRIGLYCERIDE', 'CashLab', 0, '2019-01-16 15:21:03', '0000-00-00 00:00:00'),
(504, 'TROPONIN  I (Quali)', '990.00', 'TROPONIN  I (Quali)', 'CashLab', 0, '2019-01-16 15:21:03', '0000-00-00 00:00:00'),
(505, 'TROPONIN T (Quali)', '990.00', 'TROPONIN T (Quali)', 'CashLab', 0, '2019-01-16 15:21:03', '0000-00-00 00:00:00'),
(506, 'TROPONIN T (Quanti)', '2.00', 'TROPONIN T (Quanti)', 'CashLab', 0, '2019-01-16 15:21:03', '0000-00-00 00:00:00'),
(507, 'TSH (ECLA)', '475.00', 'TSH (ECLA)', 'CashLab', 0, '2019-01-16 15:21:03', '0000-00-00 00:00:00'),
(508, 'TSH (IRMA)', '800.00', 'TSH (IRMA)', 'CashLab', 0, '2019-01-16 15:21:03', '0000-00-00 00:00:00'),
(509, 'Tubing Kit', '0.00', 'EasyLyte Machine Part', 'CashLab', 0, '2019-01-16 15:21:03', '0000-00-00 00:00:00'),
(510, 'TYPHIDOT', '975.00', 'TYPHIDOT', 'CashLab', 0, '2019-01-16 15:21:03', '0000-00-00 00:00:00'),
(511, 'UREA', '3.00', 'UREA', 'CashLab', 0, '2019-01-16 15:21:03', '0000-00-00 00:00:00'),
(512, 'URIC ACID / BUA', '95.00', 'URIC ACID', 'CashLab', 0, '2019-01-16 15:21:03', '0000-00-00 00:00:00'),
(513, 'URIC ACID / BUA', '600.00', '24 HR URINE', 'CashLab', 0, '2019-01-16 15:21:03', '0000-00-00 00:00:00'),
(514, 'URINALYSIS', '75.00', 'COMPLETE URINALYSIS', 'CashLab', 0, '2019-01-16 15:21:03', '0000-00-00 00:00:00'),
(515, 'URINE C/S', '455.00', 'CULTURE & SENSITIVITY (URINE)', 'CashLab', 0, '2019-01-16 15:21:03', '0000-00-00 00:00:00'),
(516, 'VALPROIC ACID', '720.00', 'VALPROIC ACID', 'CashLab', 0, '2019-01-16 15:21:03', '0000-00-00 00:00:00'),
(517, 'VDRL / RPR', '90.00', 'VDRL / RPR', 'CashLab', 0, '2019-01-16 15:21:03', '0000-00-00 00:00:00'),
(518, 'VDRL / RPR (w/ Dilution)', '300.00', 'VDRL / RPR (w/ Dilution)', 'CashLab', 0, '2019-01-16 15:21:03', '0000-00-00 00:00:00'),
(519, 'VITAMIN D ASSAY', '3.00', 'VITAMIN D ASSAY', 'CashLab', 0, '2019-01-16 15:21:03', '0000-00-00 00:00:00'),
(520, 'WATER ANALYSIS', '650.00', '(2 parameters)', 'CashLab', 0, '2019-01-16 15:21:03', '0000-00-00 00:00:00'),
(521, 'WATER ANALYSIS (3- PARAMETER)', '850.00', '(3 - PARAMETER)', 'CashLab', 0, '2019-01-16 15:21:03', '0000-00-00 00:00:00'),
(522, 'WBC & DIFF. COUNT', '105.00', 'WBC & DIFF. COUNT', 'CashLab', 0, '2019-01-16 15:21:03', '0000-00-00 00:00:00'),
(523, 'WEIL FELIX TEST', '220.00', 'WEIL FELIX TEST', 'CashLab', 0, '2019-01-16 15:21:03', '0000-00-00 00:00:00'),
(524, 'WIDAL TEST', '240.00', 'WIDAL TEST', 'CashLab', 0, '2019-01-16 15:21:03', '0000-00-00 00:00:00'),
(525, 'CALFURN PRE EMP. (CXR+DT)', '350.00', 'CXR+DT', 'MEDICAL SERVICES', 0, '2019-01-16 15:21:03', '0000-00-00 00:00:00'),
(526, 'CLARKTON HOTEL (BASIC3+HBSAG)', '415.00', 'BASIC3 + HBSAG', 'MEDICAL SERVICES', 0, '2019-01-16 15:21:03', '0000-00-00 00:00:00'),
(527, 'CONSULT AVEGA FCANLAS,MD', '300.00', 'CONSULT AVEGA FCANLAS,MD', 'MEDICAL SERVICES', 0, '2019-01-16 15:21:03', '0000-00-00 00:00:00'),
(528, 'CONSULT EASTWEST FACANLAS,MD', '300.00', 'CONSULT EASTWEST FACANLAS,MD', 'MEDICAL SERVICES', 0, '2019-01-16 15:21:03', '0000-00-00 00:00:00'),
(529, 'CONSULT INTELLICARE FACANLAS,MD', '300.00', 'CONSULT INTELLICARE FACANLAS,MD', 'MEDICAL SERVICES', 0, '2019-01-16 15:21:03', '0000-00-00 00:00:00'),
(530, 'CONSULT VALUCARE FACANLAS,MD', '300.00', 'CONSULT VALUCARE FACANLAS,MD', 'MEDICAL SERVICES', 0, '2019-01-16 15:21:03', '0000-00-00 00:00:00'),
(531, 'CONSULTATION FEE', '300.00', 'SPECIALIST MEDICAL CONSULTATION', 'MEDICAL SERVICES', 0, '2019-01-16 15:21:03', '0000-00-00 00:00:00'),
(532, 'Doctor\'s Surgery Fee', '2.00', '', 'MEDICAL SERVICES', 0, '2019-01-16 15:21:03', '0000-00-00 00:00:00'),
(533, 'DRUG TEST +P.E ONLY', '500.00', '', 'MEDICAL SERVICES', 0, '2019-01-16 15:21:03', '0000-00-00 00:00:00'),
(534, 'FACILITY FEE', '1.00', '', 'MEDICAL SERVICES', 0, '2019-01-16 15:21:03', '0000-00-00 00:00:00'),
(535, 'FIRSTCORE MULTI COOP', '600.00', 'BASIC5+DT+HBSAG', 'MEDICAL SERVICES', 0, '2019-01-16 15:21:03', '0000-00-00 00:00:00'),
(536, 'ISHIHARA TEST ( COLOR BLIND )', '150.00', 'ISHIHARA TEST ( COLOR BLIND )', 'MEDICAL SERVICES', 0, '2019-01-16 15:21:03', '0000-00-00 00:00:00'),
(537, 'J. ALCABASA ENT. & GEN. SVC INC', '700.00', 'BASIC 5+DT+HBSAG', 'MEDICAL SERVICES', 0, '2019-01-16 15:21:03', '0000-00-00 00:00:00'),
(538, 'Major operating room fee Proced', '5.00', 'Major operating room fee Proced within 2 hours', 'MEDICAL SERVICES', 0, '2019-01-16 15:21:03', '0000-00-00 00:00:00'),
(539, 'Minor operating rm fee Procedur', '2.00', 'Minor Operating Room Fee within 2 hours for  Ambulatory Surgery', 'MEDICAL SERVICES', 0, '2019-01-16 15:21:03', '0000-00-00 00:00:00'),
(540, 'OUR LADY OF FATIMA (FEMALE)', '550.00', 'BASIC 5 +DT+PT', 'MEDICAL SERVICES', 0, '2019-01-16 15:21:03', '0000-00-00 00:00:00'),
(541, 'OUR LADY OF FATIMA (MALE)', '470.00', 'BASIC 5+DT', 'MEDICAL SERVICES', 0, '2019-01-16 15:21:03', '0000-00-00 00:00:00'),
(542, 'PENTHOUSE HOTEL(B5+DT+HBSAG+PT)', '700.00', 'B5+DT+PT+HBSAG', 'MEDICAL SERVICES', 0, '2019-01-16 15:21:03', '0000-00-00 00:00:00'),
(543, 'PHYSICAL EXAM', '200.00', '', 'MEDICAL SERVICES', 0, '2019-01-16 15:21:03', '0000-00-00 00:00:00'),
(544, 'PROFESSIONAL FEE', '1.00', 'DUPLEX PROCEDURE', 'MEDICAL SERVICES', 0, '2019-01-16 15:21:03', '0000-00-00 00:00:00'),
(545, 'PSYCH TEST', '500.00', 'PSYCH TEST', 'MEDICAL SERVICES', 0, '2019-01-16 15:21:03', '0000-00-00 00:00:00'),
(546, 'SCREENING TEST FOR STD', '990.00', 'HBSAG, RPR, HIV SCREENING', 'MEDICAL SERVICES', 0, '2019-01-16 15:21:03', '0000-00-00 00:00:00'),
(547, 'VACCINE HEPATITIS B', '1.00', 'VACCINE HEPATITIS B  RECOMBINANT AMVAX', 'MEDICAL SERVICES', 0, '2019-01-16 15:21:03', '0000-00-00 00:00:00'),
(548, 'BASIC HEALTH CHECK UP', '4.00', 'BASIC CHECK UP(CBC,FBS,BUN,CREA,BUA,CHOLE,TRI,HDL/LDL,SGPT,SGOT,ALK PHOS,NA,K,UA,CHEST PA,ECG,WHOLE AB.UTZ,)', 'PACKAGES', 0, '2019-01-16 15:21:03', '0000-00-00 00:00:00'),
(549, 'CONVERGYS PRE EMP.(B5+DT)', '500.00', 'CONVERGYS PRE EMP.(B5+DT)', 'PACKAGES', 0, '2019-01-16 15:21:03', '0000-00-00 00:00:00'),
(550, 'FIRE FIGHTER CBC,CXR,UA,ECG', '500.00', 'FIREFIGHTER CBC,CXR,UA,ECG (MALE)', 'PACKAGES', 0, '2019-01-16 15:21:03', '0000-00-00 00:00:00'),
(551, 'FIRE FIGHTER(CBC,UA,CXR,ECG,PT)', '675.00', 'FIRE FIGHTER(CBC,UA,CXR,ECG,PT SERUM) FEMALE', 'PACKAGES', 0, '2019-01-16 15:21:03', '0000-00-00 00:00:00'),
(552, 'FWD PD 7 FULL MED. EXAM', '1.00', 'PD 7\r\nP.E- 500\r\nFBS- 144\r\nBUN- 171\r\nCREA- 171\r\nCBC- 225\r\nTOTAL CHOLESTEROL- 171', 'PACKAGES', 0, '2019-01-16 15:21:03', '0000-00-00 00:00:00'),
(553, 'GENERAL HEALTH CARE PROGRAM', '6.00', 'GENERAL HEALTH CARE PROGRAM(CBC,ESR,FBS,HBAIC,BUN,CREA,BUA,CHOLE,TRI,HDL/LDL,SGPT,SGOT,ALK PO4,TPAG,BILI(B1B2)GGT,NA,K,CL,TCA,CEA,UA,FA,OCCULT BLOOD,CHEST PA,ECG,WHOLE AB.UTZ.)', 'PACKAGES', 0, '2019-01-16 15:21:03', '0000-00-00 00:00:00'),
(554, 'GOLD TREE(BASIC 5)', '350.00', 'GOLD TREE(BASIC 5)', 'PACKAGES', 0, '2019-01-16 15:21:03', '0000-00-00 00:00:00'),
(555, 'HAU SED(B5+HBSAG+DT)', '500.00', 'HAU SED(B5+HBSAG+DT)', 'PACKAGES', 0, '2019-01-16 15:21:03', '0000-00-00 00:00:00'),
(556, 'PRE NATAL PACKAGE', '920.00', 'BLOOD TYPING,CBC,URINALYSIS,HBSAG,RPR,HIV', 'PACKAGES', 0, '2019-01-16 15:21:03', '0000-00-00 00:00:00'),
(557, 'PRIME HEALTH CARE PROGRAM(MALE)', '5.00', 'PRIME HEALTH CARE PROGRAM(MALE) CBC,ESR,FBS,BUN,CREA,URIC ACID,LIPID PROF,SGPT,SGOT,ALK PO4,TPAG,BILI,(B1,B2)GGT,NA,K,CHLORIDE,TOTAL CALCIUM,HBAIC,PSA,CEA,TSH,UA,FA,OCCULT BLOOD', 'PACKAGES', 0, '2019-01-16 15:21:03', '0000-00-00 00:00:00'),
(558, 'ROUTINE CHECK UP PACKAGE', '1.00', 'ROUTINE CHECK UP PACKAGE(CBC,FBS,BUN,CREA,BUA,LIPID,SGPT,SGOT,ALK PHOS,U/A,CHEST PA,ECG', 'PACKAGES', 0, '2019-01-16 15:21:03', '0000-00-00 00:00:00'),
(559, 'SHANGHAI', '600.00', 'BASIC 5 +DT+HBSAG', 'PACKAGES', 0, '2019-01-16 15:21:03', '0000-00-00 00:00:00'),
(560, 'SHANGHAI APE B5+HBSAG', '450.00', 'SHANGHAI APE B5+HBSAG', 'PACKAGES', 0, '2019-01-16 15:21:03', '0000-00-00 00:00:00'),
(561, 'WONTECH/KHM(BASIC 5+ISHIHARA)', '350.00', 'WONTECH/KHM(BASIC 5+ISHIHARA)', 'PACKAGES', 0, '2019-01-16 15:21:03', '0000-00-00 00:00:00'),
(562, 'STERILE CUP', '25.00', ' ', 'CashLab', 0, '2019-02-07 15:12:39', '0000-00-00 00:00:00'),
(563, 'X-RAY ( CHEST PA )', '200.00', 'CHEST PA', 'CashImaging', 0, '2019-02-09 12:21:54', '0000-00-00 00:00:00'),
(564, 'DOG X-RAY', '200.00', 'DOG X-RAY', 'CashImaging', 0, '2019-02-09 13:00:58', '0000-00-00 00:00:00'),
(565, 'DOG X-RAY', '200.00', 'DOG X-RAY', 'CashImaging', 0, '2019-02-09 13:00:58', '0000-00-00 00:00:00'),
(566, 'ECG', '300.00', '12 LEADS', 'CashImaging', 0, '2019-02-15 09:01:16', '0000-00-00 00:00:00'),
(567, 'CONSUMABLE', '485.00', 'CT COMSUMABLE', 'CT SCAN', 0, '2019-02-16 10:57:47', '0000-00-00 00:00:00'),
(568, 'CRANIAL PLAIN', '7.00', 'CRANIAL PLAIN WITH BONE WINDOW OR CORONAL CUTS', 'CT SCAN', 0, '2019-02-16 10:57:47', '0000-00-00 00:00:00'),
(569, 'CT CD COPY', '200.00', 'CD COPY', 'CT SCAN', 0, '2019-02-16 10:57:47', '0000-00-00 00:00:00'),
(570, 'CT CHEST CT SCAN (PLAIN)', '4.00', 'Disc P50 PLUS Senior/PWD/ONA P264', 'CT SCAN', 0, '2019-02-16 10:57:47', '0000-00-00 00:00:00'),
(571, 'CT CHEST W/ CONTRAST', '6.00', 'CHEST W/ CONTRAST CT SCAN Disc P50 PLUS Senior/PWD/ONA P256', 'CT SCAN', 0, '2019-02-16 10:57:47', '0000-00-00 00:00:00'),
(572, 'CT CONTRAST MEDIUM', '1.00', 'CT CONTRAST MEDIUM PER BOT. 50ML', 'CT SCAN', 0, '2019-02-16 10:57:47', '0000-00-00 00:00:00'),
(573, 'CT CRANIAL PLAIN (SENIOR)', '3.00', 'CT CRANIAL PLAIN (SENIOR)', 'CT SCAN', 0, '2019-02-16 10:57:47', '0000-00-00 00:00:00'),
(574, 'CT CRANIAL PLAIN: CVA/HPN', '3.00', 'CT CVA/HPN/( PLAIN ) CT SCAN DISC. P50 ; PLUS SENIOR/PWD/ONA P 209', 'CT SCAN', 0, '2019-02-16 10:57:47', '0000-00-00 00:00:00'),
(575, 'CT CRANIAL PLAIN: TRAUMA', '4.00', 'CT CRANIAL PL TRAUMA/ VEHICULAR ACCIDENT ( WITH BONE WINDOW)  DISC. P50 ; PLUS SENIOR/PWD/ONA P 209', 'CT SCAN', 0, '2019-02-16 10:57:47', '0000-00-00 00:00:00'),
(576, 'CT CRANIAL W/ FACIAL CUBE', '5.00', 'CT SCAN DISC.  200 PLUS SENIOR/ PWD/ONA 320', 'CT SCAN', 0, '2019-02-16 10:57:47', '0000-00-00 00:00:00'),
(577, 'CT CRANIAL W/CONTRAST', '6.00', 'CRANIAL W/CONTRAST CT SCAN DISC. P 100 PLUS SENIOR/PWD/ONA P 211.20', 'CT SCAN', 0, '2019-02-16 10:57:47', '0000-00-00 00:00:00'),
(578, 'CT LOWER ABD. W/ CONTRAST', '7.00', 'CT LOWER ABD. W/ CONTRAST CT SCAN DISC. P50 SENIOR/PWD/ONA P325', 'CT SCAN', 0, '2019-02-16 10:57:47', '0000-00-00 00:00:00'),
(579, 'CT LOWER ABDOMEN PLAIN', '4.00', 'CT LOWER ABDOMEN PLAIN CT DISC. P50 PLUS SENIOR/PWD/ONA P268', 'CT SCAN', 0, '2019-02-16 10:57:47', '0000-00-00 00:00:00'),
(580, 'CT LUMBOSACRAL SPINE PLAIN', '5.00', 'CT LUMBOSACRAL SPINE PLAIN CT SCAN DISC. P50; SENIOR/PWD/ONA P290', 'CT SCAN', 0, '2019-02-16 10:57:47', '0000-00-00 00:00:00'),
(581, 'CT LUMBOSACRAL SPINE W/CONTRAST', '8.00', 'CT LUMBOSACRAL SPINE W/ CONTRAST CT SCAN DISC. P100; SENIOR/PWD/ONA P330', 'CT SCAN', 0, '2019-02-16 10:57:47', '0000-00-00 00:00:00'),
(582, 'CT MANDIBLE', '4.00', 'CT MANDIBLE PLAIN DISC. 50 PLUS SENIOR/ ONA/ PWD DISC. 340', 'CT SCAN', 0, '2019-02-16 10:57:47', '0000-00-00 00:00:00'),
(583, 'CT Mastoid or Temporal w/ CON', '8.00', 'CT SCAN Mastoid or Temporal w/ contrast', 'CT SCAN', 0, '2019-02-16 10:57:47', '0000-00-00 00:00:00'),
(584, 'CT NASOPHARYNX CT SCAN PLAIN', '5.00', 'NASOPHARYNX CT SCAN PLAIN CT SCAN DISC. P100 PLUS SENIOR/PWD/ONA P304', 'CT SCAN', 0, '2019-02-16 10:57:47', '0000-00-00 00:00:00'),
(585, 'CT Nasopharynx Plain', '6.00', 'CT Nasopharynx / Oral Cavity PLAIN', 'CT SCAN', 0, '2019-02-16 10:57:47', '0000-00-00 00:00:00'),
(586, 'CT NASOPHARYNX W/ CONTRAST', '6.00', 'NASOPHARYNX  W/ CONTRAST CT SCAN DISC. 50 PLUS SENIOR/PWD/ONA P320', 'CT SCAN', 0, '2019-02-16 10:57:47', '0000-00-00 00:00:00'),
(587, 'CT NECK/CERVICAL PLAIN', '5.00', 'CT NECK/CERVICAL PLAIN ALLOWABLE DISC. 50 + ONA/PWD /SENIOR 310', 'CT SCAN', 0, '2019-02-16 10:57:47', '0000-00-00 00:00:00'),
(588, 'CT NECK/CERVICAL WITH CONTRAST', '8.00', 'CT NECK/CERVICAL WITH CONTRAST ALLOWABLE DISC.100 + ONA/PWD/SENIOR 320', 'CT SCAN', 0, '2019-02-16 10:57:47', '0000-00-00 00:00:00'),
(589, 'CT PARANASAL SINUSES', '6.00', 'PARANASAL SINUSES (PNS) PLAIN A.DISC. P 50 PLUS SENIOR/PWD/ONA P 350', 'CT SCAN', 0, '2019-02-16 10:57:47', '0000-00-00 00:00:00'),
(590, 'CT PNS W/CONTRAST(INTELLICARE)', '13.00', 'CT PNS W/CONTRAST(INTELLICARE)', 'CT SCAN', 0, '2019-02-16 10:57:47', '0000-00-00 00:00:00'),
(591, 'CT SCAN ABDOMEN UPPER PLAIN', '4.00', 'CT SCAN ABDOMEN UPPER PLAIN CT SCAN DISC. P 50; SENIOR/PWD/ONA P 268', 'CT SCAN', 0, '2019-02-16 10:57:47', '0000-00-00 00:00:00'),
(592, 'CT SCAN TEMPORAL BONE', '5.00', 'CT SCAN TEMPORAL BONE DISC.P50:PLUS SENIOR /PWD/ONA 310', 'CT SCAN', 0, '2019-02-16 10:57:47', '0000-00-00 00:00:00'),
(593, 'CT SCAN TEMPORAL BONE W/CONTRST', '8.00', 'CT SCAN TEMPORAL BONE W/ CONTRAST DISC.P100:PLUS SENIOR /PWD/ONA 420', 'CT SCAN', 0, '2019-02-16 10:57:47', '0000-00-00 00:00:00'),
(594, 'CT STONOGRAM', '6.00', 'CT STONOGRAM CT SCAN DISC. P100; PLUS SENIOR/PWD/ONA P 330', 'CT SCAN', 0, '2019-02-16 10:57:47', '0000-00-00 00:00:00'),
(595, 'CT STONOGRAM WITH CONTRAST', '8.00', 'CT STONOGRAM W/ CONTRAST CT SCAN DISC. P100; PLUS SENIOR/PWD/ONA P 330', 'CT SCAN', 0, '2019-02-16 10:57:47', '0000-00-00 00:00:00'),
(596, 'CT UPPER ABDOMEN W/ CONTRAST', '9.00', 'CT UPPER ABDOMEN W/ CONTRAST CT SCAN DISC. P200 ; SENIOR/PWD/ONA P387.20', 'CT SCAN', 0, '2019-02-16 10:57:47', '0000-00-00 00:00:00'),
(597, 'CT UPPER PLAIN', '4.00', 'CT SCAN DISC. 50 PLUS SENIOR/ PWD/ ONA 268', 'CT SCAN', 0, '2019-02-16 10:57:47', '0000-00-00 00:00:00'),
(598, 'CT WHOLE ABDOMEN PLAIN', '7.00', 'WHOLE ABDOMEN PLAIN CT SCAN DISC. P100 PLUS SENIOR/PWD/ONA P 328', 'CT SCAN', 0, '2019-02-16 10:57:47', '0000-00-00 00:00:00'),
(599, 'CT WHOLE ABDOMEN WITH CONTRAST', '9.00', 'WHOLE ABDOMEN WITH CONTRAST CT SCAN DISC. P100: PLUS SENIOR/PWD/ONA P 428', 'CT SCAN', 0, '2019-02-16 10:57:47', '0000-00-00 00:00:00'),
(600, 'Nasopharynx w/ contrast', '8.00', 'CT Nasopharynx / Oral Cavity w/ contrast', 'CT SCAN', 0, '2019-02-16 10:57:47', '0000-00-00 00:00:00'),
(601, 'Nasopharynx w/ contrast w/ Neck', '9.00', 'Nasopharynx / Oral Cavity w/ contrast to INCLUDE NECK', 'CT SCAN', 0, '2019-02-16 10:57:47', '0000-00-00 00:00:00'),
(602, 'Proximal / Distal Extremities', '4.00', 'Plain (allowable disc. P50.00 Senior/PWD/ONA/ P290.00)', 'CT SCAN', 0, '2019-02-16 10:57:47', '0000-00-00 00:00:00'),
(603, 'RE-PRINTING OF RESULT (PER FILM', '500.00', 'RE-PRINTING OF RESULT ( PER FILM)', 'CT SCAN', 0, '2019-02-16 10:57:47', '0000-00-00 00:00:00'),
(604, 'TEMPORAL BONE (PLAIN)', '0.00', 'TEMPORAL BONE (PLAIN)', 'CT SCAN', 0, '2019-02-16 10:57:47', '0000-00-00 00:00:00'),
(605, 'ADDITIONAL X-RAY FILM', '100.00', '14x14', 'IMAGING', 0, '2019-02-16 10:57:47', '0000-00-00 00:00:00'),
(606, 'BASIC HEALTH CHECKUP IMAGING', '2.00', 'CHEST PA 14x14, ECG, WAB UTZ', 'IMAGING', 0, '2019-02-16 10:57:47', '0000-00-00 00:00:00'),
(607, 'CHEST PA 14X14 PRIME HEALTH', '800.00', 'CHEST PA 14X14 PRIME HEALTH', 'IMAGING', 0, '2019-02-16 10:57:47', '0000-00-00 00:00:00'),
(608, 'CHEST ULTRASOUND WITH MAPPING', '1.00', 'CHEST ULTRASOUND WITH MAPPING', 'IMAGING', 0, '2019-02-16 10:57:47', '0000-00-00 00:00:00'),
(609, 'DOG XRAY', '250.00', 'DOG XRAY', 'IMAGING', 0, '2019-02-16 10:57:47', '0000-00-00 00:00:00'),
(610, 'ECG', '300.00', '12 LEADS', 'IMAGING', 0, '2019-02-16 10:57:47', '0000-00-00 00:00:00'),
(611, 'GENERAL&PRIMEHEALTHCAREIMAGING', '2.00', 'CHEST PA 14x14, ECG, WAB UTZ', 'IMAGING', 0, '2019-02-16 10:57:47', '0000-00-00 00:00:00'),
(612, 'PELVIC OB TWINS UTZ', '990.00', 'PELVIC OB TWINS UTZ', 'IMAGING', 0, '2019-02-16 10:57:47', '0000-00-00 00:00:00'),
(613, 'PRIMEHEALTHCAREIMAGING(FEMALE)', '4.00', 'CHEST PA 14x14, BREAST UTZ, MAMMOGRAM, WAB UTZ', 'IMAGING', 0, '2019-02-16 10:57:47', '0000-00-00 00:00:00'),
(614, 'ROUTINE CHECK UP IMAGING', '600.00', 'CHEST PA 14x14, ECG', 'IMAGING', 0, '2019-02-16 10:57:47', '0000-00-00 00:00:00'),
(615, 'SPOT FILM 10X12', '180.00', 'SPOT FILM 10X12', 'IMAGING', 0, '2019-02-16 10:57:47', '0000-00-00 00:00:00'),
(616, 'Vet Xray', '250.00', 'Vet includes Cat, Bird, other animal using 1 Film & 1 shot only', 'IMAGING', 0, '2019-02-16 10:57:47', '0000-00-00 00:00:00'),
(617, 'XRAY READING', '75.00', 'CHEST PA', 'IMAGING', 0, '2019-02-16 10:57:47', '0000-00-00 00:00:00'),
(618, 'ACECLOFENAC', '38.78', 'ACECLOFENAC CLANZA', 'PHARMACY', 0, '2019-02-16 10:57:47', '0000-00-00 00:00:00'),
(619, 'ACTIVCON VIT & MIN W/ GINSENG', '14.00', 'ACTIVCON VIT & MIN W/ GINSENG', 'PHARMACY', 0, '2019-02-16 10:57:47', '0000-00-00 00:00:00'),
(620, 'AGELOC R2', '8.00', 'AGELOC R2', 'PHARMACY', 0, '2019-02-16 10:57:47', '0000-00-00 00:00:00'),
(621, 'AGELOC Y-SPAN', '9.00', 'AGELOC Y-SPAN', 'PHARMACY', 0, '2019-02-16 10:57:47', '0000-00-00 00:00:00'),
(622, 'ALCOHOL', '760.00', 'ALCOHOL', 'PHARMACY', 0, '2019-02-16 10:57:47', '0000-00-00 00:00:00'),
(623, 'ALLOPURINOL 300', '2.50', 'ALLOPURINOL 300', 'PHARMACY', 0, '2019-02-16 10:57:47', '0000-00-00 00:00:00'),
(624, 'AMBROXOL (SAPHROXOL-T30)', '3.00', 'AMBROXOL (SAPHROXOL-T30)', 'PHARMACY', 0, '2019-02-16 10:57:47', '0000-00-00 00:00:00'),
(625, 'AMBROXOL 30 MG/TAB. (GENERIC)', '3.00', 'AMBROXOL 30 MG/TAB. (GENERIC)', 'PHARMACY', 0, '2019-02-16 10:57:47', '0000-00-00 00:00:00'),
(626, 'AMBROXOL PHLEMASOL 30MG BRANDED', '5.25', 'AMBROXOL PHLEMASOL 30MG BRANDED', 'PHARMACY', 0, '2019-02-16 10:57:47', '0000-00-00 00:00:00'),
(627, 'AMLODIPINE  BESILATE(PHILVASC)', '8.00', 'AMLODIPINE  BESILATE(PHILVASC) 10MG', 'PHARMACY', 0, '2019-02-16 10:57:47', '0000-00-00 00:00:00'),
(628, 'AMLODIPINE 5MG(DIADIPINE)NEW', '2.75', 'AMLODIPINE 5MG(DIADIPINE)NEW', 'PHARMACY', 0, '2019-02-16 10:57:47', '0000-00-00 00:00:00'),
(629, 'AMLODIPINE BESILATE(EODIPINE)', '8.00', 'AMLODIPINE BESILATE(EODIPINE)10MG', 'PHARMACY', 0, '2019-02-16 10:57:47', '0000-00-00 00:00:00'),
(630, 'AMLODIPINE BEZAM 10MG BRANDED', '10.00', 'AMLODIPINE BEZAM 10MG BRANDED', 'PHARMACY', 0, '2019-02-16 10:57:47', '0000-00-00 00:00:00'),
(631, 'AMLODIPINE BEZAM 5MG BRANDED', '11.75', 'AMLODIPINE BEZAM 5MG BRANDED', 'PHARMACY', 0, '2019-02-16 10:57:48', '0000-00-00 00:00:00'),
(632, 'AMLODIPINE DIADIPINE 10MG', '5.00', 'AMLODIPINE DIADIPINE 10MG', 'PHARMACY', 0, '2019-02-16 10:57:48', '0000-00-00 00:00:00'),
(633, 'AMLODIPINE DIADIPINE 5MG', '2.75', 'AMLODIPINE DIADIPINE 5MG', 'PHARMACY', 0, '2019-02-16 10:57:48', '0000-00-00 00:00:00'),
(634, 'AP24 TOOTHPASTE', '300.00', 'AP24 TOOTHPASTE', 'PHARMACY', 0, '2019-02-16 10:57:48', '0000-00-00 00:00:00'),
(635, 'Ascorbic acid(VONWELT)', '2.50', 'Ascorbic acid(VONWELT)', 'PHARMACY', 0, '2019-02-16 10:57:48', '0000-00-00 00:00:00'),
(636, 'ASCORBIC VITCEE 500MG (GENERIC)', '1.25', 'ASCORBIC ACID 500MG/TAB.', 'PHARMACY', 0, '2019-02-16 10:57:48', '0000-00-00 00:00:00'),
(637, 'ASEPTO', '56.00', 'ASEPTO', 'PHARMACY', 0, '2019-02-16 10:57:48', '0000-00-00 00:00:00'),
(638, 'ATORVASTATIN ATORBIZ 40MG', '45.00', 'ATORVASTATIN ATORBIZ 40MG', 'PHARMACY', 0, '2019-02-16 10:57:48', '0000-00-00 00:00:00'),
(639, 'ATORVASTATIN CALCIUM LIPIVENT', '27.00', 'ATORVASTATIN CALCIUM LIPIVENT 20MG', 'PHARMACY', 0, '2019-02-16 10:57:48', '0000-00-00 00:00:00'),
(640, 'ATORVASTATIN LIPIRIC 20MG TAB', '45.00', 'ATORVASTATIN LIPIRIC 20MG TAB', 'PHARMACY', 0, '2019-02-16 10:57:48', '0000-00-00 00:00:00'),
(641, 'ATORVASTATIN(CALCIUM ATORMAX)', '18.00', 'ATORVASTATIN(CALCIUM ATORMAX) 20MG\r\nNOTE: 100 PCS FULL OUT, RETURNED TO SUPPLIER DUE TO NOT MOVING,REPLACE TO CO- AMOX 625 MG(2/18/15)', 'PHARMACY', 0, '2019-02-16 10:57:48', '0000-00-00 00:00:00'),
(642, 'AZITHROMYCIN OD MAC 500MG', '125.00', 'AZITHROMYCIN OD MAC 500MG', 'PHARMACY', 0, '2019-02-16 10:57:48', '0000-00-00 00:00:00'),
(643, 'AZITHROMYCIN ORTIZA 500', '115.00', '', 'PHARMACY', 0, '2019-02-16 10:57:48', '0000-00-00 00:00:00'),
(644, 'AZITHROMYCIN SITIMAX 500MG I.V', '105.00', 'AZITHROMYCIN SITIMAX 500MG I.V', 'PHARMACY', 0, '2019-02-16 10:57:48', '0000-00-00 00:00:00'),
(645, 'AZITHROMYCIN(AZO-500)', '115.00', 'AZITHROMYCIN(AZO-500)500MG', 'PHARMACY', 0, '2019-02-16 10:57:48', '0000-00-00 00:00:00'),
(646, 'AZITHROMYCIN(ZYHEX)', '115.00', 'AZITHROMYCIN(ZYHEX)500MG', 'PHARMACY', 0, '2019-02-16 10:57:48', '0000-00-00 00:00:00'),
(647, 'BACLOFEN BACLO-10 10MG', '25.00', 'BACLOFEN BACLO-10 10MG', 'PHARMACY', 0, '2019-02-16 10:57:48', '0000-00-00 00:00:00'),
(648, 'BACLOFEN(LIOSAL)', '37.00', 'BACLOFEN(LIOSAL)', 'PHARMACY', 0, '2019-02-16 10:57:48', '0000-00-00 00:00:00'),
(649, 'BD Insyte-W 22GA', '175.00', '', 'PHARMACY', 0, '2019-02-16 10:57:48', '0000-00-00 00:00:00'),
(650, 'BETAHISTINE DISSEX 16MG TAB.', '14.50', '', 'PHARMACY', 0, '2019-02-16 10:57:48', '0000-00-00 00:00:00'),
(651, 'BETAHISTINE VERTIKIND 8', '14.50', 'BETAHISTINE VERTIKIND 8', 'PHARMACY', 0, '2019-02-16 10:57:48', '0000-00-00 00:00:00'),
(652, 'BIO-FLON I.V. CANNULA', '0.00', 'BIO-FLON I.V. CANNULA', 'PHARMACY', 0, '2019-02-16 10:57:48', '0000-00-00 00:00:00'),
(653, 'BIO-LEAD-LOCK', '600.00', 'BIO-LEAD-LOCK (REF L-LFO-510)', 'PHARMACY', 0, '2019-02-16 10:57:48', '0000-00-00 00:00:00'),
(654, 'BLUE CROSS HAV TEST DEV KITS', '0.00', 'BLUE CROSS HAV TEST DEV KITS', 'PHARMACY', 0, '2019-02-16 10:57:48', '0000-00-00 00:00:00'),
(655, 'BLUE CROSS HBsAG TEST KITS', '0.00', 'BLUE CROSS HBsAG TEST KITS', 'PHARMACY', 0, '2019-02-16 10:57:48', '0000-00-00 00:00:00'),
(656, 'BLUE SCREEN DRUG SCREEN TESTKIT', '0.00', 'BLUE SCREEN DRUG SCREEN TESTKIT', 'PHARMACY', 0, '2019-02-16 10:57:48', '0000-00-00 00:00:00'),
(657, 'BLUE SCREEN SYPHILIS STRIPS', '0.00', 'BLUE SCREEN SYPHILIS STRIPS', 'PHARMACY', 0, '2019-02-16 10:57:48', '0000-00-00 00:00:00'),
(658, 'BODY WASH & BODY SCRUB LAVANDER', '120.00', 'BODY WASH& BODY SCRUB LAVANDER', 'PHARMACY', 0, '2019-02-16 10:57:48', '0000-00-00 00:00:00'),
(659, 'BODY WASH COCONUT LIME 150ML', '120.00', 'BODY WASH COCONUT LIME 150ML', 'PHARMACY', 0, '2019-02-16 10:57:48', '0000-00-00 00:00:00'),
(660, 'BODY WASH/BODY SCRUB LAVANDER', '88.00', 'BODY WASH/BODY SCRUB LAVANDER', 'PHARMACY', 0, '2019-02-16 10:57:48', '0000-00-00 00:00:00'),
(661, 'BP APARATUS BLUE CROSS', '1.00', 'BP APARATUS (ANEROID SPHYGMOMANOMETER) BLUE CROSS', 'PHARMACY', 0, '2019-02-16 10:57:48', '0000-00-00 00:00:00'),
(662, 'C24/7', '40.00', 'C24/7 NATURA-CEUTICALS', 'PHARMACY', 0, '2019-02-16 10:57:48', '0000-00-00 00:00:00'),
(663, 'CALCITECT TAB.', '8.00', 'CALCITECT TAB. ( EXPIRY FULL OUT) 1/13/2015', 'PHARMACY', 0, '2019-02-16 10:57:48', '0000-00-00 00:00:00'),
(664, 'CALCIUM CARBONATE  (OSTEOVIT)', '10.00', 'CALCIUM CARBONATE + VIT. D3 (OSTEOVIT)', 'PHARMACY', 0, '2019-02-16 10:57:48', '0000-00-00 00:00:00'),
(665, 'CALCIUM CARBONATE (OSCIVIT)', '0.00', '1250MG/250 IU TABLET MINERAL & VITAMIN\r\nFOOD SUPPLEMENT', 'PHARMACY', 0, '2019-02-16 10:57:48', '0000-00-00 00:00:00'),
(666, 'CARBOCISTEINE(FLEMMALIZ)500MG', '10.20', 'CARBOCISTEINE(FLEMMALIZ)500MG', 'PHARMACY', 0, '2019-02-16 10:57:48', '0000-00-00 00:00:00'),
(667, 'CARNIVAL SCENTS(VANILLA&BUBBLE)', '120.00', 'CARNIVAL SCENTS (VANILLA  SUNDAE & BUBBLE GUM) 50ML', 'PHARMACY', 0, '2019-02-16 10:57:48', '0000-00-00 00:00:00'),
(668, 'CARNIVAL SCENTS(VANILLA/BUBBLE)', '88.00', 'CARNIVAL SCENTS(VANILLA/BUBBLE)', 'PHARMACY', 0, '2019-02-16 10:57:48', '0000-00-00 00:00:00'),
(669, 'CEFALEXIN (EDEXAN) 500MG/CAP.', '21.00', 'CEFALEXIN (EDEXAN) 500MG/CAP.\r\nNOTE: FULL OUT RETURNED TO SUPPLIER DUE TO NOT MOVING,REPLACE TO CO- AMOX 625 MG ( 2/18/15)', 'PHARMACY', 0, '2019-02-16 10:57:48', '0000-00-00 00:00:00'),
(670, 'CEFALEXIN 500MG(EXCEL)', '5.25', 'CEFALEXIN 500MG/CAP.', 'PHARMACY', 0, '2019-02-16 10:57:48', '0000-00-00 00:00:00'),
(671, 'CEFIXIME SUFICE-200 200MG', '72.00', 'CEFIXIME SUFICE-200 200MG', 'PHARMACY', 0, '2019-02-16 10:57:48', '0000-00-00 00:00:00'),
(672, 'CEFTRIAXONE (CEFTIBET) 1G INJEC', '1.00', '', 'PHARMACY', 0, '2019-02-16 10:57:48', '0000-00-00 00:00:00'),
(673, 'CEFTRIAXONE SODIUM(CEFTIBET)', '0.00', 'CEFTRIAXONE SODIUM(CEFTIBET)', 'PHARMACY', 0, '2019-02-16 10:57:48', '0000-00-00 00:00:00'),
(674, 'CEFUROXIME AXETIL SUNCETIN 500', '0.00', 'CEFUROXIME AXETIL SUNCETIN 500MG', 'PHARMACY', 0, '2019-02-16 10:57:48', '0000-00-00 00:00:00'),
(675, 'CEFUROXIME(CEFUSAPH)500MG', '26.00', 'CEFUROXIME(CEFUSAPH)500MG', 'PHARMACY', 0, '2019-02-16 10:57:48', '0000-00-00 00:00:00'),
(676, 'CEFWIN-500', '45.00', 'CEFUROXIME 500MG/CAP.', 'PHARMACY', 0, '2019-02-16 10:57:48', '0000-00-00 00:00:00'),
(677, 'CELECOXIB (CELEFLAM 200MG)', '22.00', 'CELECOXIB (CELEFLAM 200MG)', 'PHARMACY', 0, '2019-02-16 10:57:48', '0000-00-00 00:00:00'),
(678, 'CELECOXIB (CELIX 200)', '22.00', 'CELECOXIB (CELIX 200)', 'PHARMACY', 0, '2019-02-16 10:57:48', '0000-00-00 00:00:00'),
(679, 'CELECOXIB 200MG (GENERIC)', '18.00', 'CELECOXIB 200MG (GENERIC)', 'PHARMACY', 0, '2019-02-16 10:57:48', '0000-00-00 00:00:00'),
(680, 'CELECOXIB SAPHLECOX 200MG', '22.00', 'CELECOXIB SAPHLECOX 200MG', 'PHARMACY', 0, '2019-02-16 10:57:48', '0000-00-00 00:00:00'),
(681, 'CELECOXIB SELECT(SAPHLECOX) NEW', '22.00', 'CELECOXIB SELECT(SAPHLECOX) NEW', 'PHARMACY', 0, '2019-02-16 10:57:48', '0000-00-00 00:00:00'),
(682, 'CELECOXIB(SELECAP 400)', '39.00', 'CELECOXIB(SELECAP 400)', 'PHARMACY', 0, '2019-02-16 10:57:48', '0000-00-00 00:00:00'),
(683, 'CELOCOXIB COXIBIZ 200MG', '0.00', 'CELOCOXIB COXIBIZ 200MG', 'PHARMACY', 0, '2019-02-16 10:57:48', '0000-00-00 00:00:00'),
(684, 'CETIRIZINE(DIALEX)', '2.00', 'CETIRIZINE(DIALEX)', 'PHARMACY', 0, '2019-02-16 10:57:48', '0000-00-00 00:00:00'),
(685, 'CHOCO VIT SYRUP 120ML', '185.00', 'CHOCO VIT SYRUP 120ML VIT. AND MINERALS WITH ZINC', 'PHARMACY', 0, '2019-02-16 10:57:48', '0000-00-00 00:00:00'),
(686, 'CINNARIZINE 25MG (FLARIZINE)', '14.50', 'CINNARIZINE 25MG (FLARIZINE)', 'PHARMACY', 0, '2019-02-16 10:57:48', '0000-00-00 00:00:00'),
(687, 'CINNARIZINE 25MG/TAB.', '14.50', 'CINNARIZINE 25MG/TAB', 'PHARMACY', 0, '2019-02-16 10:57:48', '0000-00-00 00:00:00'),
(688, 'CINNARIZINE(ZINREX)', '14.50', 'CINNARIZINE(ZINREX) ANTI -VERTIGO 25MG', 'PHARMACY', 0, '2019-02-16 10:57:48', '0000-00-00 00:00:00'),
(689, 'CIPROFLOXACIN 500MG (MYREX)', '6.00', 'CIPROFLOXACIN 500MG (MYREX)', 'PHARMACY', 0, '2019-02-16 10:57:48', '0000-00-00 00:00:00'),
(690, 'CIPROFLOXACIN 500MG(XIPRO)', '45.00', 'CIPROFLOXACIN 500MG', 'PHARMACY', 0, '2019-02-16 10:57:48', '0000-00-00 00:00:00'),
(691, 'CIPROFLOXACIN BUCIPRO 500MG', '0.00', 'CIPROFLOXACIN BUCIPRO 500MG', 'PHARMACY', 0, '2019-02-16 10:57:48', '0000-00-00 00:00:00'),
(692, 'CIPROFLOXACIN CIPRODIN FC 500MG', '0.00', 'CIPROFLOXACIN CIPRODIN FC 500MG', 'PHARMACY', 0, '2019-02-16 10:57:48', '0000-00-00 00:00:00'),
(693, 'CIPROFLOXACIN CIPROMET 500MG', '45.50', 'CIPROFLOXACIN CIPROMET 500MG', 'PHARMACY', 0, '2019-02-16 10:57:48', '0000-00-00 00:00:00'),
(694, 'CIPROFLOXACIN CIPROSAN', '6.00', 'CIPROFLOXACIN CIPROSAN\r\n500MG', 'PHARMACY', 0, '2019-02-16 10:57:48', '0000-00-00 00:00:00'),
(695, 'CIPROFLOXACIN(CIPROSAN)500MG', '6.00', 'CIPROFLOXACIN(CIPROSAN)500MG', 'PHARMACY', 0, '2019-02-16 10:57:48', '0000-00-00 00:00:00'),
(696, 'CIPROFLOXACIN(FLOSICRON)500MG', '6.00', 'CIPROFLOXACIN(FLOSICRON)500MG', 'PHARMACY', 0, '2019-02-16 10:57:48', '0000-00-00 00:00:00'),
(697, 'CITICOLINE COLIBIZ 500MG', '50.00', 'SITICOLINE COLIBIZ 500MG', 'PHARMACY', 0, '2019-02-16 10:57:48', '0000-00-00 00:00:00'),
(698, 'CLAVENTIN SUSPENSION CO-AMOXI', '220.00', 'CO AMOXICLAV CLAVENTIN SUSPENSION  60ML', 'PHARMACY', 0, '2019-02-16 10:57:48', '0000-00-00 00:00:00'),
(699, 'CLINDAMYCIN 300MG KYLEZINE', '6.00', 'CLINDAMYCIN 300MG KYLEZINE', 'PHARMACY', 0, '2019-02-16 10:57:48', '0000-00-00 00:00:00'),
(700, 'CLINDAMYCIN 300MG/CAP.', '6.00', 'CLINDAMYCIN 300MG/CAP.', 'PHARMACY', 0, '2019-02-16 10:57:48', '0000-00-00 00:00:00'),
(701, 'CLONIDINE(ALPHAPRES)', '14.25', 'CLONIDINE(ALPHAPRES)', 'PHARMACY', 0, '2019-02-16 10:57:48', '0000-00-00 00:00:00'),
(702, 'CLOPIDOGREL CLOPIMET 75MG', '38.50', 'CLOPIDOGREL CLOPIMET 75MG', 'PHARMACY', 0, '2019-02-16 10:57:48', '0000-00-00 00:00:00'),
(703, 'CLOPIDOGREL CLOPIRIC 75MG', '23.00', 'CLOPIDOGREL CLOPIRIC 75MG', 'PHARMACY', 0, '2019-02-16 10:57:48', '0000-00-00 00:00:00'),
(704, 'CLOPIDOGREL TIMIFLO BRANDED', '24.00', 'CLOPIDOGREL TIMIFLO 75MG.BRANDED', 'PHARMACY', 0, '2019-02-16 10:57:48', '0000-00-00 00:00:00'),
(705, 'CO AMMOXICLAV(RAPICLAV)', '22.00', 'CO AMMOXICLAV(RAPICLAV)', 'PHARMACY', 0, '2019-02-16 10:57:48', '0000-00-00 00:00:00'),
(706, 'CO- AMOX (GENERIC)RAPICLAV', '20.00', 'CO- AMOX (GENERIC) 625 MG RAPICLAV', 'PHARMACY', 0, '2019-02-16 10:57:48', '0000-00-00 00:00:00'),
(707, 'CO AMOXICLAV (RAFONEX)625', '20.00', 'CO AMOXICLAV (RAFONEX)625', 'PHARMACY', 0, '2019-02-16 10:57:48', '0000-00-00 00:00:00'),
(708, 'CO AMOXICLAV(CLAVMENTIN)', '20.00', 'CO AMOXICLAV(CLAVMENTIN)625 MG', 'PHARMACY', 0, '2019-02-16 10:57:48', '0000-00-00 00:00:00'),
(709, 'CO AMOXICLAV(COMXICLA)', '22.00', 'CO AMOXICLAV(COMXICLA)\r\n625MG', 'PHARMACY', 0, '2019-02-16 10:57:48', '0000-00-00 00:00:00'),
(710, 'CO-AMOXICLAV (DUOCLAV) 500MG/12', '45.00', 'CO-AMOXICLAV (DUOCLAV) 500MG/125MG\r\nNOTE: REPLACEMENT OF SIMVASTATIN 224 PCS, CEFALEXIN 100PCS AND ATORVASTATIN 100 PCS.(2/18/15)', 'PHARMACY', 0, '2019-02-16 10:57:48', '0000-00-00 00:00:00'),
(711, 'CO-AMOXICLAV CLAVISTAN 500MG', '0.00', 'CO-AMOXICLAV CLAVISTAN 500MG', 'PHARMACY', 0, '2019-02-16 10:57:48', '0000-00-00 00:00:00'),
(712, 'CONTRAST IOHEXOL IOBRIX 300', '0.00', 'CONTRAST IOHEXOL IOBRIX 300', 'PHARMACY', 0, '2019-02-16 10:57:48', '0000-00-00 00:00:00'),
(713, 'CONTRAST IOPAMIDOL SCANLUX', '0.00', 'CONTRAST IOPAMIDOL SCANLUX', 'PHARMACY', 0, '2019-02-16 10:57:48', '0000-00-00 00:00:00'),
(714, 'COTTON 400 GRAMS', '240.00', 'COTTON 400 GRAMS', 'PHARMACY', 0, '2019-02-16 10:57:48', '0000-00-00 00:00:00'),
(715, 'COXIBIZ 200MG', '45.00', 'CELECOXIB', 'PHARMACY', 0, '2019-02-16 10:57:48', '0000-00-00 00:00:00'),
(716, 'DHA (NATURALIE)', '11.50', 'SUPPLIMENTS', 'PHARMACY', 0, '2019-02-16 10:57:48', '0000-00-00 00:00:00'),
(717, 'DIGITAL THERMOMETER', '270.00', 'OMRON DIGITAL THERMOMETER', 'PHARMACY', 0, '2019-02-16 10:57:48', '0000-00-00 00:00:00'),
(718, 'DIPHENHYDRAMINE HISTAZYN 50MG', '2.00', 'DIPHENHYDRAMINE HISTAZYN 50MG', 'PHARMACY', 0, '2019-02-16 10:57:48', '0000-00-00 00:00:00'),
(719, 'DOMPERIDONE(GASTROKINETIC)', '4.50', 'DOMPERIDONE(GASTROKINETIC) 100MG', 'PHARMACY', 0, '2019-02-16 10:57:48', '0000-00-00 00:00:00'),
(720, 'DOXYCYCLINE 100MG/CAP.', '6.00', 'DOXYCYCLINE 100MG/CAP.', 'PHARMACY', 0, '2019-02-16 10:57:48', '0000-00-00 00:00:00'),
(721, 'DOXYCYCLINE(DOXIMAX)100MG', '6.00', 'DOXYCYCLINE(DOXIMAX)100MG', 'PHARMACY', 0, '2019-02-16 10:57:48', '0000-00-00 00:00:00'),
(722, 'EDTA TUBE 0.5ML (TRULAB)', '0.00', 'EDTA TUBE 0.5ML (TRULAB)', 'PHARMACY', 0, '2019-02-16 10:57:48', '0000-00-00 00:00:00'),
(723, 'EDTA TUBE 2ML (BRANDEN)', '0.00', 'EDTA TUBE 2ML (BRANDEN)', 'PHARMACY', 0, '2019-02-16 10:57:48', '0000-00-00 00:00:00'),
(724, 'EDTA TUBE 2ML (PANACEA)', '0.00', 'EDTA TUBE 2ML (PANACEA)', 'PHARMACY', 0, '2019-02-16 10:57:48', '0000-00-00 00:00:00'),
(725, 'EDTA TUBE 2ML (WINICE)', '0.00', 'EDTA TUBE 2ML (BRANDEN)', 'PHARMACY', 0, '2019-02-16 10:57:48', '0000-00-00 00:00:00'),
(726, 'EDTA TUBE 2ML PLAIN (BRANDEN)', '0.00', 'EDTA TUBE 2ML PLAIN (BRANDEN)', 'PHARMACY', 0, '2019-02-16 10:57:48', '0000-00-00 00:00:00'),
(727, 'EDTA TUBE BLUE TOP 1.8ML', '0.00', 'EDTA TUBE BLUE TOP 1.8ML', 'PHARMACY', 0, '2019-02-16 10:57:48', '0000-00-00 00:00:00'),
(728, 'ELBOW SUPPORT', '148.50', 'ELBOW SUPPORT 705', 'PHARMACY', 0, '2019-02-16 10:57:48', '0000-00-00 00:00:00'),
(729, 'En Plus GOLD', '750.00', '', 'PHARMACY', 0, '2019-02-16 10:57:48', '0000-00-00 00:00:00'),
(730, 'ESOMEPRAZOLE ESOPRIM 40MG', '45.00', 'ESOMEPRAZOLE ESOPRIM 40MG', 'PHARMACY', 0, '2019-02-16 10:57:48', '0000-00-00 00:00:00'),
(731, 'ESOMEPRAZOLE PPI MAX 40MG', '45.00', 'ESOMEPRAZOLE PPI MAX 40MG', 'PHARMACY', 0, '2019-02-16 10:57:48', '0000-00-00 00:00:00'),
(732, 'ETORICOXIB TORICO 90MG', '56.00', 'ETORICOXIB TORICO 90MG', 'PHARMACY', 0, '2019-02-16 10:57:48', '0000-00-00 00:00:00'),
(733, 'FEMININE WASH', '500.00', 'FEMININE WASH', 'PHARMACY', 0, '2019-02-16 10:57:48', '0000-00-00 00:00:00'),
(734, 'FESO4 + FOLIC ACID (AMECIRON)', '10.25', 'FESO4 + FOLIC (AMECIRON)', 'PHARMACY', 0, '2019-02-16 10:57:48', '0000-00-00 00:00:00'),
(735, 'FESO4 FUMARATE(FORAMEFER)', '12.00', 'FERROUS SULFATE+VIT. B-COMPLEX+FOLIC ACID', 'PHARMACY', 0, '2019-02-16 10:57:48', '0000-00-00 00:00:00'),
(736, 'FESO4(FORALIVIT)', '12.00', 'FESO4(FORALIVIT) FERROUS+FOLIC+VIT.B COMPLEX', 'PHARMACY', 0, '2019-02-16 10:57:48', '0000-00-00 00:00:00'),
(737, 'FESO4+FOLIC ACID+VIT.B COMPLEX', '12.00', 'FESO4+FOLIC ACID+VIT.B COMPLEX(FORALIVIT)', 'PHARMACY', 0, '2019-02-16 10:57:48', '0000-00-00 00:00:00'),
(738, 'FOAMING HAND SANITIZER GREENTEA', '120.00', 'FOAMING HAND SANITIZER GREENTEA', 'PHARMACY', 0, '2019-02-16 10:57:48', '0000-00-00 00:00:00'),
(739, 'FOAMING HAND SANITIZER SWEETPEA', '120.00', 'FOAMING HAND SANITIZER SWEETPEA', 'PHARMACY', 0, '2019-02-16 10:57:48', '0000-00-00 00:00:00'),
(740, 'FOLLEY CATHETER 14', '40.00', 'FOLLEY CATHETER 14', 'PHARMACY', 0, '2019-02-16 10:57:48', '0000-00-00 00:00:00'),
(741, 'FOLLEY CATHETER 16', '40.00', 'FOLLEY CATHETER 16', 'PHARMACY', 0, '2019-02-16 10:57:48', '0000-00-00 00:00:00'),
(742, 'FRESH BLOOM ROMANTIC WISH&LOVE', '120.00', 'FRESH BLOOM ROMANTIC WISH & LOVE POTION', 'PHARMACY', 0, '2019-02-16 10:57:48', '0000-00-00 00:00:00'),
(743, 'GABAPENTIN GAB-300 300MG', '35.00', 'GABAPENTIN GAB-300 300MG', 'PHARMACY', 0, '2019-02-16 10:57:48', '0000-00-00 00:00:00'),
(744, 'GALVANIC SPA', '21.00', 'GALVANIC SPA', 'PHARMACY', 0, '2019-02-16 10:57:48', '0000-00-00 00:00:00'),
(745, 'GLAM WORKS BODY MIST STRAWBERRY', '80.00', 'GLAM WORKS BODY MIST STRAWBERRY', 'PHARMACY', 0, '2019-02-16 10:57:48', '0000-00-00 00:00:00'),
(746, 'GLAM WORKS GREEN TEA', '50.00', 'GLAM WORKS GREEN TEA', 'PHARMACY', 0, '2019-02-16 10:57:48', '0000-00-00 00:00:00'),
(747, 'GLAM WORKS HAND&BODY LOTION', '80.00', 'GLAM WORKS HAND&BODY LOTION STRAWBERRY', 'PHARMACY', 0, '2019-02-16 10:57:48', '0000-00-00 00:00:00'),
(748, 'GLAM WORKS STAR GAZER', '50.00', 'GLAM WORKS STAR GAZER', 'PHARMACY', 0, '2019-02-16 10:57:48', '0000-00-00 00:00:00'),
(749, 'GLAMWORKS STRAWBERRY H&B LOTION', '0.00', 'GLAMWORKS STRAWBERRY H&B LOTION 100ML', 'PHARMACY', 0, '2019-02-16 10:57:48', '0000-00-00 00:00:00'),
(750, 'GLICLAZIDE GLUCONIL 80MG', '7.25', 'GLICLAZIDE GLUCONIL 80MG', 'PHARMACY', 0, '2019-02-16 10:57:48', '0000-00-00 00:00:00'),
(751, 'GLITAZ 30MG', '25.00', 'PIOGLITAZONE', 'PHARMACY', 0, '2019-02-16 10:57:48', '0000-00-00 00:00:00'),
(752, 'GLOVES', '260.00', 'GLOVES', 'PHARMACY', 0, '2019-02-16 10:57:48', '0000-00-00 00:00:00'),
(753, 'HYOSCINE', '10.00', 'HYOSCINE', 'PHARMACY', 0, '2019-02-16 10:57:48', '0000-00-00 00:00:00'),
(754, 'IBUPROFEN PARACETML (PASTRONG)', '10.00', 'IBUPROFEN PARACETAMOL (PASTRONg-SF) 200mg/325 mg', 'PHARMACY', 0, '2019-02-16 10:57:48', '0000-00-00 00:00:00'),
(755, 'IGG BOOST 120 CAPS', '4.00', 'IGG BOOST 120 CAPS', 'PHARMACY', 0, '2019-02-16 10:57:48', '0000-00-00 00:00:00'),
(756, 'IMOJEV VACCINE', '3.00', 'JAPANESE ENCEPHALITIS VACCINE (live, Attenuated)', 'PHARMACY', 0, '2019-02-16 10:57:48', '0000-00-00 00:00:00'),
(757, 'INSIGHT URINALYSIS REAGENT STRP', '0.00', 'INSIGHT URINALYSIS REAGENT STRIP', 'PHARMACY', 0, '2019-02-16 10:57:48', '0000-00-00 00:00:00'),
(758, 'INSYTE', '4.00', 'INSYTE', 'PHARMACY', 0, '2019-02-16 10:57:48', '0000-00-00 00:00:00'),
(759, 'IRBESARTAN (IRVEX) 150MG', '20.00', 'IRBESARTAN (IRVEX) 150MG\r\nNOTE:\r\nFULL OUT - 2/16/2015\r\nEXPIRED- 9/2014', 'PHARMACY', 0, '2019-02-16 10:57:48', '0000-00-00 00:00:00'),
(760, 'JULONG ELBOW SUPPORT', '0.00', 'JULONG ELBOW SUPPORT', 'PHARMACY', 0, '2019-02-16 10:57:48', '0000-00-00 00:00:00');
INSERT INTO `qpd_items` (`ItemID`, `ItemName`, `ItemPrice`, `ItemDescription`, `ItemType`, `TestType`, `CreationDate`, `DateUpdate`) VALUES
(761, 'JULONG FITNESS SUPPORT GLOVES', '0.00', 'JULONG FITNESS SUPPORT GLOVES', 'PHARMACY', 0, '2019-02-16 10:57:48', '0000-00-00 00:00:00'),
(762, 'JULONG PALM SUPPORT', '103.95', 'JULONG PALM SUPPORT 826', 'PHARMACY', 0, '2019-02-16 10:57:48', '0000-00-00 00:00:00'),
(763, 'JUNGA MALS CHEWABLE', '2.00', 'JUNGA MALLS CHEWABLE', 'PHARMACY', 0, '2019-02-16 10:57:48', '0000-00-00 00:00:00'),
(764, 'KETOROLAC TROMETAMOL (KETERO)', '0.00', 'KETOROLAC TROMETAMOL (KETERO)30MG/ML AMPOULE', 'PHARMACY', 0, '2019-02-16 10:57:48', '0000-00-00 00:00:00'),
(765, 'KNEE SUPPORT', '163.35', 'JULONG- 738', 'PHARMACY', 0, '2019-02-16 10:57:48', '0000-00-00 00:00:00'),
(766, 'KNEE SUPPORT 2', '133.65', 'JULONG-828', 'PHARMACY', 0, '2019-02-16 10:57:48', '0000-00-00 00:00:00'),
(767, 'LAGUNDI TAB.(NEGACOF)600MG', '6.00', 'LAGUNDI TAB.(NEGACOF)600MG', 'PHARMACY', 0, '2019-02-16 10:57:48', '0000-00-00 00:00:00'),
(768, 'LIPIRIC-20', '35.00', 'ATORVASTATIN  20MG', 'PHARMACY', 0, '2019-02-16 10:57:48', '0000-00-00 00:00:00'),
(769, 'LIPWAY SR', '39.50', 'FENOFIBRATE', 'PHARMACY', 0, '2019-02-16 10:57:48', '0000-00-00 00:00:00'),
(770, 'LIVER GOLD-F', '15.00', 'SUPPLIMENTS', 'PHARMACY', 0, '2019-02-16 10:57:48', '0000-00-00 00:00:00'),
(771, 'LIVERCAP(250MG)', '10.00', 'LIVERCAP(SILYMARIN + VIT.B COMPLEX)', 'PHARMACY', 0, '2019-02-16 10:57:48', '0000-00-00 00:00:00'),
(772, 'LORADITINE', '0.00', 'LORATIDINE', 'PHARMACY', 0, '2019-02-16 10:57:48', '0000-00-00 00:00:00'),
(773, 'LOSARTAN (NATRAZOL )50MG/TAB', '8.75', 'LOSARTAN (NATRAZOL )50MG/TAB', 'PHARMACY', 0, '2019-02-16 10:57:48', '0000-00-00 00:00:00'),
(774, 'LOSARTAN 50MG NATRAZOL(NEW)', '8.75', 'LOSARTAN 50MG NATRAZOL(NEW)', 'PHARMACY', 0, '2019-02-16 10:57:48', '0000-00-00 00:00:00'),
(775, 'LOSARTAN BESARTAN 50MG. BRANDED', '12.00', 'LOSARTAN BESARTAN 50MG. BRANDED', 'PHARMACY', 0, '2019-02-16 10:57:48', '0000-00-00 00:00:00'),
(776, 'LOSARTAN K (NATRAZOL) 100MG/TAB', '15.00', 'LOSARTAN K (NATRAZOL) 100MG/TAB', 'PHARMACY', 0, '2019-02-16 10:57:48', '0000-00-00 00:00:00'),
(777, 'LOSARTAN POTASSIUM 100MG', '15.00', 'LOSARTAN POTASSIUM 100MG(LOZAK)', 'PHARMACY', 0, '2019-02-16 10:57:48', '0000-00-00 00:00:00'),
(778, 'LOSARTAN POTASSIUM LOZAK 50MG', '8.75', 'LOSARTAN POTASSIUM LOZAK 50MG', 'PHARMACY', 0, '2019-02-16 10:57:48', '0000-00-00 00:00:00'),
(779, 'LOSARTAN POTASSIUM(LOSAWIN-50)', '8.75', 'LOSARTAN POTASSIUM(LOSAWIN-50)50MG', 'PHARMACY', 0, '2019-02-16 10:57:48', '0000-00-00 00:00:00'),
(780, 'LOSARTAN ZEFTAN PLUS 25MG', '0.00', 'LOSARTAN ZEFTAN PLUS 25MG', 'PHARMACY', 0, '2019-02-16 10:57:48', '0000-00-00 00:00:00'),
(781, 'LOSARTAN(LOBIP)50MG TAB.', '8.75', 'LOSARTAN(LOBIP)50MG TAB.', 'PHARMACY', 0, '2019-02-16 10:57:48', '0000-00-00 00:00:00'),
(782, 'MACROSET', '250.00', 'MACROSET', 'PHARMACY', 0, '2019-02-16 10:57:48', '0000-00-00 00:00:00'),
(783, 'MASK', '12.00', 'MASK', 'PHARMACY', 0, '2019-02-16 10:57:48', '0000-00-00 00:00:00'),
(784, 'MAXITRON TABLET VIT & MIN', '25.00', 'MAXITRON TABLET VIT & MIN', 'PHARMACY', 0, '2019-02-16 10:57:48', '0000-00-00 00:00:00'),
(785, 'MEFENAMIC ACID ANALMIN 500MG', '3.00', 'MEFENAMIC ACID ANALMIN 500MG', 'PHARMACY', 0, '2019-02-16 10:57:48', '0000-00-00 00:00:00'),
(786, 'MEFENAMIC ACID MEGYXAN 500MG', '3.00', 'MEFENAMIC ACID MEGYXAN 500MG', 'PHARMACY', 0, '2019-02-16 10:57:48', '0000-00-00 00:00:00'),
(787, 'MEFENAMIC ACID MYREFEN 500MG', '0.00', 'MEFENAMIC ACID MYREFEN 500MG', 'PHARMACY', 0, '2019-02-16 10:57:48', '0000-00-00 00:00:00'),
(788, 'METABO TRIM 60', '2.00', 'METABO TRIM 60', 'PHARMACY', 0, '2019-02-16 10:57:48', '0000-00-00 00:00:00'),
(789, 'METFORMIN (FORMET) 500MG', '1.25', 'METFORMIN (FORMET) 500MG', 'PHARMACY', 0, '2019-02-16 10:57:48', '0000-00-00 00:00:00'),
(790, 'METFORMIN (SAPHORMIN T500)', '2.00', 'METFORMIN (SAPHORMIN T500)', 'PHARMACY', 0, '2019-02-16 10:57:48', '0000-00-00 00:00:00'),
(791, 'METFORMIN ADIAC', '2.00', 'METFORMIN ADIAC 500MG', 'PHARMACY', 0, '2019-02-16 10:57:48', '0000-00-00 00:00:00'),
(792, 'METFORMIN NEOMET 500MG BRANDED', '13.25', 'METFORMIN NEOMET 500MG BRANDED', 'PHARMACY', 0, '2019-02-16 10:57:48', '0000-00-00 00:00:00'),
(793, 'METFORMIN(ADIAC)500MG', '1.25', 'METFORMIN(ADIAC)500MG', 'PHARMACY', 0, '2019-02-16 10:57:48', '0000-00-00 00:00:00'),
(794, 'METOCLOPRAMIDE HCL', '160.00', 'METOCLOPRAMIDE HCL \r\nMETSIL \r\n5MG/ML910MG/2ML)SOL. FOR INJECTION', 'PHARMACY', 0, '2019-02-16 10:57:48', '0000-00-00 00:00:00'),
(795, 'METRONIDAZOLE 500MG/250MG 100ML', '0.00', 'METRONIDAZOLE 500MG/250MG 100ML VIAL', 'PHARMACY', 0, '2019-02-16 10:57:48', '0000-00-00 00:00:00'),
(796, 'MICROPORE TAPE 1/2 X 1', '18.75', '3M Micropore Tape 1/2 x 1', 'PHARMACY', 0, '2019-02-16 10:57:48', '0000-00-00 00:00:00'),
(797, 'MONTELUKAST SODIUM L-ZINEX DUO', '29.45', '', 'PHARMACY', 0, '2019-02-16 10:57:48', '0000-00-00 00:00:00'),
(798, 'MULTIVITAMINS VITAGIN CAP.', '15.00', 'MULTIVIT+MIN+KOREAN GINSENG+ROYAL JELLY\r\nVITAGIN', 'PHARMACY', 0, '2019-02-16 10:57:48', '0000-00-00 00:00:00'),
(799, 'MULTIVITAMIS BEETAB BRANDED', '9.00', 'MULTIVITAMIS BEETAB BRANDED', 'PHARMACY', 0, '2019-02-16 10:57:48', '0000-00-00 00:00:00'),
(800, 'MYREVIT  VIT. B COMPLEX', '1.50', 'Myrevit VIT. B COMPLEX B1 + B6 + B12', 'PHARMACY', 0, '2019-02-16 10:57:48', '0000-00-00 00:00:00'),
(801, 'NAPROXEN SAPROXEN 500MG', '6.00', 'NAPROXEN SAPROXEN 500MG', 'PHARMACY', 0, '2019-02-16 10:57:48', '0000-00-00 00:00:00'),
(802, 'NATURELLE DHA SOFTGEL CAP', '0.00', 'NATURELLE DHA SOFTGEL CAP', 'PHARMACY', 0, '2019-02-16 10:57:48', '0000-00-00 00:00:00'),
(803, 'NATURES SPRING MINERAL WTR 350', '15.00', 'NATURE SPRING MINERAL WATER 350 ML', 'PHARMACY', 0, '2019-02-16 10:57:48', '0000-00-00 00:00:00'),
(804, 'NEBULIZER (ELITE)', '1.00', 'NEBUIZER (ELITE)', 'PHARMACY', 0, '2019-02-16 10:57:48', '0000-00-00 00:00:00'),
(805, 'NEBULIZER SMART NEB./BLUE CROSS', '3.00', 'NEBULIZER SMART NEB./BLUE CROSS', 'PHARMACY', 0, '2019-02-16 10:57:48', '0000-00-00 00:00:00'),
(806, 'NEUROTECT CAP.', '23.00', 'SUPPLIMENTS', 'PHARMACY', 0, '2019-02-16 10:57:48', '0000-00-00 00:00:00'),
(807, 'NUTROTAL CAPLET', '24.00', 'SUPPLIMENT', 'PHARMACY', 0, '2019-02-16 10:57:48', '0000-00-00 00:00:00'),
(808, 'NYSTATIN(NYSTAZAN)SUSPENSION', '83.00', 'NYSTATIN(NYSTAZAN) ORAL SUSPENSION ANTIFUNGAL', 'PHARMACY', 0, '2019-02-16 10:57:48', '0000-00-00 00:00:00'),
(809, 'OMEPRAZOLE (OMEPLUS) 40MG CAP', '9.00', 'OMEPRAZOLE (OMEPLUS) 40MG CAP', 'PHARMACY', 0, '2019-02-16 10:57:48', '0000-00-00 00:00:00'),
(810, 'OMEPRAZOLE 40MG(HYCID-40)', '9.00', 'OMEPRAZOLE 40MG(HYCID-40)', 'PHARMACY', 0, '2019-02-16 10:57:48', '0000-00-00 00:00:00'),
(811, 'OMEPRAZOLE HYCID 40MG. NEW', '9.00', 'OMEPRAZOLE HYCID 40MG. NEW', 'PHARMACY', 0, '2019-02-16 10:57:48', '0000-00-00 00:00:00'),
(812, 'OMEPRAZOLE OPRAZ 20MG BRANDED', '35.00', 'OMEPRAZOLE OPRAZ 20MG BRANDED', 'PHARMACY', 0, '2019-02-16 10:57:48', '0000-00-00 00:00:00'),
(813, 'OMEPRAZOLE(XOPRAZOLE PLUS)40MG', '9.00', 'OMEPRAZOLE(XOPRAZOLE PLUS)40MG', 'PHARMACY', 0, '2019-02-16 10:57:48', '0000-00-00 00:00:00'),
(814, 'ORANGE MEDIC 100GTTB 240ML', '0.00', 'ORANGE MEDIC 75GTTB 240ML', 'PHARMACY', 0, '2019-02-16 10:57:48', '0000-00-00 00:00:00'),
(815, 'ORANGE MEDIC 75GTTB 240ML', '0.00', 'ORANGE MEDIC 75GTTB 240ML', 'PHARMACY', 0, '2019-02-16 10:57:48', '0000-00-00 00:00:00'),
(816, 'ORMED HYGIENIC PROTECTION COVER', '750.00', 'ORMED HYGIENIC PROTECTION COVER (FOR ULTRASOUND PROBES NON STERILE) BOX', 'PHARMACY', 0, '2019-02-16 10:57:48', '0000-00-00 00:00:00'),
(817, 'PANTACHEK 40MG', '30.00', 'PANTOPRAZOLE', 'PHARMACY', 0, '2019-02-16 10:57:48', '0000-00-00 00:00:00'),
(818, 'PAPER CUP', '5.00', 'PAPER CUP FOR WATER', 'PHARMACY', 0, '2019-02-16 10:57:48', '0000-00-00 00:00:00'),
(819, 'PARA+ IBU 400MG/325MG', '3.00', 'PARA+ IBU 400MG/325MG', 'PHARMACY', 0, '2019-02-16 10:57:48', '0000-00-00 00:00:00'),
(820, 'PARA+PHENYL+CHLORPEN 325/25MG/2', '2.50', 'PARA+PHENYL+CHLORPEN 325/25MG/2MG', 'PHARMACY', 0, '2019-02-16 10:57:48', '0000-00-00 00:00:00'),
(821, 'PARACETAMOL 500MG/CAP', '1.00', 'PARACETAMOL 500MG/CAP', 'PHARMACY', 0, '2019-02-16 10:57:48', '0000-00-00 00:00:00'),
(822, 'PARACETAMOL IBUPROFEN(DIATAFEN)', '2.50', 'PARACETAMOL IBUPROFEN(DIATAFEN) 500MG', 'PHARMACY', 0, '2019-02-16 10:57:48', '0000-00-00 00:00:00'),
(823, 'PARACETAMOL(DIAZEP)325MG', '2.50', 'PARACETAMOL(DIAZEP)325MG/DECONGESTANT', 'PHARMACY', 0, '2019-02-16 10:57:48', '0000-00-00 00:00:00'),
(824, 'PIOGLITAZONE (GLITAZ) 30MG', '0.00', 'PIOGLITAZONE (GLITAZ) 30MG', 'PHARMACY', 0, '2019-02-16 10:57:48', '0000-00-00 00:00:00'),
(825, 'PREGNANCY TEST HEALCON HCG', '850.00', 'PREGNANCY TEST HEALCON HCG', 'PHARMACY', 0, '2019-02-16 10:57:48', '0000-00-00 00:00:00'),
(826, 'PREGNANCY TEST KIT REJOICE', '0.00', 'PREGNANCY TEST KIT REJOICE', 'PHARMACY', 0, '2019-02-16 10:57:48', '0000-00-00 00:00:00'),
(827, 'PRO BIO PCC 30 CAP.', '2.00', 'PROBIO PCC 3O CAP.', 'PHARMACY', 0, '2019-02-16 10:57:48', '0000-00-00 00:00:00'),
(828, 'PROSTECT CAP.', '0.00', 'SUPPLIMENTS \r\nFULL OUT- 2/16/2015\r\nEXPIRED -  2/2015', 'PHARMACY', 0, '2019-02-16 10:57:48', '0000-00-00 00:00:00'),
(829, 'RANIDITINE 150MG/TAB.', '3.00', 'RANIDITINE 150MG/TAB.', 'PHARMACY', 0, '2019-02-16 10:57:48', '0000-00-00 00:00:00'),
(830, 'ROSUVASTATIN CALCIUM ROSUVAZ', '25.00', 'ROSUVASTATIN CALCIUM ROSUVAZ', 'PHARMACY', 0, '2019-02-16 10:57:48', '0000-00-00 00:00:00'),
(831, 'SAIZEN-FOOT LOTION & FOOT SCRUB', '140.00', 'SAIZEN-FOOT LOTION & FOOT SCRUB PEPPERMINT', 'PHARMACY', 0, '2019-02-16 10:57:48', '0000-00-00 00:00:00'),
(832, 'SALBU+GUAI 2MG/100MG', '4.00', 'SALBU+GUAI 2MG/100MG', 'PHARMACY', 0, '2019-02-16 10:57:48', '0000-00-00 00:00:00'),
(833, 'salbutamol   CETIRIZINE(DIALEX)', '2.00', 'CETIRIZINE(DIALEX)10MG', 'PHARMACY', 0, '2019-02-16 10:57:48', '0000-00-00 00:00:00'),
(834, 'SALBUTAMOL (HIVENT) 1MG/ML NEB', '28.00', 'SALBUTAMOL (HIVENT) 1MG/ML NEBULE', 'PHARMACY', 0, '2019-02-16 10:57:48', '0000-00-00 00:00:00'),
(835, 'SALBUTAMOL NEBULE AURA PLUS', '28.00', 'SALBUTAMOL NEBULE AURA PLUS', 'PHARMACY', 0, '2019-02-16 10:57:48', '0000-00-00 00:00:00'),
(836, 'SALBUTAMOL NEBULE RESPOSAL-I', '28.00', 'SALBUTAMOL NEBULE RESPOSAL-I', 'PHARMACY', 0, '2019-02-16 10:57:48', '0000-00-00 00:00:00'),
(837, 'SALBUTAMOL SULFATE (VENTREX)', '2.00', 'SALBUTAMOL SULFATE (VENTREX)', 'PHARMACY', 0, '2019-02-16 10:57:48', '0000-00-00 00:00:00'),
(838, 'SALBUTAMOL VENTOMAX TAB 2MG', '2.00', 'SALBUTAMOL VENTOMAX TAB 2MG', 'PHARMACY', 0, '2019-02-16 10:57:48', '0000-00-00 00:00:00'),
(839, 'SALBUTAMOL(ALBULEM) 2MG', '2.00', 'SALBUTAMOL(ALBULEM) 2MG', 'PHARMACY', 0, '2019-02-16 10:57:48', '0000-00-00 00:00:00'),
(840, 'SENDRI OIL', '190.00', 'SENDRI OIL', 'PHARMACY', 0, '2019-02-16 10:57:48', '0000-00-00 00:00:00'),
(841, 'SHOWER GEL & HAND&BODY  LOTION', '120.00', 'SHOWER GEL & HAND&BODY  LOTION FRESH BAMBOO&COUNTRY GARDEN', 'PHARMACY', 0, '2019-02-16 10:57:48', '0000-00-00 00:00:00'),
(842, 'SHOWER GEL/HAND&BODY LOTION', '88.00', 'SHOWER GEL/HAND&BODY LOTION (FRESH BAMBOO/COUNTRY GARDEN)', 'PHARMACY', 0, '2019-02-16 10:57:48', '0000-00-00 00:00:00'),
(843, 'SILDENAFIL CITRATE VIGORIC-100', '95.00', 'SILDENAFIL CITRATE VIGORIC-100 100MG', 'PHARMACY', 0, '2019-02-16 10:57:48', '0000-00-00 00:00:00'),
(844, 'SIMVASTATIN', '10.00', 'SIMVASTATIN (LESOPID) 20MG\r\nNOTE: FULL OUT,RETURNED TO SUPPLIER DUE TO EXPIRY ON JULY 2015, REPLACE TO CO- AMOX 625 MG. (2/18/15)', 'PHARMACY', 0, '2019-02-16 10:57:48', '0000-00-00 00:00:00'),
(845, 'SM BONUS DIST 500ML', '15.00', 'WATER SM BONUS DISTILLED 500ML', 'PHARMACY', 0, '2019-02-16 10:57:48', '0000-00-00 00:00:00'),
(846, 'SM BONUS DISTILLED WATER FOR DR', '0.00', 'SM BONUS DISTILLED WATER 500ML FOR DOCTORS', 'PHARMACY', 0, '2019-02-16 10:57:48', '0000-00-00 00:00:00'),
(847, 'SONY TYPE 1 UPP-110S', '400.00', 'SONY TYPE 1 UPP-110S', 'PHARMACY', 0, '2019-02-16 10:57:48', '0000-00-00 00:00:00'),
(848, 'SPHYGMOMANOMETER ANERIOD MTI60A', '0.00', 'SPHYGMOMANOMETER ANERIOD MTI60A', 'PHARMACY', 0, '2019-02-16 10:57:48', '0000-00-00 00:00:00'),
(849, 'STERILE CONTAINER(CUP)', '25.00', 'AFB/URINE CUP', 'PHARMACY', 0, '2019-02-16 10:57:48', '0000-00-00 00:00:00'),
(850, 'SYMDEX D FORTE', '10.00', 'PARACETAMOL PHENYLPROPANOLAMINE HYDROCHLORIDE CHLORPHENAMINE MALEATE\r\nSYMDEX D FORTE 500MG/25MG/2MG TAB.', 'PHARMACY', 0, '2019-02-16 10:57:48', '0000-00-00 00:00:00'),
(851, 'SYRINGE 5CC', '8.00', 'SYRINGE 5CC', 'PHARMACY', 0, '2019-02-16 10:57:48', '0000-00-00 00:00:00'),
(852, 'SYRINGE BUTTERFLY', '25.00', 'SYRINGE BUTTERFLY', 'PHARMACY', 0, '2019-02-16 10:57:48', '0000-00-00 00:00:00'),
(853, 'SYRINGE MDECS 10CC (INDUSTRIAL)', '0.00', 'SYRINGE MDECS 10CC (INDUSTRIAL)', 'PHARMACY', 0, '2019-02-16 10:57:48', '0000-00-00 00:00:00'),
(854, 'SYRINGE MDECS 1CC', '0.00', 'SYRINGE MDECS 1CC', 'PHARMACY', 0, '2019-02-16 10:57:48', '0000-00-00 00:00:00'),
(855, 'SYRINGE MDECS 3CC (INDUSTRIAL)', '0.00', 'SYRINGE MDECS 3CC (INDUSTRIAL)', 'PHARMACY', 0, '2019-02-16 10:57:48', '0000-00-00 00:00:00'),
(856, 'SYRINGE MDECS 5CC', '0.00', 'SYRINGE MDTECS 5CC', 'PHARMACY', 0, '2019-02-16 10:57:48', '0000-00-00 00:00:00'),
(857, 'SYRINGE TERUMO 10CC', '0.00', 'SYRINGE TERUMO 10CC', 'PHARMACY', 0, '2019-02-16 10:57:48', '0000-00-00 00:00:00'),
(858, 'SYRINGE TERUMO 3CC', '6.80', 'SYRINGE TERUMO 3CC', 'PHARMACY', 0, '2019-02-16 10:57:48', '0000-00-00 00:00:00'),
(859, 'SYRINGE TERUMO 50CC', '1.00', 'SYRINGE TERUMO 50CC', 'PHARMACY', 0, '2019-02-16 10:57:48', '0000-00-00 00:00:00'),
(860, 'SYRINGE TERUMO 5CC', '800.00', 'SYRINGE TERUMO 5CC', 'PHARMACY', 0, '2019-02-16 10:57:48', '0000-00-00 00:00:00'),
(861, 'SYRINGE W/O NEEDLE COSMED DISP', '34.00', 'SYRINGE W/O NEEDLE COSMED DISP 50CC', 'PHARMACY', 0, '2019-02-16 10:57:48', '0000-00-00 00:00:00'),
(862, 'TEGREEN 120 CAP.', '5.00', 'TEGREEN 120 CAP.', 'PHARMACY', 0, '2019-02-16 10:57:48', '0000-00-00 00:00:00'),
(863, 'TEGREEN 30 CAP.', '2.00', 'TEGREEN 30 CAP.', 'PHARMACY', 0, '2019-02-16 10:57:48', '0000-00-00 00:00:00'),
(864, 'Tetanus Antitoxin (ANTITET)1500', '100.00', 'Tetanus Antitoxin (ANTITET)1500 I.U.  AMPOULE', 'PHARMACY', 0, '2019-02-16 10:57:48', '0000-00-00 00:00:00'),
(865, 'TRAMADOL(SAPHTRAM)500MG', '26.00', 'TRAMADOL(SAPHTRAM)500MG', 'PHARMACY', 0, '2019-02-16 10:57:48', '0000-00-00 00:00:00'),
(866, 'TROPICAL SCENT CUCUMBER&APPLE', '120.00', 'TROPICAL SCENT CUCUMBER MELON & HAWAIIAN APPLE', 'PHARMACY', 0, '2019-02-16 10:57:48', '0000-00-00 00:00:00'),
(867, 'VITAMIN C (ULTRA VIT)', '1.50', 'VITAMIN C (ULTRA VIT)', 'PHARMACY', 0, '2019-02-16 10:57:48', '0000-00-00 00:00:00'),
(868, 'SAMPLE', '0.00', 'SAMPLE', 'SAMPLE', 0, '2019-02-16 10:57:48', '0000-00-00 00:00:00'),
(869, 'DVD-R COVER', '0.00', 'DVD-R COVER', 'SUPPLY', 0, '2019-02-16 10:57:48', '0000-00-00 00:00:00'),
(870, 'DVR-R (BLANK DVD)', '150.00', 'DVR-R (BLANK DVD)', 'SUPPLY', 0, '2019-02-16 10:57:48', '0000-00-00 00:00:00'),
(871, 'ECG PAPER 80MMX20M SIMPLEX', '95.00', 'ECG PAPER 80MMX20M SIMPLEX', 'SUPPLY', 0, '2019-02-16 10:57:48', '0000-00-00 00:00:00'),
(872, 'FACEMASK', '3.00', 'FACE MASK', 'SUPPLY', 0, '2019-02-16 10:57:48', '0000-00-00 00:00:00'),
(873, 'FBS REAGENT NEW TECH', '3.00', 'FBS REAGENT NEW TECH', 'SUPPLY', 0, '2019-02-16 10:57:48', '0000-00-00 00:00:00'),
(874, 'MICROBAR CATS 7g/100ml', '300.00', 'MICROBAR CATS 7g/100ml', 'SUPPLY', 0, '2019-02-16 10:57:48', '0000-00-00 00:00:00'),
(875, 'PRINTING', '5.00', 'Printing [reprinting of result, error of prints, et al]', 'SUPPLY', 0, '2019-02-16 10:57:48', '0000-00-00 00:00:00'),
(876, 'REPRINT', '5.00', 'REPRINT', 'SUPPLY', 0, '2019-02-16 10:57:48', '0000-00-00 00:00:00'),
(877, 'TRUST CONDOMS', '18.50', 'TRUST CONDOMS', 'SUPPLY', 0, '2019-02-16 10:57:48', '0000-00-00 00:00:00'),
(878, 'XRAY FILM 11X14', '22.00', 'XRAY FILM 11X14', 'SUPPLY', 0, '2019-02-16 10:57:48', '0000-00-00 00:00:00'),
(879, 'FEDEX', '1.00', 'FEDEX', 'TRANSPORT SERVICE', 0, '2019-02-16 10:57:48', '0000-00-00 00:00:00'),
(880, '2D-ECHO PLAIN', '1.00', '2D-ECHO PLAIN', 'ULTRASOUND', 0, '2019-02-16 10:57:48', '0000-00-00 00:00:00'),
(881, '2D-ECHO PLAIN ADULT', '1.00', '2D-ECHO PLAIN', 'ULTRASOUND', 0, '2019-02-16 10:57:48', '0000-00-00 00:00:00'),
(882, 'APPENDIX ULTRASOUND', '475.00', 'APPENDIX ULTRASOUND', 'ULTRASOUND', 0, '2019-02-16 10:57:48', '0000-00-00 00:00:00'),
(883, 'AXILLA', '800.00', 'AXILLA', 'ULTRASOUND', 0, '2019-02-16 10:57:48', '0000-00-00 00:00:00'),
(884, 'BIOMETRICS (PELVIC PREGNANT)', '550.00', 'FETAL BIOMETRY', 'ULTRASOUND', 0, '2019-02-16 10:57:48', '0000-00-00 00:00:00'),
(885, 'BIOPHYSICAL SCORING (BPS)', '660.00', 'BIOPHYSICAL SCORING (BPS) ULTRASOUND', 'ULTRASOUND', 0, '2019-02-16 10:57:48', '0000-00-00 00:00:00'),
(886, 'BREAST (BILATERAL)', '1.00', 'BREAST (BILATERAL)', 'ULTRASOUND', 0, '2019-02-16 10:57:48', '0000-00-00 00:00:00'),
(887, 'CAROTID UTZ DOPPLER', '3.00', 'CAROTID UTZ DOPPLER', 'ULTRASOUND', 0, '2019-02-16 10:57:48', '0000-00-00 00:00:00'),
(888, 'CHEST / THORAX ULTRASOUND', '650.00', 'CHEST / THORAX ULTRASOUND', 'ULTRASOUND', 0, '2019-02-16 10:57:48', '0000-00-00 00:00:00'),
(889, 'CRANIAL', '1.00', 'CRANIAL ULTRASOUND', 'ULTRASOUND', 0, '2019-02-16 10:57:49', '0000-00-00 00:00:00'),
(890, 'FNAB UTZ + DOCTOR FEE 5,000', '5.00', 'FNAB UTZ + DOCTOR FEE 5,000', 'ULTRASOUND', 0, '2019-02-16 10:57:49', '0000-00-00 00:00:00'),
(891, 'GALL BLADDER', '475.00', 'GALL BLADDER', 'ULTRASOUND', 0, '2019-02-16 10:57:49', '0000-00-00 00:00:00'),
(892, 'GUIDED PARACENTESIS UTZ', '1.00', 'UTZ GUIDED PARACENTESIS', 'ULTRASOUND', 0, '2019-02-16 10:57:49', '0000-00-00 00:00:00'),
(893, 'GUIDED THORACENTESIS UTZ', '1.00', 'UTZ GUIDED THORACENTESIS', 'ULTRASOUND', 0, '2019-02-16 10:57:49', '0000-00-00 00:00:00'),
(894, 'HBT (HEPATOBILARY, LIVER, GB', '850.00', 'HBT (HEPATOBILARY TREE, LIVER, GALLBLADDER)', 'ULTRASOUND', 0, '2019-02-16 10:57:49', '0000-00-00 00:00:00'),
(895, 'KIDNEYS / RENAL', '600.00', 'KIDNEYS / RENAL', 'ULTRASOUND', 0, '2019-02-16 10:57:49', '0000-00-00 00:00:00'),
(896, 'KUB ULTRASOUND', '900.00', 'KUB ULTRASOUND (KIDNEY, URINARY BLADDER)', 'ULTRASOUND', 0, '2019-02-16 10:57:49', '0000-00-00 00:00:00'),
(897, 'LIVER ULTRASOUND', '475.00', 'LIVER ULTRASOUND', 'ULTRASOUND', 0, '2019-02-16 10:57:49', '0000-00-00 00:00:00'),
(898, 'LOWER ABDOMEN    MALE (KIDNEYS,', '1.00', 'LOWER ABDOMEN    MALE (KIDNEYS,', 'ULTRASOUND', 0, '2019-02-16 10:57:49', '0000-00-00 00:00:00'),
(899, 'LOWER ABDOMEN ULTRASOUND', '1.00', 'LOWER ABDOMEN  (KIDNEYS, URINARY BLADDER, PROSTATE/OVARIES/UTERUS)', 'ULTRASOUND', 0, '2019-02-16 10:57:49', '0000-00-00 00:00:00'),
(900, 'NECK with THYROID GLAND UTZ', '1.00', 'NECK with THYROID GLAND', 'ULTRASOUND', 0, '2019-02-16 10:57:49', '0000-00-00 00:00:00'),
(901, 'PANCREAS ULTRASOUND', '475.00', 'PANCREAS ULTRASOUND', 'ULTRASOUND', 0, '2019-02-16 10:57:49', '0000-00-00 00:00:00'),
(902, 'PAROTID ULTRASOUND', '950.00', 'PAROTID ULTRASOUND', 'ULTRASOUND', 0, '2019-02-16 10:57:49', '0000-00-00 00:00:00'),
(903, 'PELVIC FEMALE (UTERUS, OVARIES)', '660.00', 'PELVIC FEMALE (UTERUS, OVARIES)', 'ULTRASOUND', 0, '2019-02-16 10:57:49', '0000-00-00 00:00:00'),
(904, 'PROSTATE GLAND ULTRASOUND', '500.00', 'PROSTATE GLAND ULTRASOUND', 'ULTRASOUND', 0, '2019-02-16 10:57:49', '0000-00-00 00:00:00'),
(905, 'PROSTATE w/ PRE & POSTVOID', '700.00', 'PROSTATE w/ PRE & POSTVOID', 'ULTRASOUND', 0, '2019-02-16 10:57:49', '0000-00-00 00:00:00'),
(906, 'SCROTUM / TESTES ULTRASOUND', '950.00', 'SCROTUM / TESTES ULTRASOUND', 'ULTRASOUND', 0, '2019-02-16 10:57:49', '0000-00-00 00:00:00'),
(907, 'SHOULDER', '950.00', 'SHOULDER', 'ULTRASOUND', 0, '2019-02-16 10:57:49', '0000-00-00 00:00:00'),
(908, 'SINGLE ORGAN', '500.00', 'SINGLE ORGAN', 'ULTRASOUND', 0, '2019-02-16 10:57:49', '0000-00-00 00:00:00'),
(909, 'SINGLE ORGAN ULTRASOUND', '500.00', 'SINGLE ORGAN ULTRASOUND', 'ULTRASOUND', 0, '2019-02-16 10:57:49', '0000-00-00 00:00:00'),
(910, 'SOFT TISSUE MASS', '500.00', 'SOFT TISSUE MASS', 'ULTRASOUND', 0, '2019-02-16 10:57:49', '0000-00-00 00:00:00'),
(911, 'SOFT TISSUE ULTRASOUND', '500.00', 'SOFT TISSUE ULTRASOUND', 'ULTRASOUND', 0, '2019-02-16 10:57:49', '0000-00-00 00:00:00'),
(912, 'SPLEEN', '475.00', 'SPLEEN', 'ULTRASOUND', 0, '2019-02-16 10:57:49', '0000-00-00 00:00:00'),
(913, 'THYROID GLAND ULTRASOUND', '900.00', 'THYROID GLAND ULTRASOUND', 'ULTRASOUND', 0, '2019-02-16 10:57:49', '0000-00-00 00:00:00'),
(914, 'TRANSRECTAL ULTRASOUND', '700.00', 'TRANSRECTAL ULTRASOUND', 'ULTRASOUND', 0, '2019-02-16 10:57:49', '0000-00-00 00:00:00'),
(915, 'TRANSVAGINAL ULTRASOUND', '750.00', 'TRANSVAGINAL (TVS) / ENDOVAGINAL', 'ULTRASOUND', 0, '2019-02-16 10:57:49', '0000-00-00 00:00:00'),
(916, 'UPPER ABDOMEN & KIDNEY UTZ', '1.00', 'UPPER ABDOMEN & KIDNEY (LIVER, GALLBLADDER, PANCREAS, SPLEEN & KIDNEY)', 'ULTRASOUND', 0, '2019-02-16 10:57:49', '0000-00-00 00:00:00'),
(917, 'UPPER ABDOMEN ULTRASOUND', '1.00', 'UPPER ABDOMEN (LIVER, GB, PANCREAS, SPLEEN)', 'ULTRASOUND', 0, '2019-02-16 10:57:49', '0000-00-00 00:00:00'),
(918, 'URINARY BLADDER ULTRASOUND', '475.00', 'URINARY BLADDER ULTRASOUND', 'ULTRASOUND', 0, '2019-02-16 10:57:49', '0000-00-00 00:00:00'),
(919, 'WHOLE ABDOMEN + TVS', '2.00', 'WHOLE ABDOMEN + TVS', 'ULTRASOUND', 0, '2019-02-16 10:57:49', '0000-00-00 00:00:00'),
(920, 'WHOLE ABDOMEN ULTRASOUND', '1.00', 'WHOLE ABDOMEN (COMBINATION OF UPPER & LOWER ABDOMEN)', 'ULTRASOUND', 0, '2019-02-16 10:57:49', '0000-00-00 00:00:00'),
(921, '2D-ECHO with DOPPLER Adult', '2.00', '2D-ECHO with DOPPLER Adult (18 yrs. Old & above)', 'ULTRASOUND WITH DOPPLER', 0, '2019-02-16 10:57:49', '0000-00-00 00:00:00'),
(922, '2D-ECHO with DOPPLER Adult (18', '2.00', '2D-ECHO with DOPPLER Adult (18 yrs. Old & above)', 'ULTRASOUND WITH DOPPLER', 0, '2019-02-16 10:57:49', '0000-00-00 00:00:00'),
(923, '2D-ECHO with DOPPLER BELOW 18yr', '3.00', '2D-ECHO with DOPPLER (Pedia) (Below 18 yrs. old)', 'ULTRASOUND WITH DOPPLER', 0, '2019-02-16 10:57:49', '0000-00-00 00:00:00'),
(924, '2D-ECHO with DOPPLER Pedia', '3.00', '2D-ECHO with DOPPLER (Pedia) (Below 18 yrs. old)', 'ULTRASOUND WITH DOPPLER', 0, '2019-02-16 10:57:49', '0000-00-00 00:00:00'),
(925, 'AORTA with DOPPLER', '1.00', 'AORTA with DOPPLER', 'ULTRASOUND WITH DOPPLER', 0, '2019-02-16 10:57:49', '0000-00-00 00:00:00'),
(926, 'ARTERIAL DUPLEX STUDY', '3.00', 'ARTERIAL DUPLEX STUDY', 'ULTRASOUND WITH DOPPLER', 0, '2019-02-16 10:57:49', '0000-00-00 00:00:00'),
(927, 'BIOMETRICS (FETAL BIOMETRY) wit', '1.00', 'BIOMETRICS (FETAL BIOMETRY) with DOPPLER', 'ULTRASOUND WITH DOPPLER', 0, '2019-02-16 10:57:49', '0000-00-00 00:00:00'),
(928, 'BIOPHYSICAL SCORING (BPS) with', '1.00', 'BIOPHYSICAL SCORING (BPS) with DOPPLER', 'ULTRASOUND WITH DOPPLER', 0, '2019-02-16 10:57:49', '0000-00-00 00:00:00'),
(929, 'JOINT / EXTREMETIES', '1.00', 'JOINT / EXTREMETIES with DOPPLER', 'ULTRASOUND WITH DOPPLER', 0, '2019-02-16 10:57:49', '0000-00-00 00:00:00'),
(930, 'LIVER DOPPLER', '1.00', 'LIVER DOPPLER', 'ULTRASOUND WITH DOPPLER', 0, '2019-02-16 10:57:49', '0000-00-00 00:00:00'),
(931, 'NECK DOPPLER', '1.00', 'NECK with DOPPLER', 'ULTRASOUND WITH DOPPLER', 0, '2019-02-16 10:57:49', '0000-00-00 00:00:00'),
(932, 'PELVIC DOPPLER', '1.00', 'PELVIC WITH DOPPLER', 'ULTRASOUND WITH DOPPLER', 0, '2019-02-16 10:57:49', '0000-00-00 00:00:00'),
(933, 'RENAL DUPLEX SCAN', '2.00', 'RENAL DUPLEX SCAN', 'ULTRASOUND WITH DOPPLER', 0, '2019-02-16 10:57:49', '0000-00-00 00:00:00'),
(934, 'SCROTUM / TESTES', '1.00', 'SCROTUM / TESTES with DOPPLER', 'ULTRASOUND WITH DOPPLER', 0, '2019-02-16 10:57:49', '0000-00-00 00:00:00'),
(935, 'SOFT TISSUE MASS DOPPLER', '1.00', 'SOFT TISSUE MASS DOPPLER', 'ULTRASOUND WITH DOPPLER', 0, '2019-02-16 10:57:49', '0000-00-00 00:00:00'),
(936, 'TRANSCRANIAL DOPPLER', '6.00', 'TRANSCRANIAL DOPPLER', 'ULTRASOUND WITH DOPPLER', 0, '2019-02-16 10:57:49', '0000-00-00 00:00:00'),
(937, 'TRANSVAGINAL (TVS) DOPPLER', '2.00', 'TRANSVAGINAL (TVS) / ENDOVAGINAL with DOPPLER', 'ULTRASOUND WITH DOPPLER', 0, '2019-02-16 10:57:49', '0000-00-00 00:00:00'),
(938, 'VENOUS DUPLEX STUDY', '3.00', 'VENOUS DUPLEX STUDY', 'ULTRASOUND WITH DOPPLER', 0, '2019-02-16 10:57:49', '0000-00-00 00:00:00'),
(939, 'WHOLE ABDOMEN + AORTA DOPPLER', '3.00', 'WHOLE ABDOMEN + AORTA with DOPPLER', 'ULTRASOUND WITH DOPPLER', 0, '2019-02-16 10:57:49', '0000-00-00 00:00:00'),
(940, 'ABDOMEN AP/LAT ( 0 - 12 )', '475.00', 'ABDOMEN AP/LAT ( 0 - 12 )', 'XRAY', 0, '2019-02-16 10:57:49', '0000-00-00 00:00:00'),
(941, 'ABDOMEN SUPINE', '420.00', 'ABDOMEN SUPINE', 'XRAY', 0, '2019-02-16 10:57:49', '0000-00-00 00:00:00'),
(942, 'ABDOMEN UPRIGHT', '420.00', 'ABDOMEN UPRIGHT', 'XRAY', 0, '2019-02-16 10:57:49', '0000-00-00 00:00:00'),
(943, 'ANKLE APL', '370.00', 'ANKLE APL', 'XRAY', 0, '2019-02-16 10:57:49', '0000-00-00 00:00:00'),
(944, 'ANKLE APL (BOTH)', '685.00', 'ANKLE APL (BOTH)', 'XRAY', 0, '2019-02-16 10:57:49', '0000-00-00 00:00:00'),
(945, 'ANKLE MORTISE', '370.00', 'ANKLE MORTISE', 'XRAY', 0, '2019-02-16 10:57:49', '0000-00-00 00:00:00'),
(946, 'ANKLE MORTISE/LAT (BOTH)', '685.00', 'ANKLE MORTISE/LAT (BOTH)', 'XRAY', 0, '2019-02-16 10:57:49', '0000-00-00 00:00:00'),
(947, 'ANKLE OBLIQUE', '370.00', 'ANKLE OBLIQUE', 'XRAY', 0, '2019-02-16 10:57:49', '0000-00-00 00:00:00'),
(948, 'ARM / HUMERUS', '420.00', 'ARM APL', 'XRAY', 0, '2019-02-16 10:57:49', '0000-00-00 00:00:00'),
(949, 'ARM Bilateral', '800.00', 'ARM Bilateral', 'XRAY', 0, '2019-02-16 10:57:49', '0000-00-00 00:00:00'),
(950, 'BONE AGING AP', '400.00', 'BONE AGING AP', 'XRAY', 0, '2019-02-16 10:57:49', '0000-00-00 00:00:00'),
(951, 'CALDWELLS (SKULL)', '370.00', 'CALDWELLS (SKULL)', 'XRAY', 0, '2019-02-16 10:57:49', '0000-00-00 00:00:00'),
(952, 'CERVICAL SPINE AP/LAT/OBL', '850.00', 'CERVICAL SPINE AP/LAT/OBL', 'XRAY', 0, '2019-02-16 10:57:49', '0000-00-00 00:00:00'),
(953, 'CERVICAL SPINE APL', '500.00', 'CERVICAL SPINE APL', 'XRAY', 0, '2019-02-16 10:57:49', '0000-00-00 00:00:00'),
(954, 'CERVICAL SPINE LAT (FLEXTION /', '650.00', 'CERVICAL SPINE LAT (FLEXTION / EXTENTION)', 'XRAY', 0, '2019-02-16 10:57:49', '0000-00-00 00:00:00'),
(955, 'CERVICAL SPINE OBLIQUE', '500.00', 'CERVICAL SPINE OBLIQUE', 'XRAY', 0, '2019-02-16 10:57:49', '0000-00-00 00:00:00'),
(956, 'CERVICO-THORACOLUMBAR SPINE', '1.00', 'CERVICO-THORACOLUMBAR SPINE', 'XRAY', 0, '2019-02-16 10:57:49', '0000-00-00 00:00:00'),
(957, 'CHEST AP/LATERAL (4-7 Y/O)', '370.00', 'CHEST AP/LATERAL (4-7 Y/O)', 'XRAY', 0, '2019-02-16 10:57:49', '0000-00-00 00:00:00'),
(958, 'CHEST AP/LATERAL (8-12 Y/O)', '420.00', 'CHEST AP/LATERAL (8-12 Y/O)', 'XRAY', 0, '2019-02-16 10:57:49', '0000-00-00 00:00:00'),
(959, 'CHEST AP/LATERAL (PEDIA) 0-3 Y/', '350.00', 'CHEST AP/LATERAL (PEDIA) 0-3 Y/O', 'XRAY', 0, '2019-02-16 10:57:49', '0000-00-00 00:00:00'),
(960, 'CHEST APICO LORDOTIC', '200.00', 'CHEST APICO LORDOTIC', 'XRAY', 0, '2019-02-16 10:57:49', '0000-00-00 00:00:00'),
(961, 'CHEST BUCKY / RIB CAGE', '420.00', 'CHEST BUCKY', 'XRAY', 0, '2019-02-16 10:57:49', '0000-00-00 00:00:00'),
(962, 'CHEST DECUBITUS VIEW', '420.00', 'CHEST DECUBITUS VIEW', 'XRAY', 0, '2019-02-16 10:57:49', '0000-00-00 00:00:00'),
(963, 'CHEST LAT (11X14)', '200.00', 'CHEST LAT (11X14)', 'XRAY', 0, '2019-02-16 10:57:49', '0000-00-00 00:00:00'),
(964, 'CHEST LAT (14X14)', '200.00', 'CHEST LAT (14X14)', 'XRAY', 0, '2019-02-16 10:57:49', '0000-00-00 00:00:00'),
(965, 'CHEST PA (14X14) WALK IN', '200.00', 'WALK-IN CHEST PA (14X14)', 'XRAY', 0, '2019-02-16 10:57:49', '0000-00-00 00:00:00'),
(966, 'CHEST PA/LAT (11X14)', '400.00', 'CHEST PA/LAT (11X14)', 'XRAY', 0, '2019-02-16 10:57:49', '0000-00-00 00:00:00'),
(967, 'CHEST PA/LAT (14X14)', '420.00', 'CHEST PA/LAT (14X14)', 'XRAY', 0, '2019-02-16 10:57:49', '0000-00-00 00:00:00'),
(968, 'CHEST PA/LAT/LOR', '600.00', 'CHEST PA/LAT/LOR', 'XRAY', 0, '2019-02-16 10:57:49', '0000-00-00 00:00:00'),
(969, 'CHEST X-RAY (14X17)', '275.00', 'CHEST X-RAY (14X17)', 'XRAY', 0, '2019-02-16 10:57:49', '0000-00-00 00:00:00'),
(970, 'CLAVICLE AP 370.00', '370.00', 'CLAVICLE AP 370.00', 'XRAY', 0, '2019-02-16 10:57:49', '0000-00-00 00:00:00'),
(971, 'CLAVICLE AP BILATERAL', '700.00', 'CLAVICLE AP BILATERAL', 'XRAY', 0, '2019-02-16 10:57:49', '0000-00-00 00:00:00'),
(972, 'COCCYX AP/LAT', '475.00', 'COCCYX AP/LAT', 'XRAY', 0, '2019-02-16 10:57:49', '0000-00-00 00:00:00'),
(973, 'ELBOW APL', '370.00', 'ELBOW APL', 'XRAY', 0, '2019-02-16 10:57:49', '0000-00-00 00:00:00'),
(974, 'ELBOW APL (BOTH)', '685.00', 'ELBOW APL (BOTH)', 'XRAY', 0, '2019-02-16 10:57:49', '0000-00-00 00:00:00'),
(975, 'FEMUR APL (THIGH)', '495.00', 'FEMUR APL (THIGH)', 'XRAY', 0, '2019-02-16 10:57:49', '0000-00-00 00:00:00'),
(976, 'FEMUR Bilateral', '920.00', 'FEMUR Bilateral', 'XRAY', 0, '2019-02-16 10:57:49', '0000-00-00 00:00:00'),
(977, 'FINGERS (DIGITS) PAL', '370.00', 'FINGERS (DIGITS) PAL', 'XRAY', 0, '2019-02-16 10:57:49', '0000-00-00 00:00:00'),
(978, 'FOOT AP OBLIQUE', '370.00', 'FOOT AP OBLIQUE', 'XRAY', 0, '2019-02-16 10:57:49', '0000-00-00 00:00:00'),
(979, 'FOOT AP OBLIQUE (BOTH)', '685.00', 'FOOT AP OBLIQUE (BOTH)', 'XRAY', 0, '2019-02-16 10:57:49', '0000-00-00 00:00:00'),
(980, 'FOOT AP OBLIQUE LATERAL', '575.00', 'FOOT AP OBLIQUE LATERAL', 'XRAY', 0, '2019-02-16 10:57:49', '0000-00-00 00:00:00'),
(981, 'FOOT AP/LAT', '370.00', 'FOOT AP/LAT', 'XRAY', 0, '2019-02-16 10:57:49', '0000-00-00 00:00:00'),
(982, 'FOREARM APL', '420.00', 'FOREARM APL', 'XRAY', 0, '2019-02-16 10:57:49', '0000-00-00 00:00:00'),
(983, 'FOREARM BILATERAL AP/L', '800.00', 'FOREARM BILATERAL AP/L', 'XRAY', 0, '2019-02-16 10:57:49', '0000-00-00 00:00:00'),
(984, 'HAND AP OBLIQUE (BOTH)', '740.00', 'HAND AP OBLIQUE (BOTH)', 'XRAY', 0, '2019-02-16 10:57:49', '0000-00-00 00:00:00'),
(985, 'HAND AP/LAT', '370.00', 'HAND AP/LAT', 'XRAY', 0, '2019-02-16 10:57:49', '0000-00-00 00:00:00'),
(986, 'HAND LAT', '270.00', 'HAND LAT', 'XRAY', 0, '2019-02-16 10:57:49', '0000-00-00 00:00:00'),
(987, 'HAND PA OBLIQUE', '370.00', 'HAND PA OBLIQUE', 'XRAY', 0, '2019-02-16 10:57:49', '0000-00-00 00:00:00'),
(988, 'HIPS (PELVIC) AP', '420.00', 'HIPS (PELVIC) AP', 'XRAY', 0, '2019-02-16 10:57:49', '0000-00-00 00:00:00'),
(989, 'HIPS, FROG LEG', '420.00', 'HIPS, FROG LEG', 'XRAY', 0, '2019-02-16 10:57:49', '0000-00-00 00:00:00'),
(990, 'JUDET VIEW (sacro-iliac joint)', '400.00', 'JUDET VIEW (sacro-iliac joint)', 'XRAY', 0, '2019-02-16 10:57:49', '0000-00-00 00:00:00'),
(991, 'KNEE AP/LAT', '475.00', 'KNEE AP/LAT', 'XRAY', 0, '2019-02-16 10:57:49', '0000-00-00 00:00:00'),
(992, 'KNEE AP/LAT Bilateral', '920.00', 'KNEE AP/LAT Bilateral', 'XRAY', 0, '2019-02-16 10:57:49', '0000-00-00 00:00:00'),
(993, 'KNEE AP/LAT OBLIQUE (for childr', '580.00', 'KNEE AP/LAT OBLIQUE (for children)', 'XRAY', 0, '2019-02-16 10:57:49', '0000-00-00 00:00:00'),
(994, 'KUB AP', '420.00', 'KUB AP', 'XRAY', 0, '2019-02-16 10:57:49', '0000-00-00 00:00:00'),
(995, 'LATERAL DECUBITUS ABDOMEN', '420.00', 'LATERAL DECUBITUS ABDOMEN', 'XRAY', 0, '2019-02-16 10:57:49', '0000-00-00 00:00:00'),
(996, 'LEG AP/L', '475.00', 'LEG AP/L', 'XRAY', 0, '2019-02-16 10:57:49', '0000-00-00 00:00:00'),
(997, 'LEG Bilateral', '920.00', 'LEG Bilateral', 'XRAY', 0, '2019-02-16 10:57:49', '0000-00-00 00:00:00'),
(998, 'LUMBO SACRAL SPINE AP/L', '495.00', 'LUMBO SACRAL SPINE AP/L', 'XRAY', 0, '2019-02-16 10:57:49', '0000-00-00 00:00:00'),
(999, 'LUMBO SACRAL SPINE SERIES', '920.00', 'LUMBO SACRAL SPINE SERIES', 'XRAY', 0, '2019-02-16 10:57:49', '0000-00-00 00:00:00'),
(1000, 'MANDIBLE OBLIQUE', '500.00', 'MANDIBLE OBLIQUE', 'XRAY', 0, '2019-02-16 10:57:49', '0000-00-00 00:00:00'),
(1001, 'MASTOID SERIES', '700.00', 'MASTOID SERIES', 'XRAY', 0, '2019-02-16 10:57:49', '0000-00-00 00:00:00'),
(1002, 'NASAL BONE', '370.00', 'NASAL BONE', 'XRAY', 0, '2019-02-16 10:57:49', '0000-00-00 00:00:00'),
(1003, 'NECK ULTRASOUND', '900.00', 'NECK ULTRASOUND', 'XRAY', 0, '2019-02-16 10:57:49', '0000-00-00 00:00:00'),
(1004, 'ORBITAL SERIES', '685.00', 'ORBITAL SERIES', 'XRAY', 0, '2019-02-16 10:57:49', '0000-00-00 00:00:00'),
(1005, 'PARANASAL SINUSES', '685.00', 'PARANASAL SINUSES', 'XRAY', 0, '2019-02-16 10:57:49', '0000-00-00 00:00:00'),
(1006, 'PATELLA AP/LAT', '475.00', 'PATELLA AP/LAT', 'XRAY', 0, '2019-02-16 10:57:49', '0000-00-00 00:00:00'),
(1007, 'PATELLA Bilateral', '920.00', 'PATELLA Bilateral', 'XRAY', 0, '2019-02-16 10:57:49', '0000-00-00 00:00:00'),
(1008, 'PELVIMETRY XRAY', '450.00', 'PELVIMETRY XRAY', 'XRAY', 0, '2019-02-16 10:57:49', '0000-00-00 00:00:00'),
(1009, 'SACROCOCCYX (AP/L)', '495.00', 'SACROCOCCYX (AP/L)', 'XRAY', 0, '2019-02-16 10:57:49', '0000-00-00 00:00:00'),
(1010, 'SACROILIAC JOINTS', '420.00', 'SACROILIAC JOINTS', 'XRAY', 0, '2019-02-16 10:57:49', '0000-00-00 00:00:00'),
(1011, 'SACROILIAC JOINTS (BOTH)', '800.00', 'SACROILIAC JOINTS (BOTH)', 'XRAY', 0, '2019-02-16 10:57:49', '0000-00-00 00:00:00'),
(1012, 'SCAPULA AP', '370.00', 'SCAPULA AP', 'XRAY', 0, '2019-02-16 10:57:49', '0000-00-00 00:00:00'),
(1013, 'SCAPULAR (Y)', '370.00', 'SCAPULAR (Y)', 'XRAY', 0, '2019-02-16 10:57:49', '0000-00-00 00:00:00'),
(1014, 'SCOLIOTIC SERIES', '1.00', 'SCOLIOTIC SERIES', 'XRAY', 0, '2019-02-16 10:57:49', '0000-00-00 00:00:00'),
(1015, 'SHOULDER AP', '370.00', 'SHOULDER AP', 'XRAY', 0, '2019-02-16 10:57:49', '0000-00-00 00:00:00'),
(1016, 'SHOULDER AP Bilateral', '740.00', 'SHOULDER AP Bilateral', 'XRAY', 0, '2019-02-16 10:57:49', '0000-00-00 00:00:00'),
(1017, 'SKELETAL SURVEY', '2.00', 'SKELETAL SURVEY', 'XRAY', 0, '2019-02-16 10:57:49', '0000-00-00 00:00:00'),
(1018, 'SKULL (AP/LAT)', '415.00', 'SKULL (AP/LAT)', 'XRAY', 0, '2019-02-16 10:57:49', '0000-00-00 00:00:00'),
(1019, 'SKULL LAT VIEW', '300.00', 'SKULL LAT VIEW', 'XRAY', 0, '2019-02-16 10:57:49', '0000-00-00 00:00:00'),
(1020, 'SKULL SERIES', '650.00', 'SKULL SERIES', 'XRAY', 0, '2019-02-16 10:57:49', '0000-00-00 00:00:00'),
(1021, 'SKYLINE VIEW', '450.00', 'SKYLINE VIEW', 'XRAY', 0, '2019-02-16 10:57:49', '0000-00-00 00:00:00'),
(1022, 'SKYLINE VIEW Bilateral', '850.00', 'SKYLINE VIEW Bilateral', 'XRAY', 0, '2019-02-16 10:57:49', '0000-00-00 00:00:00'),
(1023, 'SPOT FILM', '200.00', 'SPOT FILM', 'XRAY', 0, '2019-02-16 10:57:49', '0000-00-00 00:00:00'),
(1024, 'STANDING BOTH KNEE', '920.00', 'STANDING BOTH KNEE', 'XRAY', 0, '2019-02-16 10:57:49', '0000-00-00 00:00:00'),
(1025, 'STERNUM PA OBLIQUE', '525.00', 'STERNUM PA OBLIQUE', 'XRAY', 0, '2019-02-16 10:57:49', '0000-00-00 00:00:00'),
(1026, 'THORACIC CAGE (RIB CAGE) AP', '420.00', 'THORACIC CAGE (RIB CAGE) AP', 'XRAY', 0, '2019-02-16 10:57:49', '0000-00-00 00:00:00'),
(1027, 'THORACIC SPINE  AP / LAT', '495.00', 'THORACIC SPINE AP/L (T. VERTEBRAE AP/LAT)', 'XRAY', 0, '2019-02-16 10:57:49', '0000-00-00 00:00:00'),
(1028, 'THORACOLUMBAR AP / LAT', '950.00', 'THORACOLUMBAR  AP / LAT', 'XRAY', 0, '2019-02-16 10:57:49', '0000-00-00 00:00:00'),
(1029, 'THORACULUMBAR  SERIES', '1.00', 'THORACULUMBAR SPINE SERIES', 'XRAY', 0, '2019-02-16 10:57:49', '0000-00-00 00:00:00'),
(1030, 'TOE AP/LAT', '370.00', 'TOE AP/LAT', 'XRAY', 0, '2019-02-16 10:57:49', '0000-00-00 00:00:00'),
(1031, 'WATERS VIEW', '300.00', 'WATERS VIEW', 'XRAY', 0, '2019-02-16 10:57:49', '0000-00-00 00:00:00'),
(1032, 'WRIST AP/LAT', '370.00', 'WRIST AP/LAT', 'XRAY', 0, '2019-02-16 10:57:49', '0000-00-00 00:00:00'),
(1033, 'WRIST AP/OBLIQUE', '370.00', 'WRIST AP/OBLIQUE', 'XRAY', 0, '2019-02-16 10:57:49', '0000-00-00 00:00:00'),
(1034, 'WRIST OBLIQUE', '270.00', 'WRIST OBLIQUE', 'XRAY', 0, '2019-02-16 10:57:49', '0000-00-00 00:00:00'),
(1035, 'WRIST OBLIQUE (BOTH)', '370.00', 'WRIST OBLIQUE (BOTH)', 'XRAY', 0, '2019-02-16 10:57:49', '0000-00-00 00:00:00'),
(1036, 'XRAY FILM 10X12', '0.00', 'XRAY FILM 10X12', 'XRAY', 0, '2019-02-16 10:57:49', '0000-00-00 00:00:00'),
(1037, 'XRAY FILM 14X14', '0.00', 'XRAY FILM 14X14', 'XRAY', 0, '2019-02-16 10:57:49', '0000-00-00 00:00:00'),
(1038, 'XRAY FILM 14X17', '0.00', 'XRAY FILM 14X17', 'XRAY', 0, '2019-02-16 10:57:49', '0000-00-00 00:00:00'),
(1039, 'XRAY FILM 8X10', '0.00', 'XRAY FILM 8X10', 'XRAY', 0, '2019-02-16 10:57:49', '0000-00-00 00:00:00'),
(1040, 'ZYGOMA OBLIQUE', '370.00', 'ZYGOMA OBLIQUE', 'XRAY', 0, '2019-02-16 10:57:49', '0000-00-00 00:00:00'),
(1041, 'ZYGOMA OBLIQUE', '370.00', 'ZYGOMA OBLIQUE', 'XRAY', 0, '2019-02-16 10:57:49', '0000-00-00 00:00:00'),
(1042, 'JC Basic 5', '380.00', 'Chest pa, U/A, F/A, P.E, CBC', 'CashIndustrial', 0, '2019-02-18 09:18:17', '0000-00-00 00:00:00'),
(1043, 'Job Clean Basic 5', '375.00', 'Chest pa, U/A, F/A, P.E, CBC', 'CashIndustrial', 0, '2019-02-19 08:20:58', '0000-00-00 00:00:00');

-- --------------------------------------------------------

--
-- Table structure for table `qpd_labresult`
--

CREATE TABLE `qpd_labresult` (
  `LabID` int(13) NOT NULL,
  `TransactionID` int(13) UNSIGNED ZEROFILL NOT NULL,
  `PatientID` int(13) NOT NULL,
  `WhiteBlood` varchar(255) NOT NULL,
  `Hemoglobin` varchar(255) NOT NULL,
  `HemoNR` varchar(255) NOT NULL,
  `Hematocrit` varchar(255) NOT NULL,
  `HemaNR` varchar(255) NOT NULL,
  `Neutrophils` varchar(255) NOT NULL,
  `Lymphocytes` varchar(255) NOT NULL,
  `Monocytes` varchar(255) NOT NULL,
  `CBCOt` varchar(255) NOT NULL,
  `EOS` varchar(10) NOT NULL,
  `BAS` varchar(10) NOT NULL,
  `CBCRBC` varchar(10) NOT NULL,
  `PLT` varchar(10) NOT NULL,
  `FBS` varchar(10) NOT NULL,
  `FBScon` varchar(10) NOT NULL,
  `BUA` varchar(10) NOT NULL,
  `BUAcon` varchar(10) NOT NULL,
  `BUN` varchar(10) NOT NULL,
  `BUNcon` varchar(10) NOT NULL,
  `CREA` varchar(10) NOT NULL,
  `CREAcon` varchar(10) NOT NULL,
  `CHOL` varchar(10) NOT NULL,
  `CHOLcon` varchar(10) NOT NULL,
  `TRIG` varchar(10) NOT NULL,
  `TRIGcon` varchar(10) NOT NULL,
  `HDL` varchar(10) NOT NULL,
  `HDLcon` varchar(10) NOT NULL,
  `LDL` varchar(10) NOT NULL,
  `LDLcon` varchar(10) NOT NULL,
  `CH` varchar(10) NOT NULL,
  `VLDL` varchar(10) NOT NULL,
  `Na` varchar(10) NOT NULL,
  `K` varchar(10) NOT NULL,
  `Cl` varchar(10) NOT NULL,
  `ALT` varchar(10) NOT NULL,
  `AST` varchar(10) NOT NULL,
  `HB` varchar(10) NOT NULL,
  `Meth` varchar(255) NOT NULL,
  `Tetra` varchar(255) NOT NULL,
  `DT` varchar(255) NOT NULL,
  `HBsAg` varchar(255) NOT NULL,
  `PregTest` varchar(255) NOT NULL,
  `SeroOt` varchar(255) NOT NULL,
  `FecColor` varchar(255) NOT NULL,
  `FecCon` varchar(255) NOT NULL,
  `FecMicro` varchar(255) NOT NULL,
  `FecOt` varchar(255) NOT NULL,
  `UriColor` varchar(255) NOT NULL,
  `UriTrans` varchar(255) NOT NULL,
  `UriPh` varchar(255) NOT NULL,
  `UriSp` varchar(255) NOT NULL,
  `UriPro` varchar(255) NOT NULL,
  `UriGlu` varchar(255) NOT NULL,
  `RBC` varchar(255) NOT NULL,
  `WBC` varchar(255) NOT NULL,
  `Bac` varchar(255) NOT NULL,
  `MThreads` varchar(255) NOT NULL,
  `ECells` varchar(255) NOT NULL,
  `Amorph` varchar(255) NOT NULL,
  `CoAx` varchar(255) NOT NULL,
  `UriOt` varchar(255) NOT NULL DEFAULT 'N/A',
  `LE` varchar(10) NOT NULL,
  `NIT` varchar(10) NOT NULL,
  `URO` varchar(10) NOT NULL,
  `BLD` varchar(10) NOT NULL,
  `KET` varchar(10) NOT NULL,
  `BIL` varchar(10) NOT NULL,
  `Received` varchar(255) NOT NULL,
  `Printed` varchar(255) NOT NULL,
  `QC` varchar(255) NOT NULL,
  `Clinician` varchar(255) NOT NULL,
  `QCLIC` varchar(25) NOT NULL,
  `RMTLIC` varchar(10) NOT NULL,
  `PATHLIC` varchar(10) NOT NULL,
  `CreationDate` datetime NOT NULL DEFAULT CURRENT_TIMESTAMP,
  `DateUpdate` datetime NOT NULL
) ENGINE=InnoDB DEFAULT CHARSET=latin1;

--
-- Dumping data for table `qpd_labresult`
--

INSERT INTO `qpd_labresult` (`LabID`, `TransactionID`, `PatientID`, `WhiteBlood`, `Hemoglobin`, `HemoNR`, `Hematocrit`, `HemaNR`, `Neutrophils`, `Lymphocytes`, `Monocytes`, `CBCOt`, `EOS`, `BAS`, `CBCRBC`, `PLT`, `FBS`, `FBScon`, `BUA`, `BUAcon`, `BUN`, `BUNcon`, `CREA`, `CREAcon`, `CHOL`, `CHOLcon`, `TRIG`, `TRIGcon`, `HDL`, `HDLcon`, `LDL`, `LDLcon`, `CH`, `VLDL`, `Na`, `K`, `Cl`, `ALT`, `AST`, `HB`, `Meth`, `Tetra`, `DT`, `HBsAg`, `PregTest`, `SeroOt`, `FecColor`, `FecCon`, `FecMicro`, `FecOt`, `UriColor`, `UriTrans`, `UriPh`, `UriSp`, `UriPro`, `UriGlu`, `RBC`, `WBC`, `Bac`, `MThreads`, `ECells`, `Amorph`, `CoAx`, `UriOt`, `LE`, `NIT`, `URO`, `BLD`, `KET`, `BIL`, `Received`, `Printed`, `QC`, `Clinician`, `QCLIC`, `RMTLIC`, `PATHLIC`, `CreationDate`, `DateUpdate`) VALUES
(1, 0000000000008, 5, '7.6', '152', 'F:112-157', '0.48', 'F:0.34-0.45', '61', '29', '10', 'NORMAL', '', '', '', '', '', '', '', '', '', '', '', '', '', '', '', '', '', '', '', '', '', '', '', '', '', '', '', '', 'NEGATIVE', 'NEGATIVE', 'NEGATIVE', 'N/A', 'N/A', '', 'N/A', 'N/A', 'N/A', 'NO SPX ', 'DARK YELLOW', 'HAZY', '6.0', '1.025', 'Negative', 'Negative', '0-2', '0-3', 'NONE', 'Moderate', 'Few', 'NONE', 'NONE', 'NORMAL', '', '', '', '', '', '', 'Justin C. Calara, RMT', 'Emiliano Dela Cruz,MD', '', '', '', '', '', '2019-02-07 15:57:15', '0000-00-00 00:00:00');

-- --------------------------------------------------------

--
-- Table structure for table `qpd_medhis`
--

CREATE TABLE `qpd_medhis` (
  `MedHisID` int(13) NOT NULL,
  `TransactionID` int(13) UNSIGNED ZEROFILL NOT NULL,
  `PatientID` int(13) NOT NULL,
  `asth` varchar(5) NOT NULL DEFAULT 'NO',
  `tb` varchar(5) NOT NULL DEFAULT 'NO',
  `dia` varchar(5) NOT NULL DEFAULT 'NO',
  `hb` varchar(5) NOT NULL DEFAULT 'NO',
  `hp` varchar(5) NOT NULL DEFAULT 'NO',
  `kp` varchar(5) NOT NULL DEFAULT 'NO',
  `ab` varchar(5) NOT NULL DEFAULT 'NO',
  `jbs` varchar(5) NOT NULL DEFAULT 'NO',
  `pp` varchar(5) NOT NULL DEFAULT 'NO',
  `mh` varchar(5) NOT NULL DEFAULT 'NO',
  `fs` varchar(5) NOT NULL DEFAULT 'NO',
  `alle` varchar(5) NOT NULL DEFAULT 'NO',
  `ct` varchar(5) NOT NULL DEFAULT 'NO',
  `hep` varchar(5) NOT NULL DEFAULT 'NO',
  `std` varchar(5) NOT NULL DEFAULT 'NO',
  `CreationDate` datetime NOT NULL DEFAULT CURRENT_TIMESTAMP,
  `DateUpdate` datetime NOT NULL
) ENGINE=InnoDB DEFAULT CHARSET=latin1;

--
-- Dumping data for table `qpd_medhis`
--

INSERT INTO `qpd_medhis` (`MedHisID`, `TransactionID`, `PatientID`, `asth`, `tb`, `dia`, `hb`, `hp`, `kp`, `ab`, `jbs`, `pp`, `mh`, `fs`, `alle`, `ct`, `hep`, `std`, `CreationDate`, `DateUpdate`) VALUES
(1, 0000000000001, 1, 'NO', 'NO', 'NO', 'NO', 'NO', 'NO', 'NO', 'NO', 'NO', 'NO', 'NO', 'NO', 'NO', 'NO', 'NO', '2019-02-18 08:23:35', '0000-00-00 00:00:00'),
(2, 0000000000052, 48, 'NO', 'NO', 'NO', 'NO', 'NO', 'NO', 'NO', 'NO', 'NO', 'NO', 'NO', 'NO', 'NO', 'NO', 'NO', '2019-02-19 08:35:22', '0000-00-00 00:00:00'),
(3, 0000000000054, 49, 'NO', 'NO', 'NO', 'NO', 'NO', 'NO', 'NO', 'NO', 'NO', 'NO', 'NO', 'NO', 'NO', 'NO', 'NO', '2019-02-19 08:39:47', '0000-00-00 00:00:00'),
(4, 0000000000057, 50, 'NO', 'NO', 'NO', 'NO', 'NO', 'NO', 'NO', 'NO', 'NO', 'NO', 'NO', 'NO', 'NO', 'NO', 'NO', '2019-02-19 09:08:07', '0000-00-00 00:00:00'),
(5, 0000000000058, 53, 'NO', 'NO', 'NO', 'NO', 'NO', 'NO', 'NO', 'NO', 'NO', 'NO', 'NO', 'NO', 'NO', 'NO', 'NO', '2019-02-19 09:20:13', '0000-00-00 00:00:00'),
(6, 0000000000055, 52, 'NO', 'NO', 'NO', 'NO', 'NO', 'NO', 'NO', 'NO', 'NO', 'NO', 'NO', 'NO', 'NO', 'NO', 'NO', '2019-02-19 09:22:44', '0000-00-00 00:00:00'),
(7, 0000000000056, 51, 'NO', 'NO', 'NO', 'NO', 'NO', 'NO', 'NO', 'NO', 'NO', 'NO', 'NO', 'NO', 'NO', 'NO', 'NO', '2019-02-19 09:24:58', '0000-00-00 00:00:00'),
(8, 0000000000060, 55, 'NO', 'NO', 'NO', 'NO', 'NO', 'NO', 'NO', 'NO', 'NO', 'NO', 'NO', 'NO', 'NO', 'NO', 'NO', '2019-02-19 10:49:26', '0000-00-00 00:00:00'),
(9, 0000000000065, 60, 'NO', 'NO', 'NO', 'NO', 'NO', 'NO', 'NO', 'NO', 'NO', 'NO', 'NO', 'NO', 'NO', 'NO', 'NO', '2019-02-20 07:21:55', '0000-00-00 00:00:00'),
(10, 0000000000063, 58, 'NO', 'NO', 'NO', 'NO', 'NO', 'NO', 'NO', 'NO', 'NO', 'NO', 'NO', 'NO', 'NO', 'NO', 'NO', '2019-02-20 07:22:56', '0000-00-00 00:00:00'),
(11, 0000000000062, 57, 'NO', 'NO', 'NO', 'NO', 'NO', 'NO', 'NO', 'NO', 'NO', 'NO', 'NO', 'NO', 'NO', 'NO', 'NO', '2019-02-20 07:24:01', '0000-00-00 00:00:00'),
(12, 0000000000064, 59, 'NO', 'NO', 'NO', 'NO', 'NO', 'NO', 'NO', 'NO', 'NO', 'NO', 'NO', 'NO', 'NO', 'NO', 'NO', '2019-02-20 07:25:05', '0000-00-00 00:00:00'),
(13, 0000000000066, 61, 'NO', 'NO', 'NO', 'NO', 'NO', 'NO', 'NO', 'NO', 'NO', 'NO', 'NO', 'NO', 'NO', 'NO', 'NO', '2019-02-20 07:26:14', '0000-00-00 00:00:00'),
(14, 0000000000068, 63, 'NO', 'NO', 'NO', 'NO', 'NO', 'NO', 'NO', 'NO', 'NO', 'NO', 'NO', 'NO', 'NO', 'NO', 'NO', '2019-02-20 07:30:36', '0000-00-00 00:00:00'),
(15, 0000000000067, 62, 'NO', 'NO', 'YES', 'NO', 'NO', 'NO', 'NO', 'NO', 'NO', 'NO', 'NO', 'NO', 'NO', 'NO', 'NO', '2019-02-20 07:34:51', '0000-00-00 00:00:00'),
(16, 0000000000069, 64, 'NO', 'NO', 'NO', 'NO', 'NO', 'NO', 'NO', 'NO', 'NO', 'NO', 'NO', 'NO', 'NO', 'NO', 'NO', '2019-02-20 08:01:40', '0000-00-00 00:00:00'),
(17, 0000000000070, 65, 'NO', 'NO', 'NO', 'NO', 'NO', 'NO', 'NO', 'NO', 'NO', 'NO', 'NO', 'NO', 'NO', 'NO', 'NO', '2019-02-20 08:05:34', '0000-00-00 00:00:00'),
(18, 0000000000071, 66, 'NO', 'NO', 'NO', 'NO', 'NO', 'NO', 'NO', 'NO', 'NO', 'NO', 'NO', 'NO', 'NO', 'NO', 'NO', '2019-02-20 08:16:44', '0000-00-00 00:00:00'),
(19, 0000000000075, 69, 'NO', 'NO', 'NO', 'NO', 'NO', 'NO', 'NO', 'NO', 'NO', 'YES', 'NO', 'NO', 'NO', 'NO', 'NO', '2019-02-20 09:00:31', '0000-00-00 00:00:00'),
(20, 0000000000074, 68, 'NO', 'NO', 'NO', 'NO', 'NO', 'NO', 'NO', 'NO', 'NO', 'NO', 'NO', 'NO', 'NO', 'NO', 'NO', '2019-02-20 09:03:55', '0000-00-00 00:00:00'),
(21, 0000000000076, 70, 'NO', 'NO', 'NO', 'NO', 'NO', 'NO', 'NO', 'NO', 'NO', 'NO', 'NO', 'NO', 'NO', 'NO', 'NO', '2019-02-20 09:06:23', '0000-00-00 00:00:00'),
(22, 0000000000077, 71, 'NO', 'NO', 'NO', 'NO', 'NO', 'NO', 'NO', 'NO', 'NO', 'NO', 'NO', 'NO', 'NO', 'NO', 'NO', '2019-02-20 09:14:39', '0000-00-00 00:00:00'),
(23, 0000000000078, 72, 'NO', 'NO', 'NO', 'NO', 'NO', 'NO', 'NO', 'NO', 'NO', 'NO', 'NO', 'NO', 'NO', 'NO', 'NO', '2019-02-20 09:23:31', '0000-00-00 00:00:00'),
(24, 0000000000079, 73, 'NO', 'NO', 'NO', 'NO', 'NO', 'NO', 'NO', 'NO', 'NO', 'NO', 'NO', 'NO', 'NO', 'NO', 'NO', '2019-02-20 09:27:31', '0000-00-00 00:00:00'),
(25, 0000000000080, 75, 'NO', 'NO', 'NO', 'NO', 'NO', 'NO', 'NO', 'NO', 'NO', 'NO', 'NO', 'NO', 'NO', 'NO', 'NO', '2019-02-20 09:30:09', '0000-00-00 00:00:00'),
(26, 0000000000081, 74, 'NO', 'NO', 'NO', 'NO', 'NO', 'NO', 'NO', 'NO', 'NO', 'NO', 'NO', 'NO', 'NO', 'NO', 'NO', '2019-02-20 09:32:48', '0000-00-00 00:00:00'),
(27, 0000000000073, 67, 'YES', 'NO', 'NO', 'NO', 'NO', 'NO', 'NO', 'NO', 'NO', 'NO', 'NO', 'NO', 'NO', 'NO', 'NO', '2019-02-20 09:35:50', '0000-00-00 00:00:00'),
(28, 0000000000082, 76, 'NO', 'NO', 'NO', 'NO', 'NO', 'NO', 'NO', 'NO', 'NO', 'NO', 'NO', 'NO', 'NO', 'NO', 'NO', '2019-02-20 10:15:32', '0000-00-00 00:00:00'),
(29, 0000000000083, 77, 'NO', 'NO', 'NO', 'YES', 'NO', 'NO', 'NO', 'NO', 'NO', 'YES', 'NO', 'NO', 'NO', 'NO', 'NO', '2019-02-20 11:23:47', '2019-02-20 11:29:00'),
(30, 0000000000084, 78, 'NO', 'NO', 'NO', 'NO', 'NO', 'NO', 'NO', 'NO', 'NO', 'NO', 'NO', 'NO', 'NO', 'NO', 'NO', '2019-02-20 13:22:50', '2019-02-20 13:23:52'),
(31, 0000000000085, 79, 'NO', 'NO', 'NO', 'NO', 'NO', 'NO', 'NO', 'NO', 'NO', 'NO', 'NO', 'NO', 'NO', 'NO', 'NO', '2019-02-20 15:01:04', '0000-00-00 00:00:00'),
(32, 0000000000086, 80, 'NO', 'NO', 'NO', 'NO', 'NO', 'NO', 'NO', 'NO', 'NO', 'NO', 'NO', 'NO', 'NO', 'NO', 'NO', '2019-02-20 15:34:59', '0000-00-00 00:00:00'),
(33, 0000000000087, 81, 'NO', 'NO', 'NO', 'NO', 'NO', 'NO', 'NO', 'NO', 'NO', 'NO', 'NO', 'YES', 'NO', 'NO', 'NO', '2019-02-20 15:43:31', '0000-00-00 00:00:00'),
(34, 0000000000088, 82, 'YES', 'NO', 'NO', 'NO', 'NO', 'NO', 'NO', 'NO', 'NO', 'YES', 'NO', 'YES', 'NO', 'NO', 'NO', '2019-02-20 16:03:10', '0000-00-00 00:00:00'),
(35, 0000000000090, 85, 'NO', 'NO', 'NO', 'NO', 'NO', 'NO', 'NO', 'NO', 'NO', 'NO', 'NO', 'NO', 'NO', 'NO', 'NO', '2019-02-21 07:33:02', '0000-00-00 00:00:00'),
(36, 0000000000091, 84, 'NO', 'NO', 'NO', 'NO', 'NO', 'NO', 'NO', 'NO', 'NO', 'NO', 'NO', 'NO', 'NO', 'NO', 'NO', '2019-02-21 07:36:18', '0000-00-00 00:00:00'),
(37, 0000000000089, 83, 'NO', 'NO', 'NO', 'NO', 'NO', 'NO', 'NO', 'NO', 'NO', 'NO', 'NO', 'NO', 'NO', 'NO', 'NO', '2019-02-21 07:38:31', '0000-00-00 00:00:00'),
(38, 0000000000092, 86, 'NO', 'NO', 'NO', 'NO', 'NO', 'NO', 'NO', 'NO', 'NO', 'NO', 'NO', 'NO', 'NO', 'NO', 'NO', '2019-02-21 07:40:41', '0000-00-00 00:00:00'),
(39, 0000000000093, 87, 'NO', 'NO', 'NO', 'NO', 'NO', 'NO', 'NO', 'NO', 'NO', 'NO', 'NO', 'NO', 'NO', 'NO', 'NO', '2019-02-21 07:47:09', '0000-00-00 00:00:00'),
(40, 0000000000095, 89, 'NO', 'NO', 'NO', 'NO', 'NO', 'NO', 'NO', 'NO', 'NO', 'NO', 'NO', 'NO', 'NO', 'NO', 'NO', '2019-02-21 08:01:33', '0000-00-00 00:00:00'),
(41, 0000000000094, 88, 'NO', 'NO', 'NO', 'NO', 'NO', 'NO', 'NO', 'NO', 'NO', 'NO', 'NO', 'NO', 'NO', 'NO', 'NO', '2019-02-21 08:06:10', '0000-00-00 00:00:00'),
(42, 0000000000098, 92, 'NO', 'NO', 'NO', 'NO', 'NO', 'NO', 'NO', 'NO', 'NO', 'NO', 'NO', 'NO', 'NO', 'NO', 'NO', '2019-02-21 09:04:34', '2019-02-21 09:25:52'),
(43, 0000000000099, 93, 'NO', 'NO', 'NO', 'NO', 'NO', 'NO', 'NO', 'NO', 'NO', 'YES', 'NO', 'NO', 'NO', 'NO', 'NO', '2019-02-21 09:08:07', '0000-00-00 00:00:00'),
(44, 0000000000101, 95, 'NO', 'NO', 'NO', 'NO', 'NO', 'NO', 'NO', 'NO', 'NO', 'NO', 'NO', 'NO', 'NO', 'NO', 'NO', '2019-02-21 09:12:54', '0000-00-00 00:00:00'),
(45, 0000000000097, 91, 'NO', 'NO', 'NO', 'NO', 'NO', 'NO', 'NO', 'NO', 'NO', 'NO', 'NO', 'NO', 'NO', 'NO', 'NO', '2019-02-21 09:15:27', '0000-00-00 00:00:00'),
(46, 0000000000100, 94, 'NO', 'NO', 'NO', 'NO', 'NO', 'NO', 'NO', 'NO', 'NO', 'NO', 'NO', 'NO', 'NO', 'NO', 'NO', '2019-02-21 09:17:35', '0000-00-00 00:00:00'),
(47, 0000000000103, 97, 'NO', 'NO', 'NO', 'NO', 'NO', 'NO', 'NO', 'NO', 'NO', 'NO', 'NO', 'NO', 'NO', 'NO', 'NO', '2019-02-21 09:20:41', '0000-00-00 00:00:00'),
(48, 0000000000102, 96, 'NO', 'NO', 'NO', 'YES', 'NO', 'NO', 'NO', 'NO', 'NO', 'YES', 'NO', 'NO', 'NO', 'NO', 'NO', '2019-02-21 09:23:21', '0000-00-00 00:00:00'),
(49, 0000000000104, 98, 'NO', 'NO', 'NO', 'NO', 'NO', 'NO', 'NO', 'NO', 'NO', 'NO', 'NO', 'NO', 'NO', 'NO', 'NO', '2019-02-21 10:16:58', '0000-00-00 00:00:00'),
(50, 0000000000105, 99, 'NO', 'NO', 'NO', 'NO', 'NO', 'NO', 'NO', 'NO', 'NO', 'NO', 'NO', 'NO', 'NO', 'NO', 'NO', '2019-02-21 10:19:14', '0000-00-00 00:00:00'),
(51, 0000000000106, 100, 'NO', 'NO', 'NO', 'NO', 'NO', 'NO', 'NO', 'NO', 'NO', 'NO', 'NO', 'NO', 'NO', 'NO', 'NO', '2019-02-21 10:27:12', '0000-00-00 00:00:00'),
(52, 0000000000096, 90, 'NO', 'NO', 'NO', 'NO', 'NO', 'NO', 'NO', 'NO', 'NO', 'NO', 'NO', 'NO', 'NO', 'NO', 'NO', '2019-02-21 11:50:29', '0000-00-00 00:00:00'),
(53, 0000000000107, 101, 'YES', 'NO', 'NO', 'NO', 'NO', 'NO', 'NO', 'NO', 'NO', 'NO', 'NO', 'YES', 'NO', 'NO', 'NO', '2019-02-21 15:01:45', '0000-00-00 00:00:00'),
(54, 0000000000108, 102, 'NO', 'NO', 'NO', 'NO', 'NO', 'NO', 'NO', 'NO', 'NO', 'NO', 'NO', 'NO', 'NO', 'NO', 'NO', '2019-02-21 15:40:05', '0000-00-00 00:00:00'),
(55, 0000000000109, 103, 'NO', 'NO', 'NO', 'NO', 'NO', 'NO', 'NO', 'NO', 'NO', 'NO', 'NO', 'NO', 'NO', 'NO', 'NO', '2019-02-21 16:09:34', '0000-00-00 00:00:00'),
(56, 0000000000110, 104, 'NO', 'NO', 'NO', 'NO', 'NO', 'NO', 'NO', 'NO', 'NO', 'NO', 'NO', 'NO', 'NO', 'NO', 'NO', '2019-02-21 16:20:30', '0000-00-00 00:00:00'),
(57, 0000000000112, 105, 'NO', 'NO', 'NO', 'NO', 'NO', 'NO', 'NO', 'NO', 'NO', 'NO', 'NO', 'NO', 'NO', 'NO', 'NO', '2019-02-21 16:23:45', '0000-00-00 00:00:00'),
(58, 0000000000111, 106, 'NO', 'NO', 'NO', 'NO', 'NO', 'NO', 'NO', 'NO', 'NO', 'NO', 'NO', 'NO', 'NO', 'NO', 'NO', '2019-02-21 16:26:35', '0000-00-00 00:00:00'),
(59, 0000000000113, 107, 'NO', 'NO', 'NO', 'NO', 'NO', 'NO', 'NO', 'NO', 'NO', 'NO', 'NO', 'NO', 'NO', 'NO', 'NO', '2019-02-22 08:06:09', '0000-00-00 00:00:00'),
(60, 0000000000115, 109, 'NO', 'NO', 'NO', 'NO', 'NO', 'NO', 'NO', 'NO', 'NO', 'NO', 'NO', 'NO', 'NO', 'NO', 'NO', '2019-02-22 09:17:22', '0000-00-00 00:00:00'),
(61, 0000000000116, 110, 'NO', 'NO', 'NO', 'NO', 'NO', 'NO', 'NO', 'NO', 'NO', 'NO', 'NO', 'NO', 'NO', 'NO', 'NO', '2019-02-22 10:21:48', '0000-00-00 00:00:00'),
(62, 0000000000118, 112, 'NO', 'NO', 'NO', 'NO', 'NO', 'NO', 'NO', 'NO', 'NO', 'NO', 'NO', 'NO', 'NO', 'NO', 'NO', '2019-02-22 10:36:10', '0000-00-00 00:00:00'),
(63, 0000000000117, 111, 'NO', 'NO', 'NO', 'NO', 'NO', 'NO', 'NO', 'NO', 'NO', 'NO', 'NO', 'NO', 'NO', 'NO', 'NO', '2019-02-22 10:39:37', '0000-00-00 00:00:00'),
(64, 0000000000119, 113, 'NO', 'NO', 'NO', 'NO', 'NO', 'NO', 'NO', 'NO', 'NO', 'NO', 'NO', 'YES', 'NO', 'NO', 'NO', '2019-02-22 11:05:38', '0000-00-00 00:00:00'),
(65, 0000000000120, 114, 'NO', 'NO', 'NO', 'NO', 'NO', 'NO', 'NO', 'NO', 'NO', 'NO', 'NO', 'NO', 'NO', 'NO', 'NO', '2019-02-22 13:59:42', '0000-00-00 00:00:00'),
(66, 0000000000121, 115, 'NO', 'NO', 'NO', 'NO', 'NO', 'NO', 'NO', 'NO', 'NO', 'NO', 'NO', 'NO', 'NO', 'NO', 'NO', '2019-02-22 15:57:56', '0000-00-00 00:00:00'),
(67, 0000000000128, 122, 'NO', 'NO', 'NO', 'NO', 'NO', 'NO', 'NO', 'NO', 'NO', 'NO', 'NO', 'NO', 'NO', 'NO', 'NO', '2019-02-23 09:50:12', '0000-00-00 00:00:00'),
(68, 0000000000130, 124, 'NO', 'NO', 'NO', 'NO', 'NO', 'NO', 'NO', 'NO', 'NO', 'NO', 'NO', 'NO', 'NO', 'NO', 'NO', '2019-02-23 10:01:08', '0000-00-00 00:00:00'),
(69, 0000000000129, 123, 'NO', 'NO', 'NO', 'NO', 'NO', 'NO', 'NO', 'NO', 'NO', 'NO', 'NO', 'NO', 'NO', 'NO', 'NO', '2019-02-23 10:03:55', '0000-00-00 00:00:00'),
(70, 0000000000131, 125, 'NO', 'NO', 'NO', 'NO', 'NO', 'NO', 'NO', 'NO', 'NO', 'NO', 'NO', 'YES', 'NO', 'NO', 'NO', '2019-02-23 10:07:08', '0000-00-00 00:00:00'),
(71, 0000000000134, 130, 'NO', 'NO', 'NO', 'NO', 'NO', 'NO', 'NO', 'NO', 'NO', 'NO', 'NO', 'NO', 'NO', 'NO', 'NO', '2019-02-23 15:35:32', '0000-00-00 00:00:00'),
(72, 0000000000135, 131, 'NO', 'NO', 'NO', 'NO', 'NO', 'NO', 'NO', 'NO', 'NO', 'NO', 'NO', 'YES', 'NO', 'NO', 'NO', '2019-02-25 08:31:20', '0000-00-00 00:00:00'),
(73, 0000000000136, 138, 'NO', 'NO', 'NO', 'NO', 'NO', 'NO', 'NO', 'NO', 'NO', 'NO', 'NO', 'YES', 'NO', 'NO', 'NO', '2019-02-25 10:06:13', '0000-00-00 00:00:00'),
(74, 0000000000138, 145, 'NO', 'NO', 'NO', 'NO', 'NO', 'NO', 'NO', 'NO', 'NO', 'YES', 'NO', 'NO', 'NO', 'NO', 'NO', '2019-02-25 10:35:24', '0000-00-00 00:00:00'),
(75, 0000000000140, 147, 'NO', 'NO', 'NO', 'NO', 'NO', 'NO', 'NO', 'NO', 'NO', 'NO', 'NO', 'NO', 'NO', 'NO', 'NO', '2019-02-25 11:03:05', '0000-00-00 00:00:00'),
(76, 0000000000139, 146, 'NO', 'NO', 'NO', 'NO', 'NO', 'NO', 'NO', 'NO', 'NO', 'NO', 'NO', 'YES', 'NO', 'NO', 'NO', '2019-02-25 11:08:49', '0000-00-00 00:00:00'),
(77, 0000000000146, 158, 'NO', 'NO', 'NO', 'NO', 'NO', 'NO', 'NO', 'NO', 'NO', 'NO', 'NO', 'NO', 'NO', 'NO', 'NO', '2019-02-25 13:42:43', '0000-00-00 00:00:00'),
(78, 0000000000150, 163, 'NO', 'NO', 'NO', 'NO', 'NO', 'NO', 'NO', 'NO', 'NO', 'NO', 'NO', 'NO', 'NO', 'NO', 'NO', '2019-02-26 08:18:42', '0000-00-00 00:00:00'),
(79, 0000000000154, 169, 'NO', 'NO', 'NO', 'NO', 'NO', 'NO', 'NO', 'NO', 'NO', 'NO', 'NO', 'NO', 'NO', 'NO', 'NO', '2019-02-26 08:40:52', '0000-00-00 00:00:00'),
(80, 0000000000155, 170, 'NO', 'NO', 'NO', 'NO', 'NO', 'NO', 'NO', 'NO', 'NO', 'NO', 'NO', 'NO', 'NO', 'NO', 'NO', '2019-02-26 09:20:38', '0000-00-00 00:00:00'),
(81, 0000000000160, 174, 'NO', 'NO', 'NO', 'NO', 'NO', 'NO', 'NO', 'NO', 'NO', 'NO', 'NO', 'NO', 'NO', 'NO', 'NO', '2019-02-26 09:25:51', '0000-00-00 00:00:00'),
(82, 0000000000156, 171, 'NO', 'NO', 'NO', 'NO', 'NO', 'NO', 'NO', 'NO', 'NO', 'NO', 'NO', 'NO', 'NO', 'NO', 'NO', '2019-02-26 09:46:35', '2019-02-26 09:47:24'),
(83, 0000000000159, 173, 'NO', 'NO', 'NO', 'NO', 'NO', 'NO', 'NO', 'NO', 'NO', 'NO', 'NO', 'NO', 'NO', 'NO', 'NO', '2019-02-26 09:50:20', '0000-00-00 00:00:00'),
(84, 0000000000162, 177, 'NO', 'NO', 'NO', 'NO', 'NO', 'NO', 'NO', 'NO', 'NO', 'NO', 'NO', 'NO', 'NO', 'NO', 'NO', '2019-02-26 10:07:54', '0000-00-00 00:00:00'),
(85, 0000000000161, 176, 'NO', 'NO', 'NO', 'NO', 'NO', 'NO', 'NO', 'NO', 'NO', 'NO', 'NO', 'NO', 'NO', 'NO', 'NO', '2019-02-26 10:14:46', '0000-00-00 00:00:00'),
(86, 0000000000163, 178, 'NO', 'NO', 'NO', 'NO', 'NO', 'NO', 'NO', 'NO', 'NO', 'NO', 'NO', 'NO', 'NO', 'NO', 'NO', '2019-02-26 10:16:46', '0000-00-00 00:00:00'),
(87, 0000000000164, 179, 'NO', 'NO', 'NO', 'NO', 'NO', 'NO', 'NO', 'NO', 'NO', 'NO', 'NO', 'NO', 'NO', 'NO', 'NO', '2019-02-26 10:22:40', '0000-00-00 00:00:00'),
(88, 0000000000168, 183, 'NO', 'NO', 'NO', 'NO', 'NO', 'NO', 'NO', 'NO', 'NO', 'NO', 'NO', 'NO', 'NO', 'NO', 'NO', '2019-02-26 12:21:58', '0000-00-00 00:00:00'),
(89, 0000000000185, 195, 'NO', 'NO', 'NO', 'NO', 'NO', 'NO', 'NO', 'NO', 'NO', 'NO', 'NO', 'NO', 'NO', 'NO', 'NO', '2019-02-26 15:28:54', '0000-00-00 00:00:00'),
(90, 0000000000184, 194, 'NO', 'NO', 'NO', 'NO', 'NO', 'NO', 'NO', 'NO', 'NO', 'NO', 'NO', 'NO', 'NO', 'NO', 'NO', '2019-02-26 15:35:01', '0000-00-00 00:00:00'),
(91, 0000000000183, 192, 'NO', 'NO', 'NO', 'NO', 'NO', 'NO', 'NO', 'NO', 'NO', 'NO', 'NO', 'NO', 'NO', 'NO', 'NO', '2019-02-26 15:36:21', '0000-00-00 00:00:00'),
(92, 0000000000187, 196, 'NO', 'NO', 'NO', 'YES', 'NO', 'NO', 'NO', 'NO', 'NO', 'NO', 'NO', 'NO', 'NO', 'NO', 'NO', '2019-02-26 15:45:16', '0000-00-00 00:00:00'),
(93, 0000000000188, 198, 'NO', 'NO', 'YES', 'NO', 'NO', 'NO', 'NO', 'NO', 'NO', 'NO', 'NO', 'NO', 'NO', 'NO', 'NO', '2019-02-27 09:34:55', '0000-00-00 00:00:00'),
(94, 0000000000189, 199, 'YES', 'NO', 'NO', 'NO', 'NO', 'NO', 'NO', 'NO', 'NO', 'NO', 'NO', 'NO', 'NO', 'NO', 'NO', '2019-02-27 10:01:38', '0000-00-00 00:00:00'),
(95, 0000000000190, 200, 'NO', 'NO', 'NO', 'NO', 'NO', 'NO', 'NO', 'NO', 'NO', 'YES', 'NO', 'NO', 'NO', 'NO', 'NO', '2019-02-27 10:04:19', '0000-00-00 00:00:00'),
(96, 0000000000191, 201, 'NO', 'NO', 'NO', 'NO', 'NO', 'NO', 'NO', 'NO', 'NO', 'NO', 'NO', 'YES', 'NO', 'NO', 'NO', '2019-02-27 10:18:34', '0000-00-00 00:00:00'),
(97, 0000000000195, 205, 'NO', 'NO', 'NO', 'NO', 'NO', 'NO', 'NO', 'NO', 'NO', 'NO', 'NO', 'NO', 'NO', 'NO', 'NO', '2019-02-27 11:44:28', '0000-00-00 00:00:00');

-- --------------------------------------------------------

--
-- Table structure for table `qpd_patient`
--

CREATE TABLE `qpd_patient` (
  `PatientID` int(13) NOT NULL,
  `PatientRef` varchar(50) NOT NULL,
  `PatientType` varchar(50) NOT NULL,
  `CompanyName` varchar(100) NOT NULL,
  `Position` varchar(75) NOT NULL,
  `FirstName` varchar(40) NOT NULL,
  `MiddleName` varchar(40) NOT NULL,
  `LastName` varchar(40) NOT NULL,
  `Address` varchar(100) NOT NULL,
  `Birthdate` varchar(15) NOT NULL,
  `Email` varchar(50) NOT NULL,
  `Age` int(3) NOT NULL,
  `Gender` varchar(10) NOT NULL,
  `ContactNo` varchar(20) NOT NULL,
  `PatientBiller` varchar(255) NOT NULL,
  `Notes` varchar(255) NOT NULL,
  `SID` varchar(50) NOT NULL,
  `CreationDate` datetime NOT NULL DEFAULT CURRENT_TIMESTAMP,
  `DateUpdate` datetime NOT NULL
) ENGINE=InnoDB DEFAULT CHARSET=latin1 ROW_FORMAT=COMPACT;

--
-- Dumping data for table `qpd_patient`
--

INSERT INTO `qpd_patient` (`PatientID`, `PatientRef`, `PatientType`, `CompanyName`, `Position`, `FirstName`, `MiddleName`, `LastName`, `Address`, `Birthdate`, `Email`, `Age`, `Gender`, `ContactNo`, `PatientBiller`, `Notes`, `SID`, `CreationDate`, `DateUpdate`) VALUES
(1, '43982061', ' ', 'BICYCLE POKER', 'POKER DEALER', 'RENETTE', 'SIGUA', 'MENDOZA', 'FATINA VILL. STA CRUZ', 'FEB 07, 2019', '', 30, 'FEMALE', '09054668961', 'BICYCLE POKER', '', '', '2019-02-07 13:55:45', '0000-00-00 00:00:00'),
(2, '24895310', ' ', 'KFC', '', 'JHUN', '', 'DAMASCO', 'BALIBAGO ANGELES CITY', 'JULY 16 1998', '', 20, 'MALE', '09168484209', 'WALK-IN', '', '', '2019-02-07 14:10:13', '0000-00-00 00:00:00'),
(3, '36729805', ' ', 'WALK-IN', '', 'ALVIN', 'TOLEDO', 'SANTOS', 'MADAPDAP', 'OCT 22, 1984', '', 34, 'MALE', '', 'WALK-IN', '', '', '2019-02-07 14:16:51', '0000-00-00 00:00:00'),
(4, '21460578', ' ', 'WALK-IN', '', 'MERCY LEAH GRACE', 'RAMOS', 'LAMORENA', 'TARLAC', '9-13-1990', '', 28, 'FEMALE', '09165492614', 'WALK-IN', '', '', '2019-02-07 14:22:45', '0000-00-00 00:00:00'),
(5, '56789120', ' ', 'BOOMERING INC.', 'MARKETING MANAGER', 'REIGNA AUDA', 'BEJAR', 'VALENCIA', 'CLARK PAMPANGA', '04-07-1979', '', 39, 'FEMALE', '09667252175', 'WALKIN', '', '', '2019-02-07 14:30:10', '0000-00-00 00:00:00'),
(6, '46713820', ' ', 'MELINDA TOLENTINO', '', 'ALTHEA', 'GATBONTON', 'VARGAS', 'MALABANAZ', '12-18-2002', '', 16, 'FEMALE', '09553623917', 'MELINDA TOLENTINO', '', '', '2019-02-07 14:41:58', '0000-00-00 00:00:00'),
(7, '30426857', ' ', 'WLAK-IN', '', 'ROSEMARIE', '', 'LABINA', '', '08-04-1989', '', 29, 'FEMALE', '09772630512', 'WALK-IN', '', '', '2019-02-07 15:11:36', '0000-00-00 00:00:00'),
(8, '42590876', ' ', 'COFFEEBEAN AND TEA LEFT', 'BARISTA', 'MICO PHILIP', 'DEL ROSARIO', 'DIMALANTA', 'ESSEL LPARK', '01-18-1997', '', 22, 'MALE', '09553425172', 'WALK-IN', '', '', '2019-02-07 15:20:44', '0000-00-00 00:00:00'),
(9, '49768213', ' ', 'ENVY BISTRO SPORT SNITES', 'UTILITY', 'CHRISTIAN CLARK', '', 'GARCIA', 'ANGELES PAMPANGA', '07-18-94', '', 24, 'MALE', '09218322371', 'ENVY BISTRO SPORT SNITES', '', '', '2019-02-07 15:29:30', '0000-00-00 00:00:00'),
(10, '93047821', ' ', 'DR. FROILAN CANLAS, M.D.', '', 'HAVERLEY', '', 'JOHN', '', '17-09-35', '', 84, 'MALE', '09278971633', 'DR. FROILAN CANLAS, M.D.', '', '', '2019-02-07 16:03:56', '0000-00-00 00:00:00'),
(11, '89162743', ' ', 'ANN MITZEL G. MATA OCAMPO, MD, DPDS', '', 'WILFREDO', 'LACSON', 'DIZON', 'BALIBAGI ANGELES', '', '', 65, 'MALE', '', 'ANN MITZEL G. MATA OCAMPO, MD, DPDS', '', '', '2019-02-08 09:28:16', '0000-00-00 00:00:00'),
(12, '02349156', ' ', 'METRO MALL', '', 'DANIEL', 'LAMSEN', 'DE VERA', 'ABACAN ANGELES CITY', '02-25-2001', '', 17, 'MALE', '09754162216', 'METRO MALL', '', '', '2019-02-08 12:33:42', '0000-00-00 00:00:00'),
(13, '24719380', ' ', 'WALK-IN', '', 'BRIAN', '', 'BALANGUE', '', '01-17-91', '', 28, 'MALE', '09198817579', 'WALK-IN', '', '', '2019-02-08 13:03:10', '0000-00-00 00:00:00'),
(14, '53672891', ' ', 'GOOKJE', '', 'ALMA', 'JAWALI', 'TUMUTONG', 'ANGELES CITY', '09-16-86', '', 32, 'FEMALE', '09168473791', 'GOOKJE', '', '', '2019-02-08 13:35:50', '0000-00-00 00:00:00'),
(15, '93106872', ' ', 'WALK-IN', '', 'MARK RAVEN', '', 'MOSCOSA', '', '04-07-2007', '', 11, 'MALE', '09398694278', 'WALK-IN', '', '', '2019-02-08 13:43:06', '0000-00-00 00:00:00'),
(16, '27485069', ' ', 'QUICK MINDS', 'CRO OFFICER', 'CAMILLE', 'CATABAN', 'PACPACO', 'ABACAN MALABANAS', '9-15-97', '', 21, 'FEMALE', '09362460800', 'QUICK MINDS', '', '', '2019-02-08 14:01:07', '0000-00-00 00:00:00'),
(17, '12804379', ' ', 'DR. FROILAN CANLAS, M.D.', '', 'VELIA', '', 'LOPEZ', '', '10-21-39', '', 78, 'FEMALE', '', 'DR. FROILAN CANLAS, M.D.', '', '', '2019-02-09 07:05:22', '0000-00-00 00:00:00'),
(18, '48072695', ' ', 'DR. R. NUDO, M.D.', '', 'EMIRITA MANIO', '', 'BACULI', '', '09-27-73', '', 45, 'FEMALE', '09328691350', 'DR. R. NUDO, M.D.', '', '', '2019-02-09 07:25:00', '0000-00-00 00:00:00'),
(19, '29607514', ' ', 'YOKOHAMA', '-', 'JUDY', 'RODRIGUEZ', 'DESALIZA', 'ANGELES CITY', '11-22-1991', '', 28, 'FEMALE', '09158194110', 'YOKOHAMA', '', '', '2019-02-09 09:15:35', '0000-00-00 00:00:00'),
(20, '69257813', ' ', 'WALK-IN', '', 'KAYLA', '', 'CANASA', '', '', '', 20, 'FEMALE', '09553586953', 'WALK-IN', '', '', '2019-02-09 12:25:34', '0000-00-00 00:00:00'),
(21, '17492085', ' ', 'WALK-IN', '', 'AIRA', '', 'CASTRO', 'BALETE SAN FERNANDO', '10-24-1999', '', 19, 'FEMALE', '', 'WALK-IN', '', '', '2019-02-09 12:35:40', '0000-00-00 00:00:00'),
(22, '06573294', ' ', 'WALK-IN', '', 'DOLLY', '', 'DE LEON', '', 'JULY 2017', '', 0, '', '', 'WALK-IN', '', '', '2019-02-09 13:02:15', '0000-00-00 00:00:00'),
(23, '38579104', ' ', 'WALK-IN', '', 'KAREN', '', 'SOLEDAD', 'NARCISO ST.', '05-07-1993', '', 25, 'FEMALE', '09462433637', 'WALK-IN', '', '', '2019-02-11 06:53:13', '0000-00-00 00:00:00'),
(24, '23941586', ' ', 'WALK-IN', '', 'LETICIA', 'P.', 'SABALBARO', 'ANGELES CITY', 'JUNE 29, 1941', '', 78, 'FEMALE', '', 'WALK-IN', '', '', '2019-02-11 07:22:20', '0000-00-00 00:00:00'),
(25, '36108927', ' ', 'WALK-IN', '', 'KARL LOU', 'GALMAN', 'TANEDO', 'DAU MABALACAT CITY', '05-02-1994', '', 24, 'MALE', '09156361854', 'WALK-IN', '', '', '2019-02-11 07:45:59', '0000-00-00 00:00:00'),
(26, '32816057', ' ', 'MIDORI', 'PRODUCTION SHUFFLER', 'EURICA', 'TORRES', 'PERALTA', 'DELA CRUZ ST. RIVERA, DAU MABALACAT', '09-24-95', '  ', 23, 'FEMALE', '09560877976', '  ', '', '', '2019-02-11 08:59:02', '0000-00-00 00:00:00'),
(27, '35279860', ' ', 'VUUZLE', 'MARKETING REP', 'JENNIFER', 'FORCADELA', 'RAZON', '0927 BURGOS ST. SAPANG BATO, ANGELES CITY', '07-07-87', ' ', 31, 'FEMALE', '09668097217', ' ', '', '', '2019-02-11 09:18:41', '0000-00-00 00:00:00'),
(28, '32975468', ' ', 'SM CLARK', '', 'MARVIN', 'DELA CRUZ', 'VIERNES', 'SALOME ST. ABACAN ROAD, ANGELES CITY', '08-11-75', ' ', 42, 'MALE', '09212656427', ' ', '', '', '2019-02-11 09:30:55', '0000-00-00 00:00:00'),
(29, '29756038', ' ', '  ', '  ', 'GLIZZLE', 'HERNANDEZ', 'LIWAG', '53 DEBRA ST. BALIBAGAO, ANGELES CITY', '06-18-87', '', 31, 'FEMALE', '09496384424', '', '', '', '2019-02-11 09:59:46', '0000-00-00 00:00:00'),
(30, '96783102', ' ', 'RL GAS STATION', '', 'ELEMAR', 'MANOLONG', 'DIAZ', 'PORAC PAMPANGA', '02-02-95', '', 24, 'MALE', '09224107108', '', '', '', '2019-02-11 10:10:13', '0000-00-00 00:00:00'),
(31, '27169340', ' ', 'PAMPANGA STATE AGRICULTURAL UNIVERSITY', '  ', 'GILLAN', 'GUEVARRA', 'SIMODIO', '177 MALIGAYA PULUNG MARAGUL, ANGELES CITY', '12-19-99', 'gillansimodio@gmail.com', 19, 'MALE', '09289409638', ' ', '', '', '2019-02-11 10:19:56', '0000-00-00 00:00:00'),
(32, '53640721', ' ', 'DAE CHANG', '', 'WILLIE', 'E.', 'GONZALES', 'DAU, MABALACAT CITY', '05-20-81', '', 38, 'MALE', '09215446499', 'DAE CHANG', '', '', '2019-02-11 10:32:29', '0000-00-00 00:00:00'),
(33, '07613259', ' ', 'DAE CHANG', '', 'REMWEL', 'F.', 'DELA CRUZ', 'DAU MABALACAT PAMPANGA', '12-07-79', '', 38, 'MALE', '09124023056', 'DAE CHANG', '', '', '2019-02-11 10:37:11', '0000-00-00 00:00:00'),
(34, '75246138', ' ', 'DAE CHANG', '', 'TEDDY', 'L.', 'PUGONG', 'DAU, MABALACAT', '04-22-92', '', 26, 'MALE', '09070205717', 'DAE CHANG', '', '', '2019-02-11 10:40:28', '0000-00-00 00:00:00'),
(35, '05498236', ' ', 'DAE CHANG', '', 'RETCHIE', 'ABOGADO', 'SANDULAN', 'DAU MABALACAT PAMPANGA', '10-12-97', '', 21, 'MALE', '09216768594', 'DAE CHANG', '', '', '2019-02-11 10:42:47', '0000-00-00 00:00:00'),
(36, '69320571', ' ', 'DAE CHANG', '', 'BRYAN', 'CRUZ', 'DEL MONTE', 'DAU MABALACAT, PAMPANGA', '09-13-93', '', 25, 'MALE', '09094524015', 'DAE CHANG', '', '', '2019-02-11 10:45:09', '0000-00-00 00:00:00'),
(37, '21097486', ' ', 'ENVY BISTRO SPORTS SUITES, INC.', 'WAITRESS', 'CHARLENE CARL', 'TANGLAO', 'BASILIO', 'MAGALANG, PAMPANGA', '11-24-95', 'zchabasilio@gmail.com', 23, 'FEMALE', '09750063973', ' ', '', '', '2019-02-11 10:54:07', '0000-00-00 00:00:00'),
(38, '02916375', ' ', 'WALK-IN', '', 'JEFFEN CLYDE', '', 'VISTO', 'STA. MARIA VILLAGE 2 ', '11-05-2006', '', 12, 'MALE', '', 'WALK-IN', '', '', '2019-02-11 15:54:40', '0000-00-00 00:00:00'),
(39, '90473518', ' ', 'DR. ROMA SHYKA VELASQUEZ, M.D', '', 'ANDREA ', '', 'SOMBILLO', '', '10-22-1986', '', 32, 'FEMALE', '', 'DR. ROMA SHYKA VELASQUEZ, M.D', '', '', '2019-02-12 13:26:48', '0000-00-00 00:00:00'),
(40, '46725038', ' ', 'DR. FROILAN CANLAS, M.D', '', 'PABLO', '', 'MALABANAN', 'STA. TERESITA ANGELES CITY', '01-15-1940', '', 79, 'MALE', '09271495967', 'DR. FROILAN CANLAS, M.D', '', '', '2019-02-14 06:42:56', '0000-00-00 00:00:00'),
(41, '63189207', ' ', 'WALK-IN', '', 'JENNIFER', 'A.', 'EPIL', 'SANTOS ST. ANGELES CITY', '10-21-1980', '', 38, 'FEMALE', '09508184780', 'WALK-IN', '', '', '2019-02-14 07:47:09', '0000-00-00 00:00:00'),
(42, '45809372', ' ', 'WALK-IN', '', 'RICARDO', 'S.', 'LAYUG', 'NARCISO ST. MALABANIAS ANGELES CITY', '', '', 62, 'MALE', '09172468559', 'WALK-IN', '', '', '2019-02-15 08:17:35', '0000-00-00 00:00:00'),
(43, '80417293', ' ', 'EUGENE A TONGOL,MD', '-', 'JOHNSON', 'PANGILINAN', 'REYES', 'LALAPAC,VICTORIA TARLAC', '11-04-1996', '', 22, 'MALE', '09309582950', '', '', '', '2019-02-15 09:05:33', '0000-00-00 00:00:00'),
(44, '96578342', ' ', 'WALK-IN', '', 'RENELYN', 'REYES', 'LIBAO', '', 'JUNE 20, 1992', '', 26, 'FEMALE', '', 'WALK-IN', '', '', '2019-02-18 11:20:02', '0000-00-00 00:00:00'),
(45, '19307624', ' ', 'WALK-IN', '', 'RHIZ RHOMMEL', 'M.', 'ZUNIGA', 'MARISOL ANGELES CITY', '10-06-1988', '', 30, 'MALE', '0928798877', 'WALK-IN', '', '', '2019-02-19 06:23:33', '0000-00-00 00:00:00'),
(46, '68402951', ' ', 'WALK-IN', '', 'AFRICA', '', 'DE JESUS', 'MABALACAT ANGELES CITY', '01-04-1945', '', 75, 'FEMALE', '09070274604', 'WALK-IN', '', '', '2019-02-19 06:44:41', '0000-00-00 00:00:00'),
(47, '25968470', ' ', 'WALK-IN', '', 'GARCIANO', 'MICLAT', 'CORTEZ', 'ANGELES CITY', '02-19-1959', '', 60, 'MALE', '09260990215', 'WALK-IN', '', '', '2019-02-19 07:56:39', '0000-00-00 00:00:00'),
(48, '57316049', ' ', 'JOB CLEAN', 'HOUSE KEEPING', 'DAVID', 'JACOSALEM', 'BANDILLA', 'ANUNAS', 'JULY-01-1992', '', 26, 'MALE', '09053691157', 'JOB CLEAN', '', '', '2019-02-19 08:07:02', '0000-00-00 00:00:00'),
(49, '54610872', ' ', 'JOB CLEAN', 'HOUSE KEEPING', 'MEL', 'OPALLA', 'BENASO', 'MALABANIAS ANGELES CITY', '04-12-1989', '', 29, 'MALE', '09109777931', 'JOB CLEAN', '', '', '2019-02-19 08:10:56', '0000-00-00 00:00:00'),
(50, '81327059', ' ', 'JOB CLEAN', 'HOUSE KEEPING', 'MARIO', 'COBILLA', 'RESTOLES', 'HOMOSITE MABALACAT', '11-11-1997', '', 21, 'MALE', '09655601652', 'JOB CLEAN', '', '', '2019-02-19 08:35:08', '0000-00-00 00:00:00'),
(51, '54603198', ' ', 'JOB CLEAN', 'HOUSE KEEPING', 'JEROME', 'ESTEBAN', 'GULLOY', 'LAKANDULA PAMPANGA', '03-07-1993', '', 25, 'MALE', '09358126684', 'JOB CLEAN', '', '', '2019-02-19 08:36:52', '0000-00-00 00:00:00'),
(52, '41093786', ' ', 'JOB CLEAN', 'HOUSE KEEPING', 'ARNEL', '', 'SARTILLO', 'CACUTUD ANGELES CITY', '04-24-1989', '', 29, 'MALE', '092112493061', 'JOB CLEAN', '', '', '2019-02-19 08:38:27', '2019-02-20 09:54:15'),
(53, '29376018', ' ', 'JOB CLEAN', 'HOUSE KEEPING', 'NOEL', 'LOPEZ', 'ADSUARA', 'STO. NINO BALIBAGO ANGELES CITY', '08-15-1993', '', 25, 'MALE', '09167631023', 'JOB CLEAN', '', '', '2019-02-19 08:40:37', '0000-00-00 00:00:00'),
(54, '60823174', ' ', 'DR. JOHN CARLO DUNGCA, M.D', '', 'OMAR', 'B.', 'SULTAN', 'ILAWOD, SARA ILOILO', '02-02-1952', '', 66, 'MALE', '', 'DR. JOHN CARLO DUNGCA, M.D', '', '', '2019-02-19 09:46:53', '0000-00-00 00:00:00'),
(55, '08462173', ' ', 'JOB CLEAN', '-', 'NINO', 'AMARILLE', 'DENADO', 'PUROK I BRGY. ANUNAS ANGELES CITY', '05-08-1986', '', 34, 'MALE', '09552830616', 'JOB CLEAN', '', '', '2019-02-19 10:25:55', '0000-00-00 00:00:00'),
(56, '06324587', ' ', 'WALK-IN', '', 'JOSSEL JOHN', 'TORRES', 'GANTAN', 'MEXICO PAMPANGA', 'JUNE 17, 1994', '', 24, 'MALE', '09260146457', 'WALK-IN', '', '', '2019-02-19 14:37:33', '0000-00-00 00:00:00'),
(57, '45821379', ' ', 'JOB CLEAN', 'HOUSEKEEPING', 'NOLI', 'F.', 'BALAGOT', '-', '12-05-66', '-', 52, 'MALE', '09093589769', '', '', '', '2019-02-19 15:55:12', '0000-00-00 00:00:00'),
(58, '94162083', ' ', 'JOB CLEAN', 'HOUSEKEEPING', 'CHRISTIAN', 'LOPEZ', 'CATIS', '-', '05-06-1992', '', 26, 'MALE', '09466404919', '', '', '', '2019-02-19 16:00:36', '0000-00-00 00:00:00'),
(59, '57401928', ' ', 'JOB CLEAN', 'HOUSEKEEPING', 'EDWARD', 'SEVILLA', 'MORALIDA', '-', '12-27-1998', '', 20, 'MALE', '09550084389', '', '', '', '2019-02-19 16:03:15', '0000-00-00 00:00:00'),
(60, '26041573', ' ', 'JOB CLEAN', '-', 'KARYL', 'BONIOL', 'ELEJIDO', '-', '07-08-1994', '', 24, 'FEMALE', '09998797715', '', '', '', '2019-02-19 16:05:11', '0000-00-00 00:00:00'),
(61, '85962310', ' ', 'JOB CLEAN', '-', 'BERNARD', 'ENGO', 'MOLDES', '-', '01-22-1988', '', 30, 'MALE', '09569210922', '', '', '', '2019-02-19 16:32:19', '0000-00-00 00:00:00'),
(62, '50278496', ' ', 'JOB CLEAN', 'HOUSE COPPING', 'REMEDIOS', 'PINEDA', 'QUINTO', 'ANGELES CITY', '08-02-1978', '', 42, 'FEMALE', '09676421751', 'JOB CLEAN', '', '', '2019-02-20 07:07:18', '0000-00-00 00:00:00'),
(63, '12453796', ' ', 'JOB CLEAN', 'HOUSE KEEPING', 'JUNRIE', 'MORONDOZ', 'LEGISTA', 'ANGELES CITY', '09-07-1984', '', 35, 'MALE', '09998271093', 'JOB CLEAN', '', '', '2019-02-20 07:20:18', '0000-00-00 00:00:00'),
(64, '18640795', ' ', 'JOB CLEAN', 'HOUSE KEEPNG', 'JANDY', 'DUBLON', 'MACANILE', 'ANGELES CITY', '05-24-1998', '', 20, 'MALE', '09097198359', '', '', '', '2019-02-20 07:38:17', '2019-02-21 09:37:56'),
(65, '53972468', ' ', 'JOB CLEAN', 'HOUSE KEEPING', 'LAVOUNE', 'FLORES', 'BALENTON', 'DAU MABALACAT', '01-26-1986', '', 33, 'FEMALE', '09156009146', 'JOB CLEAN', '', '', '2019-02-20 07:51:16', '0000-00-00 00:00:00'),
(66, '62791085', ' ', 'JOB CLEAN', '', 'RONA', 'O.', 'CENTILLAS', 'AMSIC', '08-25-94', '', 24, 'FEMALE', '09484746290', 'JOB CLEAN', '', '', '2019-02-20 07:59:53', '0000-00-00 00:00:00'),
(67, '84510637', ' ', 'JOB CLEAN', '', 'ANNALYN', 'SADANG', 'SAYSON', 'STO. CRISTO ANGLES CITY', '10-29-1982', '', 36, 'FEMALE', '09268335299', 'JOB CLEAN', '', '', '2019-02-20 08:11:10', '0000-00-00 00:00:00'),
(68, '85967340', ' ', 'JOB CLEAN', 'HOUSE KEEPING', 'HAZEL', 'A.', 'BIONG', 'BALIBAGO ANGELES CITY', '12-29-1995', '', 23, 'FEMALE', '09074231419', 'JOB CLEAN', '', '', '2019-02-20 08:27:03', '0000-00-00 00:00:00'),
(69, '96307815', ' ', 'JOB CLEAN', 'HOUSE KEEPING', 'CESENIO', 'MAGALLANES', 'MARCHADO', '', '05-14-1994', '', 24, 'MALE', '09092319140', 'JOB CLEAN', '', '', '2019-02-20 08:36:49', '0000-00-00 00:00:00'),
(70, '78203651', ' ', 'JOB CLEAN', 'HOUSE KEEPING', 'BABYLYN', 'GONZALES', 'DALUSUNG', 'ANGELES CITY PAMPANGA', '02-14-1984', '', 35, 'FEMALE', '09361412554', 'JOB CLEAN', '', '', '2019-02-20 08:42:34', '0000-00-00 00:00:00'),
(71, '05382164', ' ', 'JOB CLEAN', 'HOUSE KEEPING', 'RICKY JAY', 'DE OCAMPO', 'BRINQUEZ', 'ANUNAS', '08-11-1996', '', 22, 'MALE', '09355113304', 'JOB CLEAN', '', '', '2019-02-20 09:00:17', '0000-00-00 00:00:00'),
(72, '01283547', ' ', 'JOB CLEAN', '', 'JERICHO', 'PAMING', 'RANADA', 'STA MARIA BALIBAGO', '12-08-1997', '', 21, 'MALE', '09656934558', 'JOB CLEAN', '', '', '2019-02-20 09:02:48', '0000-00-00 00:00:00'),
(73, '70645812', ' ', 'JOB CLEAN', 'HOUSE KEEPING', 'MARK JOSEPH', 'P.', 'DE LEON', 'BALIBAGO ANGELES CITY', '06-23-1999', '', 19, 'MALE', '09487013818', 'JOB CLEAN', '', '', '2019-02-20 09:04:32', '0000-00-00 00:00:00'),
(74, '62194358', ' ', 'JOB CLEAN', 'HOUSE KEEPING', 'BILLIE JONES', 'BERNABE', 'RODRIGUEZ', 'SAN ISIDRO PAMPANGA', '10-08-1989', '', 29, 'MALE', '09268902794', 'JOB CLEAN', '', '', '2019-02-20 09:16:14', '0000-00-00 00:00:00'),
(75, '74603159', ' ', 'JOB CLEAN', 'HOUSE KEEPING', 'REYMARK', 'P.', 'REARIO', 'BALIBAGO ANGELS CITY', '10-06-1992', '', 26, 'MALE', '09553253222', 'JOB CLEAN', '', '', '2019-02-20 09:18:08', '0000-00-00 00:00:00'),
(76, '51829476', ' ', 'JOB CLEAN', 'HOUSE KEEPING', 'ALMA', 'BOLHANO', 'ARANETA', 'PANDAN ANGELES CITY', '01-10-1982', '', 37, 'FEMALE', '09973678612', 'JOB CLEAN', '', '', '2019-02-20 09:48:07', '0000-00-00 00:00:00'),
(77, '14028653', ' ', 'JOB CLEAN', '-', 'FRANK ANTHONY', 'LAPID', 'URBANO', '04 ABAD SANTOS DON BONIFACIO', '12-15-1980', '', 38, 'MALE', '09185861456', '', '', '', '2019-02-20 11:11:58', '0000-00-00 00:00:00'),
(78, '92074365', ' ', 'JOB CLEAN', 'HOUSE KEEPING', 'IVAN DAVE', 'LACANARIA', 'YUMANG', 'MACABEBE PAMPANGA', '12-12-1996', '', 22, 'MALE', '09187830400', 'JOB CLEAN', '', '', '2019-02-20 12:59:28', '0000-00-00 00:00:00'),
(79, '69301582', ' ', 'JOB CLEAN', 'HOUSE KEEPING', 'AERO LHORENZ', 'OCOP', 'ROMERO', 'MABALACAT PAMPANGA', '11-05-1999', '', 19, 'MALE', '09384340280', 'JOB CLEAN', '', '', '2019-02-20 14:45:10', '0000-00-00 00:00:00'),
(80, '01692843', ' ', 'JOB CLEAN', '', 'RICHARD', 'CASAS', 'REVELDEZ', 'STA. TERESITA', '11-11-96', '', 22, 'MALE', '', 'JOB CLEAN', '', '', '2019-02-20 15:25:31', '0000-00-00 00:00:00'),
(81, '18740259', ' ', 'JOB CLEAN', 'HOUSE KEEPING', 'ARSENIO JR.', 'EBALLAR', 'QUIRANTE', 'TERESITA ANGELES CITY', '08-28-1990', '', 28, 'MALE', '09501818047', 'JOB CLEAN', '', '', '2019-02-20 15:32:03', '0000-00-00 00:00:00'),
(82, '57029861', ' ', 'JOB CLEAN', 'HOUSE KEEPING', 'CRISTETA', '', 'PALERO', 'MABALACAT PAMPANGA', '04-04-1992', '', 26, 'FEMALE', '09484471860', 'JOB CLEAN', '', '', '2019-02-20 15:44:12', '0000-00-00 00:00:00'),
(83, '67285943', ' ', 'JOB CLEAN', 'HOUSE KEEPING', 'JERICO', 'AVELINO', 'CATABAY', 'STO. NINO BALIBAGO', '01-30-2001', '', 18, 'MALE', '', 'JOB CLEAN', '', '', '2019-02-21 07:13:07', '0000-00-00 00:00:00'),
(84, '07826193', ' ', 'JOB CLEAN', 'HOUSE KEEPING', 'JOHN MARK', 'MAPULA', 'MARCHAN', '', '04-14-1991', '', 27, 'MALE', '0955325222', 'JOB CLEAN', '', '', '2019-02-21 07:21:35', '0000-00-00 00:00:00'),
(85, '43196250', ' ', 'JOB CLEAN', 'HOUSE KEEPING', 'FRANCISCO', 'DILAPEA', 'CABIG', 'BALIBAGO ANGELES CITY', '11-1-1988', '', 30, 'MALE', '0922372086', 'JOB CLEAN', '', '', '2019-02-21 07:23:32', '0000-00-00 00:00:00'),
(86, '56849037', ' ', 'JOB CLEAN', 'HOUSE KEEPING', 'JAYSON', 'PINEDA', 'NAVARRO', '', '12-07-1988', '', 30, 'MALE', '09067806135', 'JOB CLEAN', '', '', '2019-02-21 07:34:43', '0000-00-00 00:00:00'),
(87, '56974012', ' ', 'JOB CLEAN', 'HOUSE KEEPING', 'ENER', 'SERRANO', 'MENDOZA', 'BALIBAGO ANGELES CITY', '01-28-1984', '', 35, 'MALE', '09067806135', 'JOB CLEAN', '', '', '2019-02-21 07:40:12', '0000-00-00 00:00:00'),
(88, '17960538', ' ', 'JOB CLEAN', 'HOUSE KEEPING', 'BENJIE', 'OLBEROS', 'CUENCO', 'LACANDULA ANGELES CITY', '10-07-1998', '', 20, 'MALE', '09977056371', 'JOB CLEAN', '', '', '2019-02-21 07:44:07', '0000-00-00 00:00:00'),
(89, '38290716', ' ', 'JOB CLEAN', 'HOUSE KEEPING', 'ANGELITO', 'LEGASPI', 'AMBROSIO', '', '03-26-1980', '', 28, 'MALE', '09304376059', 'JOB CLEAN', '', '', '2019-02-21 07:48:06', '0000-00-00 00:00:00'),
(90, '61074283', ' ', 'JOB CLEAN', '', 'JERWIN', 'CASOY', 'ODQUIN', 'BALIBAGO ANGELES CITY', '01-22-1995', '', 24, 'MALE', '09091474952', 'JOB CLEAN', '', '', '2019-02-21 08:19:37', '0000-00-00 00:00:00'),
(91, '20846571', ' ', 'JOB CLEAN', 'CASHIER', 'LADY MAE', '', 'FORNILLOS', 'BALIBAGO PPAMPANGA', '12-27-2000', '', 18, 'FEMALE', '09291254118', 'JOB CLEAN', '', '', '2019-02-21 08:25:13', '0000-00-00 00:00:00'),
(92, '64907213', ' ', 'JOB CLEAN', 'HOUSE KEEPING', 'JOE', 'A.', 'MANLANGIT', '', 'JULY 01-1993', '', 23, 'MALE', '09061981369', 'JOB CLEAN', '', '', '2019-02-21 08:34:37', '0000-00-00 00:00:00'),
(93, '18794506', ' ', 'JOB CLEAN', 'HOUSE KEEPING', 'MARICHU', 'BANDA', 'PIALAGO', 'ANGELES CITY', '02-28-1991', '', 27, 'FEMALE', '09976145207', 'JOB CLEAN', '', '', '2019-02-21 08:43:12', '0000-00-00 00:00:00'),
(94, '25614739', ' ', 'JOB CLEAN', 'HOUSE KEEPING', 'ARNULFO', 'GAGAP', 'GAMALO JR', 'ANGELES CITY', '01-08-1995', '', 24, 'MALE', '09952038498', 'JOB CLEAN', '', '', '2019-02-21 08:47:46', '0000-00-00 00:00:00'),
(95, '43198065', ' ', 'JOB CLEAN', 'HOUSE KEEPING', 'LIGAYA', 'ESTEBAN', 'ROMERO', 'MABALACAT,PAMPANGA', '3-2-1976', '', 42, 'FEMALE', '09467112133', 'JOB CLEAN', '', '', '2019-02-21 08:52:27', '0000-00-00 00:00:00'),
(96, '97381465', ' ', 'JOB CLEAN', 'HOUSE KEEPING', 'JOEL', 'ABANADOR', 'GACHO', 'ANGELES CITY', '12-15-1991', '', 27, 'MALE', '09121388298', 'JOB CLEAN', '', '', '2019-02-21 08:56:21', '0000-00-00 00:00:00'),
(97, '07491635', ' ', 'JOB CLEAN', '', 'XYNOS VICENTE', 'ABENDANO', 'VEGA', 'ANGELES CITY', '12-13-1977', '', 41, 'MALE', '09361467419', 'JOB CLEAN', '', '', '2019-02-21 09:01:28', '0000-00-00 00:00:00'),
(98, '15394268', ' ', 'JOB CLEAN', 'HOUSE KEEPING', 'ROGELIO', 'M.', 'PICARDAL', 'MABALACAT PAMPANGA', '05-31-1999', '', 19, 'MALE', '09269444121', 'JOB CLEAN', '', '', '2019-02-21 09:38:09', '0000-00-00 00:00:00'),
(99, '17498362', ' ', 'JOB CLEAN', 'HOUSE KEEPING', 'ROMMEL', 'PASCUAL', 'CAYANAN', 'PANDAN ANGELES CITY', '02-28-2000', '', 18, 'MALE', '09123871076', 'JOB CLEAN', '', '', '2019-02-21 09:44:32', '0000-00-00 00:00:00'),
(100, '54620319', ' ', 'JOB CLEAN', 'HOUSE KEEPING', 'MICHELLE', 'BONDOC', 'CELIS', 'STA CRUZ MAGALANG', '07-06-1982', '', 36, 'FEMALE', '09979417230', 'JOB CLEAN', '', '', '2019-02-21 10:08:24', '0000-00-00 00:00:00'),
(101, '41082365', ' ', 'JOB CLEAN', 'HOUSE KEEPING', 'MIKKE', 'SANCHEZ', 'LACSON', 'BALIBAGO ANGELES CITY', '02-08-1996', '', 23, 'FEMALE', '09999230388', 'JOB CLEAN', '', '', '2019-02-21 14:40:41', '0000-00-00 00:00:00'),
(102, '71394250', ' ', 'JOB CLEAN', 'HOUSE KEEPING', 'DEVIN', 'DACLITAN', 'QUIMBO', 'BALIBAGO ANGELES', '05-02-1993', '', 25, 'MALE', '09168393146', 'JOB CLEAN', '', '', '2019-02-21 15:05:27', '0000-00-00 00:00:00'),
(103, '47208539', ' ', 'JOB CLEAN', 'HOUSE KEEPING', 'AILEEN', 'DASALLA', 'SEMBRAN', 'ROSALES PAMPANGA', '06-08-1966', '', 22, 'MALE', '093079887933', 'JOB CLEAN', '', '', '2019-02-21 15:46:19', '0000-00-00 00:00:00'),
(104, '26703598', ' ', 'JOB CLEAN', 'HOUSE KEEPING', 'ALFREDO', 'P.', 'LABAJO', 'BALIBAGO ANGELES CITY', '01-17-1988', '', 31, 'MALE', '09091474952', 'JOB CLEAN', '', '', '2019-02-21 15:54:30', '0000-00-00 00:00:00'),
(105, '58642970', ' ', 'JOB CLEAN', 'HOUSE KEEPING', 'PEDRO', 'AUSTRIA', 'PANTERAS', 'NINO BALIBAGO', '02-21-2019', '', 32, 'MALE', '09082047346', 'JOB CLEAN', '', '', '2019-02-21 15:58:29', '0000-00-00 00:00:00'),
(106, '59126370', ' ', 'JOB CLEAN', 'HOUSE KEEPING', 'FERLITA', 'ZABLAN', 'MANARANG', 'TOMAS PAMPANGA', '06-22-1981', '', 37, 'FEMALE', '09552246165', 'JOB CLEAN', '', '', '2019-02-21 16:01:55', '0000-00-00 00:00:00'),
(107, '85126493', ' ', 'JOB CLEAN', 'HOUSE KEEPING', 'BEATRIZ', 'BINARAO', 'BENDAL', 'MABALACAT PAMPANGA', '03-29-1980', '', 38, 'FEMALE', '09503795342', 'JOB CLEAN', '', '', '2019-02-22 07:49:04', '0000-00-00 00:00:00'),
(108, '87102369', ' ', 'PTT GASOLINE', '', 'MARVIN', 'D.', 'SAGMIT', 'CAPAYA ANGELES CITY', '05-12-1980', '', 38, 'MALE', '091311585', '', '', '', '2019-02-22 08:51:03', '0000-00-00 00:00:00'),
(109, '07941235', ' ', 'JOB CLEAN', 'HOUSE KEEPING', 'ROLLYN', 'BELARMINO', 'SONIO', 'ANGELES PAMPANGA', '11-10-1993', '', 25, 'MALE', '09358041069', '', '', '', '2019-02-22 09:00:42', '0000-00-00 00:00:00'),
(110, '52917084', ' ', 'CONTIS', 'KITCHEN ASSISTANT', 'GLADIA', 'HERNANDEZ', 'SANCHEZ', 'GUAGUA PAMPANGA', '11-22-1995', '', 23, 'FEMALE', '09174128306', '', '', '', '2019-02-22 10:01:41', '0000-00-00 00:00:00'),
(111, '29145308', ' ', 'JOB CLEAN', 'HOUSE KEEPING', 'ALMA', 'PAMBUERA', 'MADULID', 'MABALACAT CITY', '06-18-1986', '', 32, 'FEMALE', '09298804775', '', '', '', '2019-02-22 10:09:15', '0000-00-00 00:00:00'),
(112, '71296805', ' ', 'JOB CLEAN', 'HOUSE KEEPING', 'MARY JOY', 'ARCA', 'PAJARES', 'MALABANIAS  CITY', '12-201994', '', 24, 'FEMALE', '09478831931', '', '', '', '2019-02-22 10:19:51', '2019-02-22 13:59:02'),
(113, '37602149', ' ', 'CONTIS', 'SALES ASSISTANT', 'MARIA CARMILLE', 'TAN', 'SUSON', 'COMM TABUN ANGELES CITY', '08-29-1992', '', 26, 'FEMALE', '09064360920', '', '', '', '2019-02-22 10:31:55', '0000-00-00 00:00:00'),
(114, '05231796', ' ', 'JOB CLEAN', 'HOUSE KEEPING', 'EFRAIM', 'CABANG', 'PADILLA', '1ST ST. BALIBAGO, ANGELES CITY', '04-09-88', 'N/A', 30, 'MALE', '09094587599', 'EFRAIM C. PADILLA', '', '', '2019-02-22 13:36:14', '0000-00-00 00:00:00'),
(115, '82403175', ' ', 'JOB CLEAN', '', 'NOEL', 'CANACITE', 'HONORICO', 'MABALACAT PAMPANGA', '12-24-1989', '', 29, 'MALE', '09564616420', '', '', '', '2019-02-22 15:43:09', '0000-00-00 00:00:00'),
(116, '26583710', ' ', '', '', 'JASPER JUSTINE', 'DINIO', 'CATILO', 'STA CRUZ, LUBAO PAMPANGA', '01-04-1998', '', 21, 'MALE', '', '', '', '', '2019-02-23 08:16:12', '0000-00-00 00:00:00'),
(117, '69527014', ' ', 'WALK-IN', '', 'JAMES', '', 'SORIANO', 'DAU PAMPANGA', '07-04-1971', '', 47, 'MALE', '0922303882', '', '', '', '2019-02-23 08:31:02', '0000-00-00 00:00:00'),
(118, '26438507', ' ', 'WALK-IN', '', 'ANGIE LYNE', 'A.', 'DOMINGO', 'NEPO SUBD. ANGELES VITY', '11-10-1992', '', 26, 'FEMALE', '09105560016', '', '', '', '2019-02-23 08:47:22', '0000-00-00 00:00:00'),
(119, '09367514', ' ', 'DR. DE GUZMAN', '', 'DANTE', '', 'CUENCO', 'MABALACAT PAMPANGA', '07-04-1970', '', 48, 'MALE', '09052225554', 'DR. DE GUZMAN', '', '', '2019-02-23 09:04:55', '0000-00-00 00:00:00'),
(120, '91254638', ' ', 'WALK-IN', '', 'MA. CRISTINA', 'DELA CRUZ', 'TACULAD', 'ANGELES CITY', '12-25-1987', '', 36, 'FEMALE', '09328751752', 'WALK-IN', '', '', '2019-02-23 09:13:15', '0000-00-00 00:00:00'),
(121, '56309841', ' ', 'ABEGAIL M. LACSON,MD', '--PWD NO. 036902006', 'HEIDEE', 'BULAN', 'DACALLOS', '', '05-05-1972', '', 46, 'FEMALE', '09066789061', 'ABEGAIL M. LACSON,MD', '', '', '2019-02-23 09:19:23', '0000-00-00 00:00:00'),
(122, '89157634', ' ', 'JOB CLEAN', 'HOUSE KEEPING', 'RIZA MARIA', 'PINEDA', 'DATU', 'CONCEPTION TARLAC', '12-14-1986', '', 32, 'FEMALE', '09305543535', '', '', '', '2019-02-23 09:42:02', '0000-00-00 00:00:00'),
(123, '08156792', ' ', 'JOB CLEAN', 'HOUSE KEEPING', 'MA. LOURDELIZA', 'VENCIO', 'MARQUEZ', 'BALIBAGO ANGELES CITY', '09-19-1983', '', 35, 'FEMALE', '09476147039', '', '', '', '2019-02-23 09:48:50', '0000-00-00 00:00:00'),
(124, '65047139', ' ', 'JOB CLEAN', 'HOUSE KEEPING', 'MARILOU', 'CARDINOSA', 'FLORES', 'ANGELES CITY', '09-30-1978', '', 40, 'FEMALE', '', '', '', '', '2019-02-23 09:52:45', '0000-00-00 00:00:00'),
(125, '24316089', ' ', 'JOB CLEAN', 'HOUSE KEEPING', 'FRANCIS NINO', 'ALFONSO', 'PAMINTUAN', 'PANDAN ANGELES CITY', '08-06-97', '', 21, 'MALE', '09553590006', '', '', '', '2019-02-23 09:56:43', '0000-00-00 00:00:00'),
(127, '73614089', ' ', 'YI-SAN INFINITY TRAVEL AND GIFT SHOP', 'SALES LADY', 'NECIEL', 'MARIJUAN', 'CABALLERO', 'DAU MABALACAT', '1993-06-07', '', 25, 'FEMALE', '09566657656', 'YI-SAN INFINITY TRAVEL AND GIFT SHOP', '', '', '2019-02-23 12:50:23', '0000-00-00 00:00:00'),
(128, '29671054', ' ', 'YI-SAN INFINITY TRAVEL AND GIFT SHOP', 'SALES LADY', 'LADY', 'BUNDALIAN', 'RONQUILLO', 'NEPO SUBD. ANGELES CITY', '1991-06-21', '', 27, 'FEMALE', '09182027956', 'YI-SAN INFINITY TRAVEL AND GIFT SHOP', '', '', '2019-02-23 12:53:29', '0000-00-00 00:00:00'),
(130, '86059713', ' ', 'JOB CLEAN', '', 'JERRY', 'D.', 'GIBSON', 'MARISOL ANGELES CITY', '1983-09-13', '', 35, 'MALE', '09556315196', '', '', '', '2019-02-23 15:20:39', '0000-00-00 00:00:00'),
(131, '92548073', ' ', 'CONTIS BAKESHOP & RESTAURANT', 'KITCHEN STAFF', 'MARY JOY', 'DIMABUYU', 'ORDANZA', 'SAN VICENTE FIESTA COMMUNITIES, ANGELES CITY', '1993-01-12', 'maryjoyd.ordanza@gmail.com', 26, 'FEMALE', '09454981047', 'MARY JOY ORDANZA', '', '', '2019-02-25 08:07:39', '0000-00-00 00:00:00'),
(138, '72364098', ' ', 'CONTIS', 'KITCHEN STAFF', 'LEANNE', 'NUNAG', 'ABAD', 'BLK 6  LOT 22 PALMERA HOMES, ANGELES CITY', '1997-11-28', 'leanneabad@gmail.com', 21, 'FEMALE', '09067130463', 'ORDANZA ABAD', '', '', '2019-02-25 09:55:44', '0000-00-00 00:00:00'),
(143, '02645173', ' ', 'ISSER N. SUGAY, MD', ' ', 'SUE', 'N', 'CADAG', 'DIAMOND SUBDIVISION, ANGELES CITY', '1955-05-11', '', 63, 'FEMALE', '09155475208', '', '', '', '2019-02-25 10:05:20', '0000-00-00 00:00:00'),
(145, '84023957', ' ', 'FIESTA COMMUNITIES', 'EVENTS COORDINATOR', 'MARK NINO', 'SUING', 'ESPINOZA', 'TUYO, BALANGA BATAAN', '1995-04-28', 'Mnespinoza@gmail.com', 23, 'MALE', '09277125046', 'MARK NINO ESPINOZA', '', '', '2019-02-25 10:13:29', '0000-00-00 00:00:00'),
(146, '86519743', ' ', 'HOLY ANGEL UNIVERSITY ENGR.', 'OJT', 'MARESHAH MICAH', 'FELIPE', 'FAJARDO', '12923  SANTOL ST. DAU HOMESITE, MABALACAT CITY', '1998-05-11', '', 20, 'FEMALE', '09772490960', 'MARESHAH MICAH FAJARDO', '', '', '2019-02-25 10:23:14', '0000-00-00 00:00:00'),
(147, '17960284', ' ', 'AGUILA GLASS', 'CAR TINT', 'ZALDY', 'HONOGA', 'TOLIBAS', '1605 MC ARTHUR HIGHWAY, ANGELES CITY', '1976-10-21', '', 42, 'MALE', '09976146079', 'ZALDY TOLIBAS', '', '', '2019-02-25 10:32:10', '0000-00-00 00:00:00'),
(150, '54137908', ' ', 'WALK IN', ' ', 'JERSSA', ' ', 'GABOTERO', ' ', '', '', 22, 'FEMALE', '09357364975', 'JERSSA GABOTERO', '', '', '2019-02-25 10:39:39', '0000-00-00 00:00:00'),
(152, '73261054', ' ', '', '', '', '', '', '', '', '', 0, '', '', '', '', '', '2019-02-25 10:55:52', '0000-00-00 00:00:00'),
(153, '06324597', ' ', 'WALK IN', '-', 'MADONA', 'MUSNI', 'DIZON', 'PUROK 7, TEXAS ST. VILLASOL A.C', '1976-12-27', '-', 42, 'FEMALE', '0908-539-5440', '-', '', '-', '2019-02-25 11:36:01', '0000-00-00 00:00:00'),
(154, '48627591', ' ', 'WALK IN', '-', 'KIN', 'RENDON', 'ROMULO', '327 5TH ST. BRGY NINOY AQUINO MARISOL', '1999-10-17', '-', 19, 'MALE', '09474457081', '-', '', '', '2019-02-25 11:54:07', '0000-00-00 00:00:00'),
(155, '30487591', ' ', '', '', '', '', '', '', '', '', 0, '', '', '', '', '', '2019-02-25 11:54:07', '0000-00-00 00:00:00'),
(156, '10329564', ' ', ' ', ' ', 'DANICA', 'DAEZ', 'LOPEZ', 'FLORIDABLANCA, PAMPANGA', '1997-09-19', '', 21, 'FEMALE', '09487446819', '', '', '', '2019-02-25 11:59:47', '0000-00-00 00:00:00'),
(157, '43269870', ' ', 'BFFS SMOKED AND GRILL', '-', 'MAIDEN', 'MACALINO', 'IDOS', 'BLK 125 LIST 3 DIS 5', '1990-08-06', '', 28, 'FEMALE', '09555789217', 'BFFS SMOKED AND GRILL', '', '', '2019-02-25 13:15:38', '0000-00-00 00:00:00'),
(158, '80273941', ' ', 'JOB CLEAN', 'MESSENGER', 'JONATHAN', ' ', 'CABUENAS', 'ROSSANA ST. BALIBAGO, ANGELES CITY', '1994-04-29', '', 24, 'MALE', '09971066623', 'JONATHAN CABUENAS', '', '', '2019-02-25 13:30:48', '0000-00-00 00:00:00'),
(159, '31568249', ' ', 'PREMIER PETLINE', ' ', 'KWANGSU', '', '', ' ', '2018-10-09', '', 4, 'MALE', '', 'PREMIER PETLINE', '', '', '2019-02-25 13:48:25', '0000-00-00 00:00:00'),
(160, '10679523', ' ', 'DAPHNE CANIVEL, MD', ' ', 'ROSARIO', 'SAGUN', 'BAGSIL', 'ANGELES CITY', '1983-07-08', '', 35, 'FEMALE', '09228370820', 'ROSARIO BAGSIL', '', '', '2019-02-25 14:29:59', '0000-00-00 00:00:00'),
(161, '37048529', ' ', 'DR. LAXAMANA', ' ', 'FRANCISCO', 'TONGOL', 'DUNGCA', 'ANGELES CITY', '1951-05-26', '', 67, 'MALE', '', 'DR. LAXAMANA', '', '', '2019-02-25 14:38:58', '0000-00-00 00:00:00'),
(162, '18206734', ' ', 'YOKOHAMA', ' ', 'FRANCO', 'POLONG', 'FERRER', 'SAN ISIDRO', '1989-09-18', '', 29, 'MALE', '09503128640', '', '', '', '2019-02-25 15:17:19', '0000-00-00 00:00:00'),
(163, '80461593', ' ', 'JOB CLEAN', 'HOUSE KEEPING', 'JAKE', 'DECORINA', 'ALCANTARA', '353 OAK ST. STA. MARIA 1, BALIBAGO ANGELES CITY', '1990-09-03', '', 28, 'MALE', '09129806623', 'JAKE ALCANTARA', '', '', '2019-02-26 07:35:47', '0000-00-00 00:00:00'),
(164, '82305417', ' ', 'BIFS SMOKE GRILL', 'SUPERVISOR', 'RAMEL', 'CASTILLO', 'OBINGUAR', 'MALABANIAS, ANGELES CITY', '1997-10-28', '', 21, 'MALE', '09202986041', 'RAMEL OBINGUAR', '', '', '2019-02-26 08:08:36', '0000-00-00 00:00:00'),
(165, '37645180', ' ', '', '', '', '', '', '', '', '', 0, '', '', '', '', '', '2019-02-26 08:14:31', '0000-00-00 00:00:00'),
(166, '79250361', ' ', 'BIFS SMOKE& RESTAURANT, INC.', 'SUPERVISOR', 'RONIL', 'BOQUERO', 'ANOS', 'PURI ST, MALABANIAS, ANGELES CITY', '1992-03-11', '', 26, 'MALE', '0935-6900-408', 'RONIL ANOS', '', '', '2019-02-26 08:18:20', '0000-00-00 00:00:00'),
(167, '23697108', ' ', 'BIFS SMOKE AND RESTAURANT', 'CASHIER', 'SUNSHINE', 'MANALAC', 'CHANTENGCO', '345 PULANG SANTOL PORAC PAMPANGA', '1996-07-29', '', 22, 'FEMALE', '09302726631', 'SUNSHINE  CHANTENGCO', '', '', '2019-02-26 08:22:47', '0000-00-00 00:00:00'),
(169, '21065374', ' ', 'CONTIS', 'JR KITCHEN ASSISTEANT', 'RUTH ANN', 'REYES', 'TIATLO', 'CALLE 38 XEVERA BACOLOR PAMPANGA', '1986-11-03', '', 32, 'FEMALE', '09185243701', 'SELF PAY', '', '', '2019-02-26 08:31:37', '0000-00-00 00:00:00'),
(170, '15946802', ' ', 'JOB CLEAN', 'HOUSEKEEPING', 'JOEL', 'GONZALES', 'DAVID', 'BAMBAN TARLAC', '1988-04-24', '', 30, 'MALE', '09077520152', 'SELF PAY', '', '', '2019-02-26 08:40:50', '0000-00-00 00:00:00'),
(171, '45201376', ' ', 'SUSIES CUISINE', 'DRIVER', 'FRANKLIN', 'DELA CRUZ', 'VILORIA', 'PULUNG MARAGUL ANGELES CITY', '1981-07-29', '', 37, 'MALE', '09309451942', 'FRANKLIN VILORIA', '', '', '2019-02-26 08:47:25', '0000-00-00 00:00:00'),
(172, '05742693', ' ', '', '', 'NELMIDA', 'CASUPAS', 'MINLUZ', 'BALIBAGO ANGELES CITY', '1993-02-04', '', 26, 'FEMALE', '09386297665', 'SELF PAY', '', '', '2019-02-26 09:03:23', '0000-00-00 00:00:00'),
(173, '29561704', ' ', 'CONTIS', 'DININF ASSISTAANT', 'CHELSIE ANNE', 'OLINO', 'MAGAT', 'SAN FERNANDO PAMPANGA', '1996-05-25', '', 22, 'FEMALE', '09068752700', 'SELF PAY', '', '', '2019-02-26 09:09:45', '0000-00-00 00:00:00'),
(174, '45093172', ' ', 'CONTIS', 'KITCHEN ASSISTANT', 'ELAINE', 'BERNARDO', 'FALCULAN', 'SAN FERNANDO PAMPANGA', '1996-06-19', '', 22, 'FEMALE', '09066815393', 'SELF PAY', '', '', '2019-02-26 09:16:19', '0000-00-00 00:00:00'),
(175, '13765492', ' ', '', '', 'ANNA', 'BERASIS', 'FORTUNA', 'VILLASOL SUBDIVISION', '1991-08-18', '', 27, 'FEMALE', '09169792946', 'SELF PAY', '', '', '2019-02-26 09:30:48', '0000-00-00 00:00:00'),
(176, '18279645', ' ', 'HAUSLAND DEVELOPMENT', 'HOUSEKEEPING', 'ANTHONY', 'LUMANLAN', 'OLEA', 'CUAYAN ANGELES CITY', '1991-12-01', '', 27, 'MALE', '09974084640', 'SELF PAY', '', '', '2019-02-26 09:33:36', '0000-00-00 00:00:00'),
(177, '29481576', ' ', 'HAUSLAND', 'HOUSEKEEPING', 'KC JOHN', 'ALVAREZ', 'CUNANAN', 'PORAC PAMPANGA', '1996-01-02', '', 23, 'MALE', '09553640874`', 'SELF PAY', '', '', '2019-02-26 09:37:48', '0000-00-00 00:00:00'),
(178, '91452803', ' ', 'HAUSLAND', 'HOUSEKEEPING', 'RODEL', 'MALLARI', 'IGNACIO', 'CUAYAN ANGELES CITY', '1988-03-08', '', 30, 'MALE', '09499874727', 'SELF PAY', '', '', '2019-02-26 09:43:36', '0000-00-00 00:00:00'),
(179, '17560498', ' ', 'CONTIS', 'JR KITCHEN ASSISTANT', 'JAMILLE ANN', 'DELA CRUZ', 'GAA', 'PULUNG CACUTUD AC', '1997-02-11', '', 22, 'FEMALE', '09995524741', 'SELF PAY', '', '', '2019-02-26 10:06:17', '0000-00-00 00:00:00'),
(180, '74026819', ' ', 'BIFS SMOKE GRILL AND RESTAURANT', 'KITCHEN HELPER', 'HEIDEE', 'TIMPUG', 'BUNDALIAN', 'ANGELES CITY', '1978-04-24', '', 40, 'FEMALE', '09498897396', 'SELF PAY', '', '', '2019-02-26 10:29:37', '0000-00-00 00:00:00'),
(181, '81675349', ' ', '', '', 'LIGAYA', 'BACANI', 'MARCELO', 'MALABANSAS ANGELES CITY', '1952-07-26', '', 66, 'FEMALE', '09350482377', '', '', '', '2019-02-26 10:59:19', '0000-00-00 00:00:00'),
(182, '84930516', ' ', 'LEMONCHILL', 'FOOD HANDLE', 'ANGIE LEA', 'PERMISON', 'DE VERA', 'URDANETA, PANGASINAN', '1990-01-13', '', 29, 'FEMALE', '09484505489', 'ANGIE LEA DE VERA', '', '', '2019-02-26 11:17:20', '0000-00-00 00:00:00'),
(183, '06247185', ' ', 'CORNERSTONE BUILDING SERVICES', 'CIVIL ENGINEER/STRUCTURAL', 'ELAINE', 'ASCAOILI', 'LOPEZ', 'SAN JOSE FLORIDABLANCA', '1988-11-14', '', 30, 'FEMALE', '09234024082', '', '', '', '2019-02-26 12:00:27', '0000-00-00 00:00:00'),
(184, '52861793', ' ', 'SUTHERLAND GLOBAL SERVICES', 'CSR', 'JASON', 'TAYCO', 'ALEJO', 'M RECTO ANGELES CITY', '1993-05-08', '', 25, 'MALE', '09566523922', 'SELF PAY', '', '', '2019-02-26 12:28:58', '0000-00-00 00:00:00'),
(185, '68479012', ' ', '', '', 'KATHLEEN JOY', 'D', 'CUNANAN', 'BIG TOMMY RESORT', '1996-11-27', '', 22, 'FEMALE', '', 'SELF PAY', '', '', '2019-02-26 12:37:42', '0000-00-00 00:00:00'),
(186, '37562184', ' ', '', '', 'LAISEL PATTY', 'MACATBAG', 'CASTRO', 'RECTO ANGELES CITY', '1993-08-21', '', 25, 'FEMALE', '09289607809', 'SELF PAY', '', '', '2019-02-26 12:41:31', '0000-00-00 00:00:00'),
(187, '56012834', ' ', 'HMWS', 'PRODUCTION STAFF', 'ROMULO JR', 'VALENCIA', 'CULLADO', 'SAPANG BATO', '1985-04-29', '', 33, 'MALE', '09977692681', 'SELF PAY', '', '', '2019-02-26 12:55:01', '0000-00-00 00:00:00'),
(188, '73169408', ' ', '', '', 'ARNOLD', 'SAN BUENAVENTURA', 'ORONAN', 'BACOLOR PAMPANGA', '1973-01-05', '', 46, 'MALE', '09058465388', 'SELF PAY', '', '', '2019-02-26 13:03:48', '0000-00-00 00:00:00'),
(189, '07698214', ' ', '', '', 'JUDD KARLO', 'LIMIN', 'DE GUZMAN', 'ABACAN MALABANIAS', '2008-10-22', '', 10, 'MALE', '09064292003', 'JUDD KARLO DE GUZMAN', '', '', '2019-02-26 13:12:30', '0000-00-00 00:00:00'),
(190, '74953820', ' ', '', '', 'NOVA', 'FLORES', 'ACOSTA', 'VILLA GARMA', '1985-11-14', '', 33, 'FEMALE', '09085927955', 'SELFPAY', '', '', '2019-02-26 13:38:01', '0000-00-00 00:00:00'),
(191, '21709864', ' ', '', '', 'RECILME', 'ESTEVES', 'DIaz', 'PORAC PAMPANGA', '1994-09-04', '', 24, 'FEMALE', '09430722944', '', '', '', '2019-02-26 13:47:03', '0000-00-00 00:00:00'),
(192, '61752048', ' ', 'CONTIS', 'LINE COOK', 'RAYMOND JAN', 'ROJAS', 'LAPUZ', 'FIL HOMES', '1996-06-24', '', 22, 'MALE', '09773844132', 'SELF PAY', '', '', '2019-02-26 13:53:58', '2019-02-27 16:43:43'),
(193, '61438209', ' ', '', '', 'RAFAEL', 'SERRANO', 'RAMOS', 'DIAMOND SUBD ANGELES CITY', '1997-09-28', '', 21, 'MALE', '0999527664', 'SELF PAY', '', '', '2019-02-26 14:15:46', '0000-00-00 00:00:00'),
(194, '61057948', ' ', 'JOBCLEAN', 'HOUSEKEEPING', 'JUMAR', 'BORERES', 'SABLAY', 'BAGONG SILANG ANGELES CITY', '1993-09-29', '', 25, 'MALE', '09482824709', 'SELF PAY', '', '', '2019-02-26 14:40:06', '0000-00-00 00:00:00'),
(195, '01386297', ' ', 'PHILLIES SPORTS BAR AND GRILL', 'FOOD HANDLER', 'JOAN', 'ESTRELLA', 'CALAMBO', 'FRIENDSHIP PLAZA', '1981-07-16', '', 37, 'FEMALE', '09081864325', 'SELF PAY', '', '', '2019-02-26 15:12:14', '0000-00-00 00:00:00'),
(196, '96028315', ' ', 'OLD STREET BALIBAGO ANGELES CITY', 'FOOD HANDLER', 'RANCY ', 'ARILESGADO', 'DELA PEA', 'MABALACAT PAMPANGA', '1990-10-23', '', 28, 'FEMALE', '09706406604', 'RANCY  DELA PEA', '', '', '2019-02-26 15:19:53', '0000-00-00 00:00:00'),
(197, '67082594', ' ', '', '', 'CARLO LOIE', 'OLALIA', 'SANTOS', 'HENSON VILLE HOME ANGELES CITY', '1991-12-08', '', 27, 'MALE', '09165045985', 'CARLO LOIE SANTOS', '', '', '2019-02-26 15:27:15', '0000-00-00 00:00:00'),
(198, '02948567', ' ', 'FORTUNE TEA HOUSE', 'MAINTENANCE', 'ELISEO', 'DELA PEA', 'CUNANAN', '7640 MT. MAYON ST., TALIMUNDOK, DAU, MABALACAT, PAMPANGA', '1977-10-01', '', 41, 'MALE', '', 'ELISEO CUNANAN', '', '', '2019-02-27 09:23:41', '0000-00-00 00:00:00'),
(199, '95746201', ' ', 'CONTIS', 'KA-RICER', 'KRISTINE', 'GALICIA', 'GONZALES', '59-B DON MANUEL, PULUNG MARAGUL, ANGELES CITY', '1989-01-04', '', 30, 'FEMALE', '09650685922', 'KRISTINE GONZALES', '', '', '2019-02-27 09:33:13', '0000-00-00 00:00:00'),
(200, '40936571', ' ', 'FIESTA COMMUNITIES', 'RECEPTIONIST', 'ARIAN KIT', 'SAGAD', 'TOMPONG', 'BLK 15, LOT 46, MASAYAHIN ST., PH. III, FIESTA COM. TABUN, MABALACAT, PAMPANGA', '1989-10-22', '', 29, 'FEMALE', '09559617167', 'ARIAN KIT TAMPONG', '', '', '2019-02-27 09:38:25', '2019-02-27 10:08:48'),
(201, '49810763', ' ', 'CONTIS', 'COUNTER ASSISTANT', 'RYANN', 'CALDERON', 'LONTOC', '255 LOURDES ST. SAN JUAN, APALIT PAMPANGA PHL 2006', '1981-02-24', '', 38, 'FEMALE', '09206299895', 'RYANN LONTOC', '', '', '2019-02-27 09:58:56', '0000-00-00 00:00:00'),
(202, '87043962', ' ', 'JOEL I. FELICIANO, MD', ' ', 'RAY ANTHONY', 'TECSON', 'DELA CRUZ', '815 MAGSAYSAY ST. DAU, MABALACAT CITY', '1980-11-04', '', 38, 'MALE', '0915-303-7329', 'JOEL I. FELICIANO, MD', '', '', '2019-02-27 10:08:08', '0000-00-00 00:00:00'),
(203, '04851673', ' ', 'CALFURN', 'FRAME', 'DARLY', 'REYES', 'ALEDO', '1712 J. SURLA ST., EL CANO, PULUNG BULU, ANGELES CITY', '1989-09-29', '', 29, 'MALE', '09107001862', 'DARLY ALEDO', '', '', '2019-02-27 10:14:08', '0000-00-00 00:00:00'),
(204, '59284310', ' ', 'ARAGAJON SPECIALTY FOODS, INC.', 'JR DINING ASSISTANT', 'JOHN PAUL', 'OCAMPO', 'LANSANG', 'MADAPDAP RESETTLEMENT, MABALACAT PAMPANGA', '1995-01-12', 'lansangJP@gmail.com', 24, 'MALE', '09155803002', 'JOHN PAUL LANSANG', '', '', '2019-02-27 10:19:18', '0000-00-00 00:00:00'),
(205, '49108536', ' ', 'ENVY BISTRO SPORTS SUITES', 'WAITRESS', 'KRISTINE', 'MINA', 'SINAMBAN', 'BALINGCANAWAY, TARLAC CITY', '1994-09-30', '', 24, 'FEMALE', '09071078345', 'KRISTINE SINAMBAN', '', '', '2019-02-27 11:07:22', '0000-00-00 00:00:00'),
(206, '90875126', ' ', 'WALK-IN', '', 'TORIO', 'PAMINTUAN', 'YVES', 'ANGELES CITY', '1993-03-24', 'YVES_EMPLOYED@YAHOO.COM', 25, 'MALE', '09977214090', 'WALK-IN', '', '', '2019-02-28 07:09:38', '0000-00-00 00:00:00'),
(207, '76042391', ' ', 'WALK-IN', '', 'LETICIA', 'G.', 'CRUZ', 'BALIBAGO ANGELES CITY', '1953-12-25', '', 65, 'FEMALE', '', 'WALK-IN', '', '', '2019-02-28 07:45:01', '0000-00-00 00:00:00'),
(208, '82519367', ' ', 'HAUSLAND', 'CARPENTER', 'ANTHONY', 'MANLUNGAT', 'PALEVINO', 'SITIO LAYAK ANUPUL BAMBAN TARLAC', '1992-10-30', '-', 26, 'MALE', '09466928043', '-', '', '-', '2019-02-28 07:54:32', '0000-00-00 00:00:00'),
(209, '74291650', ' ', 'HAUSLAND', 'SKILLED', 'ARIEL', 'ANTONIO', 'BUAN', 'MACAPAGAL VILLAGE', '1990-12-14', '-', 28, 'MALE', '09675124616', '-', '', '-', '2019-02-28 08:03:11', '0000-00-00 00:00:00');

-- --------------------------------------------------------

--
-- Table structure for table `qpd_pdfresult`
--

CREATE TABLE `qpd_pdfresult` (
  `id` int(11) NOT NULL,
  `Receipient` varchar(50) NOT NULL,
  `Title` varchar(50) NOT NULL,
  `ResultFiles` varchar(100) NOT NULL,
  `SendDate` timestamp NOT NULL DEFAULT CURRENT_TIMESTAMP
) ENGINE=InnoDB DEFAULT CHARSET=latin1;

-- --------------------------------------------------------

--
-- Table structure for table `qpd_pe`
--

CREATE TABLE `qpd_pe` (
  `PExamID` int(13) NOT NULL,
  `TransactionID` int(13) UNSIGNED ZEROFILL NOT NULL,
  `PatientID` int(13) NOT NULL,
  `skin` varchar(255) NOT NULL,
  `hn` varchar(255) NOT NULL,
  `cbl` varchar(255) NOT NULL,
  `ch` varchar(255) NOT NULL,
  `abdo` varchar(255) NOT NULL,
  `extre` varchar(255) NOT NULL,
  `ot` varchar(255) NOT NULL,
  `find` varchar(255) NOT NULL,
  `Doctor` varchar(255) NOT NULL,
  `License` int(22) NOT NULL,
  `CreationDate` datetime NOT NULL DEFAULT CURRENT_TIMESTAMP,
  `DateUpdate` datetime NOT NULL
) ENGINE=InnoDB DEFAULT CHARSET=latin1;

--
-- Dumping data for table `qpd_pe`
--

INSERT INTO `qpd_pe` (`PExamID`, `TransactionID`, `PatientID`, `skin`, `hn`, `cbl`, `ch`, `abdo`, `extre`, `ot`, `find`, `Doctor`, `License`, `CreationDate`, `DateUpdate`) VALUES
(1, 0000000000052, 48, 'YES', 'YES', 'YES', 'YES', 'YES', 'YES', '', '', 'FROILAN A. CANLAS, M.D.', 82498, '2019-02-19 08:35:22', '0000-00-00 00:00:00'),
(2, 0000000000054, 49, 'YES', 'YES', 'YES', 'YES', 'YES', 'YES', '', '', 'FROILAN A. CANLAS, M.D.', 82498, '2019-02-19 08:39:47', '0000-00-00 00:00:00'),
(3, 0000000000057, 50, 'YES', 'YES', 'YES', 'YES', 'YES', 'YES', '', '', 'FROILAN A. CANLAS, M.D.', 82498, '2019-02-19 09:08:07', '0000-00-00 00:00:00'),
(4, 0000000000058, 53, 'YES', 'YES', 'YES', 'YES', 'YES', 'YES', '', '', 'FROILAN A. CANLAS, M.D.', 82498, '2019-02-19 09:20:13', '0000-00-00 00:00:00'),
(5, 0000000000055, 52, 'YES', 'YES', 'YES', 'YES', 'YES', 'YES', '', '', 'FROILAN A. CANLAS, M.D.', 82498, '2019-02-19 09:22:44', '0000-00-00 00:00:00'),
(6, 0000000000056, 51, 'YES', 'YES', 'YES', 'YES', 'YES', 'YES', '', '', 'FROILAN A. CANLAS, M.D.', 82498, '2019-02-19 09:24:58', '0000-00-00 00:00:00'),
(7, 0000000000060, 55, 'YES', 'YES', 'YES', 'YES', 'YES', 'YES', '', '', 'FROILAN A. CANLAS, M.D.', 82498, '2019-02-19 10:49:26', '0000-00-00 00:00:00'),
(8, 0000000000065, 60, 'YES', 'YES', 'YES', 'YES', 'YES', 'YES', '', '', 'FROILAN A. CANLAS, M.D.', 82498, '2019-02-20 07:21:55', '0000-00-00 00:00:00'),
(9, 0000000000063, 58, 'YES', 'YES', 'YES', 'YES', 'YES', 'YES', '', '', 'FROILAN A. CANLAS, M.D.', 82498, '2019-02-20 07:22:56', '0000-00-00 00:00:00'),
(10, 0000000000062, 57, 'YES', 'YES', 'YES', 'YES', 'YES', 'YES', '', '', 'FROILAN A. CANLAS, M.D.', 82498, '2019-02-20 07:24:01', '0000-00-00 00:00:00'),
(11, 0000000000064, 59, 'YES', 'YES', 'YES', 'YES', 'YES', 'YES', '', '', 'FROILAN A. CANLAS, M.D.', 82498, '2019-02-20 07:25:05', '0000-00-00 00:00:00'),
(12, 0000000000066, 61, 'YES', 'YES', 'YES', 'YES', 'YES', 'YES', '', '', 'FROILAN A. CANLAS, M.D.', 82498, '2019-02-20 07:26:14', '0000-00-00 00:00:00'),
(13, 0000000000068, 63, 'YES', 'YES', 'YES', 'YES', 'YES', 'YES', '', '', 'FROILAN A. CANLAS, M.D.', 82498, '2019-02-20 07:30:36', '0000-00-00 00:00:00'),
(14, 0000000000067, 62, 'YES', 'YES', 'YES', 'YES', 'YES', 'YES', '', '', 'FROILAN A. CANLAS, M.D.', 82498, '2019-02-20 07:34:51', '0000-00-00 00:00:00'),
(15, 0000000000069, 64, 'YES', 'YES', 'YES', 'YES', 'YES', 'YES', '', '', 'FROILAN A. CANLAS, M.D.', 82498, '2019-02-20 08:01:40', '0000-00-00 00:00:00'),
(16, 0000000000070, 65, 'YES', 'YES', 'YES', 'YES', 'YES', 'YES', '', '', 'FROILAN A. CANLAS, M.D.', 82498, '2019-02-20 08:05:34', '0000-00-00 00:00:00'),
(17, 0000000000071, 66, 'YES', 'YES', 'YES', 'YES', 'YES', 'YES', '', '', 'FROILAN A. CANLAS, M.D.', 82498, '2019-02-20 08:16:44', '0000-00-00 00:00:00'),
(18, 0000000000075, 69, 'YES', 'YES', 'YES', 'YES', 'YES', 'YES', '', '', 'FROILAN A. CANLAS, M.D.', 82498, '2019-02-20 09:00:31', '0000-00-00 00:00:00'),
(19, 0000000000074, 68, 'YES', 'YES', 'YES', 'YES', 'YES', 'YES', '', '', 'FROILAN A. CANLAS, M.D.', 82498, '2019-02-20 09:03:55', '0000-00-00 00:00:00'),
(20, 0000000000076, 70, 'YES', 'YES', 'YES', 'YES', 'YES', 'YES', '', '', 'FROILAN A. CANLAS, M.D.', 82498, '2019-02-20 09:06:23', '0000-00-00 00:00:00'),
(21, 0000000000077, 71, 'YES', 'YES', 'YES', 'YES', 'YES', 'YES', '', '', 'FROILAN A. CANLAS, M.D.', 82498, '2019-02-20 09:14:39', '0000-00-00 00:00:00'),
(22, 0000000000078, 72, 'YES', 'YES', 'YES', 'YES', 'YES', 'YES', '', '', 'FROILAN A. CANLAS, M.D.', 82498, '2019-02-20 09:23:31', '0000-00-00 00:00:00'),
(23, 0000000000079, 73, 'YES', 'YES', 'YES', 'YES', 'YES', 'YES', '', '', 'FROILAN A. CANLAS, M.D.', 82498, '2019-02-20 09:27:31', '0000-00-00 00:00:00'),
(24, 0000000000080, 75, 'YES', 'YES', 'YES', 'YES', 'YES', 'YES', '', '', 'FROILAN A. CANLAS, M.D.', 82498, '2019-02-20 09:30:09', '0000-00-00 00:00:00'),
(25, 0000000000081, 74, 'YES', 'YES', 'YES', 'YES', 'YES', 'YES', '', '', 'FROILAN A. CANLAS, M.D.', 82498, '2019-02-20 09:32:48', '0000-00-00 00:00:00'),
(26, 0000000000073, 67, 'YES', 'YES', 'YES', 'YES', 'YES', 'YES', '', '', 'FROILAN A. CANLAS, M.D.', 82498, '2019-02-20 09:35:50', '0000-00-00 00:00:00'),
(27, 0000000000082, 76, 'YES', 'YES', 'YES', 'YES', 'YES', 'YES', '', '', 'FROILAN A. CANLAS, M.D.', 82498, '2019-02-20 10:15:32', '0000-00-00 00:00:00'),
(28, 0000000000083, 77, 'YES', 'YES', 'YES', 'YES', 'YES', 'YES', '', '', 'FROILAN A. CANLAS, M.D.', 82498, '2019-02-20 11:23:47', '2019-02-20 11:29:00'),
(29, 0000000000084, 78, 'YES', 'YES', 'YES', 'YES', 'YES', 'YES', '', '', 'FROILAN A. CANLAS, M.D.', 82498, '2019-02-20 13:22:50', '2019-02-20 13:23:52'),
(30, 0000000000085, 79, 'YES', 'YES', 'YES', 'YES', 'YES', 'YES', '', '', 'FROILAN A. CANLAS, M.D.', 82498, '2019-02-20 15:01:04', '0000-00-00 00:00:00'),
(31, 0000000000086, 80, 'YES', 'YES', 'YES', 'YES', 'YES', 'YES', '', '', 'FROILAN A. CANLAS, M.D.', 82498, '2019-02-20 15:34:59', '0000-00-00 00:00:00'),
(32, 0000000000087, 81, 'YES', 'YES', 'YES', 'YES', 'YES', 'YES', '', '', 'FROILAN A. CANLAS, M.D.', 82498, '2019-02-20 15:43:31', '0000-00-00 00:00:00'),
(33, 0000000000088, 82, 'YES', 'YES', 'YES', 'YES', 'YES', 'YES', '', '', 'FROILAN A. CANLAS, M.D.', 82498, '2019-02-20 16:03:10', '0000-00-00 00:00:00'),
(34, 0000000000090, 85, 'YES', 'YES', 'YES', 'YES', 'YES', 'YES', '', '', 'FROILAN A. CANLAS, M.D.', 82498, '2019-02-21 07:33:02', '0000-00-00 00:00:00'),
(35, 0000000000091, 84, 'YES', 'YES', 'YES', 'YES', 'YES', 'YES', '', '', 'FROILAN A. CANLAS, M.D.', 82498, '2019-02-21 07:36:18', '0000-00-00 00:00:00'),
(36, 0000000000089, 83, 'YES', 'YES', 'YES', 'YES', 'YES', 'YES', '', '', 'FROILAN A. CANLAS, M.D.', 82498, '2019-02-21 07:38:31', '0000-00-00 00:00:00'),
(37, 0000000000092, 86, 'YES', 'YES', 'YES', 'YES', 'YES', 'YES', '', '', 'FROILAN A. CANLAS, M.D.', 82498, '2019-02-21 07:40:41', '0000-00-00 00:00:00'),
(38, 0000000000093, 87, 'YES', 'YES', 'YES', 'YES', 'YES', 'YES', '', '', 'FROILAN A. CANLAS, M.D.', 82498, '2019-02-21 07:47:09', '0000-00-00 00:00:00'),
(39, 0000000000095, 89, 'YES', 'YES', 'YES', 'YES', 'YES', 'YES', '', '', 'FROILAN A. CANLAS, M.D.', 82498, '2019-02-21 08:01:33', '0000-00-00 00:00:00'),
(40, 0000000000094, 88, 'YES', 'YES', 'YES', 'YES', 'YES', 'YES', '', '', 'FROILAN A. CANLAS, M.D.', 82498, '2019-02-21 08:06:10', '0000-00-00 00:00:00'),
(41, 0000000000098, 92, 'YES', 'YES', 'YES', 'YES', 'YES', 'YES', '', '', 'FROILAN A. CANLAS, M.D.', 82498, '2019-02-21 09:04:34', '2019-02-21 09:25:52'),
(42, 0000000000099, 93, 'YES', 'YES', 'YES', 'YES', 'YES', 'YES', '', '', 'FROILAN A. CANLAS, M.D.', 82498, '2019-02-21 09:08:07', '0000-00-00 00:00:00'),
(43, 0000000000101, 95, 'YES', 'YES', 'YES', 'YES', 'YES', 'YES', '', '', 'FROILAN A. CANLAS, M.D.', 82498, '2019-02-21 09:12:54', '0000-00-00 00:00:00'),
(44, 0000000000097, 91, 'YES', 'YES', 'YES', 'YES', 'YES', 'YES', '', '', 'FROILAN A. CANLAS, M.D.', 82498, '2019-02-21 09:15:27', '0000-00-00 00:00:00'),
(45, 0000000000100, 94, 'YES', 'YES', 'YES', 'YES', 'YES', 'YES', '', '', 'FROILAN A. CANLAS, M.D.', 82498, '2019-02-21 09:17:35', '0000-00-00 00:00:00'),
(46, 0000000000103, 97, 'YES', 'YES', 'YES', 'YES', 'YES', 'YES', '', '', 'FROILAN A. CANLAS, M.D.', 82498, '2019-02-21 09:20:41', '0000-00-00 00:00:00'),
(47, 0000000000102, 96, 'YES', 'YES', 'YES', 'YES', 'YES', 'YES', '', '', 'FROILAN A. CANLAS, M.D.', 82498, '2019-02-21 09:23:21', '0000-00-00 00:00:00'),
(48, 0000000000104, 98, 'YES', 'YES', 'YES', 'YES', 'YES', 'YES', '', '', 'FROILAN A. CANLAS, M.D.', 82498, '2019-02-21 10:16:58', '0000-00-00 00:00:00'),
(49, 0000000000105, 99, 'YES', 'YES', 'YES', 'YES', 'YES', 'YES', '', '', 'FROILAN A. CANLAS, M.D.', 82498, '2019-02-21 10:19:14', '0000-00-00 00:00:00'),
(50, 0000000000106, 100, 'YES', 'YES', 'YES', 'YES', 'YES', 'YES', '', '', 'FROILAN A. CANLAS, M.D.', 82498, '2019-02-21 10:27:12', '0000-00-00 00:00:00'),
(51, 0000000000096, 90, 'YES', 'YES', 'YES', 'YES', 'YES', 'YES', '', '', 'FROILAN A. CANLAS, M.D.', 82498, '2019-02-21 11:50:29', '0000-00-00 00:00:00'),
(52, 0000000000107, 101, 'YES', 'YES', 'YES', 'YES', 'YES', 'YES', '', '', 'FROILAN A. CANLAS, M.D.', 82498, '2019-02-21 15:01:45', '0000-00-00 00:00:00'),
(53, 0000000000108, 102, 'YES', 'YES', 'YES', 'YES', 'YES', 'YES', '', '', 'FROILAN A. CANLAS, M.D.', 82498, '2019-02-21 15:40:05', '0000-00-00 00:00:00'),
(54, 0000000000109, 103, 'YES', 'YES', 'YES', 'YES', 'YES', 'YES', '', '', 'FROILAN A. CANLAS, M.D.', 82498, '2019-02-21 16:09:34', '0000-00-00 00:00:00'),
(55, 0000000000110, 104, 'YES', 'YES', 'YES', 'YES', 'YES', 'YES', '', '', 'FROILAN A. CANLAS, M.D.', 82498, '2019-02-21 16:20:30', '0000-00-00 00:00:00'),
(56, 0000000000112, 105, 'YES', 'YES', 'YES', 'YES', 'YES', 'YES', '', '', 'FROILAN A. CANLAS, M.D.', 82498, '2019-02-21 16:23:45', '0000-00-00 00:00:00'),
(57, 0000000000111, 106, 'YES', 'YES', 'YES', 'YES', 'YES', 'YES', '', '', 'FROILAN A. CANLAS, M.D.', 82498, '2019-02-21 16:26:35', '0000-00-00 00:00:00'),
(58, 0000000000113, 107, 'YES', 'YES', 'YES', 'YES', 'YES', 'YES', '', '', 'FROILAN A. CANLAS, M.D.', 82498, '2019-02-22 08:06:09', '0000-00-00 00:00:00'),
(59, 0000000000115, 109, 'YES', 'YES', 'YES', 'YES', 'YES', 'YES', '', '', 'FROILAN A. CANLAS, M.D.', 82498, '2019-02-22 09:17:22', '0000-00-00 00:00:00'),
(60, 0000000000116, 110, 'YES', 'YES', 'YES', 'YES', 'YES', 'YES', '', '', 'FROILAN A. CANLAS, M.D.', 82498, '2019-02-22 10:21:48', '0000-00-00 00:00:00'),
(61, 0000000000118, 112, 'YES', 'YES', 'YES', 'YES', 'YES', 'YES', '', '', 'FROILAN A. CANLAS, M.D.', 82498, '2019-02-22 10:36:10', '0000-00-00 00:00:00'),
(62, 0000000000117, 111, 'YES', 'YES', 'YES', 'YES', 'YES', 'YES', '', '', 'FROILAN A. CANLAS, M.D.', 82498, '2019-02-22 10:39:37', '0000-00-00 00:00:00'),
(63, 0000000000119, 113, 'YES', 'YES', 'YES', 'YES', 'YES', 'YES', '', '', 'FROILAN A. CANLAS, M.D.', 82498, '2019-02-22 11:05:38', '0000-00-00 00:00:00'),
(64, 0000000000120, 114, 'YES', 'YES', 'YES', 'YES', 'YES', 'YES', '', '', 'FROILAN A. CANLAS, M.D.', 82498, '2019-02-22 13:59:42', '0000-00-00 00:00:00'),
(65, 0000000000121, 115, 'YES', 'YES', 'YES', 'YES', 'YES', 'YES', '', '', 'FROILAN A. CANLAS, M.D.', 82498, '2019-02-22 15:57:56', '0000-00-00 00:00:00'),
(66, 0000000000128, 122, 'YES', 'YES', 'YES', 'YES', 'YES', 'YES', '', '', 'FROILAN A. CANLAS, M.D.', 82498, '2019-02-23 09:50:12', '0000-00-00 00:00:00'),
(67, 0000000000130, 124, 'YES', 'YES', 'YES', 'YES', 'YES', 'YES', '', '', 'FROILAN A. CANLAS, M.D.', 82498, '2019-02-23 10:01:08', '0000-00-00 00:00:00'),
(68, 0000000000129, 123, 'YES', 'YES', 'YES', 'YES', 'YES', 'YES', '', '', 'FROILAN A. CANLAS, M.D.', 82498, '2019-02-23 10:03:55', '0000-00-00 00:00:00'),
(69, 0000000000131, 125, 'YES', 'YES', 'YES', 'YES', 'YES', 'YES', '', '', 'FROILAN A. CANLAS, M.D.', 82498, '2019-02-23 10:07:08', '0000-00-00 00:00:00'),
(70, 0000000000134, 130, 'YES', 'YES', 'YES', 'YES', 'YES', 'YES', '', '', 'FROILAN A. CANLAS, M.D.', 82498, '2019-02-23 15:35:32', '0000-00-00 00:00:00'),
(71, 0000000000135, 131, 'YES', 'YES', 'YES', 'YES', 'YES', 'YES', '', '', 'FROILAN A. CANLAS, M.D.', 82498, '2019-02-25 08:31:20', '0000-00-00 00:00:00'),
(72, 0000000000136, 138, 'YES', 'YES', 'YES', 'YES', 'YES', 'YES', '', '', 'FROILAN A. CANLAS, M.D.', 82498, '2019-02-25 10:06:13', '0000-00-00 00:00:00'),
(73, 0000000000138, 145, 'YES', 'YES', 'YES', 'YES', 'YES', 'YES', '', '', 'FROILAN A. CANLAS, M.D.', 82498, '2019-02-25 10:35:24', '0000-00-00 00:00:00'),
(74, 0000000000140, 147, 'YES', 'YES', 'YES', 'YES', 'YES', 'YES', '', '', 'FROILAN A. CANLAS, M.D.', 82498, '2019-02-25 11:03:05', '0000-00-00 00:00:00'),
(75, 0000000000139, 146, 'YES', 'YES', 'YES', 'YES', 'YES', 'YES', '', '', 'FROILAN A. CANLAS, M.D.', 82498, '2019-02-25 11:08:49', '0000-00-00 00:00:00'),
(76, 0000000000146, 158, 'YES', 'YES', 'YES', 'YES', 'YES', 'YES', '', '', 'FROILAN A. CANLAS, M.D.', 82498, '2019-02-25 13:42:43', '0000-00-00 00:00:00'),
(77, 0000000000150, 163, 'YES', 'YES', 'YES', 'YES', 'YES', 'YES', '', '', 'FROILAN A. CANLAS, M.D.', 82498, '2019-02-26 08:18:42', '0000-00-00 00:00:00'),
(78, 0000000000154, 169, 'YES', 'YES', 'YES', 'YES', 'YES', 'YES', '', '', 'FROILAN A. CANLAS, M.D.', 82498, '2019-02-26 08:40:52', '0000-00-00 00:00:00'),
(79, 0000000000155, 170, 'YES', 'YES', 'YES', 'YES', 'YES', 'YES', '', '', 'FROILAN A. CANLAS, M.D.', 82498, '2019-02-26 09:20:38', '0000-00-00 00:00:00'),
(80, 0000000000160, 174, 'YES', 'YES', 'YES', 'YES', 'YES', 'YES', '', '', 'FROILAN A. CANLAS, M.D.', 82498, '2019-02-26 09:25:51', '0000-00-00 00:00:00'),
(81, 0000000000156, 171, 'YES', 'YES', 'YES', 'YES', 'YES', 'YES', '', '', 'FROILAN A. CANLAS, M.D.', 82498, '2019-02-26 09:46:35', '0000-00-00 00:00:00'),
(82, 0000000000159, 173, 'YES', 'YES', 'YES', 'YES', 'YES', 'YES', '', '', 'FROILAN A. CANLAS, M.D.', 82498, '2019-02-26 09:50:20', '0000-00-00 00:00:00'),
(83, 0000000000162, 177, 'YES', 'YES', 'YES', 'YES', 'YES', 'YES', '', '', 'FROILAN A. CANLAS, M.D.', 82498, '2019-02-26 10:07:54', '0000-00-00 00:00:00'),
(84, 0000000000161, 176, 'YES', 'YES', 'YES', 'YES', 'YES', 'YES', '', '', 'FROILAN A. CANLAS, M.D.', 82498, '2019-02-26 10:14:46', '0000-00-00 00:00:00'),
(85, 0000000000163, 178, 'YES', 'YES', 'YES', 'YES', 'YES', 'YES', '', '', 'FROILAN A. CANLAS, M.D.', 82498, '2019-02-26 10:16:46', '0000-00-00 00:00:00'),
(86, 0000000000164, 179, 'YES', 'YES', 'YES', 'YES', 'YES', 'YES', '', '', 'FROILAN A. CANLAS, M.D.', 82498, '2019-02-26 10:22:40', '0000-00-00 00:00:00'),
(87, 0000000000168, 183, 'YES', 'YES', 'YES', 'YES', 'YES', 'YES', '', '', 'FROILAN A. CANLAS, M.D.', 82498, '2019-02-26 12:21:58', '0000-00-00 00:00:00'),
(88, 0000000000185, 195, 'YES', 'YES', 'YES', 'YES', 'YES', 'YES', '', '', 'FROILAN A. CANLAS, M.D.', 82498, '2019-02-26 15:28:54', '0000-00-00 00:00:00'),
(89, 0000000000184, 194, 'YES', 'YES', 'YES', 'YES', 'YES', 'YES', '', '', 'FROILAN A. CANLAS, M.D.', 82498, '2019-02-26 15:35:01', '0000-00-00 00:00:00'),
(90, 0000000000183, 192, 'YES', 'YES', 'YES', 'YES', 'YES', 'YES', '', '', 'FROILAN A. CANLAS, M.D.', 82498, '2019-02-26 15:36:21', '0000-00-00 00:00:00'),
(91, 0000000000187, 196, 'YES', 'YES', 'YES', 'YES', 'YES', 'YES', '', '', 'FROILAN A. CANLAS, M.D.', 82498, '2019-02-26 15:45:16', '0000-00-00 00:00:00'),
(92, 0000000000188, 198, 'YES', 'YES', 'YES', 'YES', 'YES', 'YES', '', '', 'FROILAN A. CANLAS, M.D.', 82498, '2019-02-27 09:34:55', '0000-00-00 00:00:00'),
(93, 0000000000189, 199, 'YES', 'YES', 'YES', 'YES', 'YES', 'YES', '', '', 'FROILAN A. CANLAS, M.D.', 82498, '2019-02-27 10:01:38', '0000-00-00 00:00:00'),
(94, 0000000000190, 200, 'YES', 'YES', 'YES', 'YES', 'YES', 'YES', '', '', 'FROILAN A. CANLAS, M.D.', 82498, '2019-02-27 10:04:19', '0000-00-00 00:00:00'),
(95, 0000000000191, 201, 'YES', 'YES', 'YES', 'YES', 'YES', 'YES', '', '', 'FROILAN A. CANLAS, M.D.', 82498, '2019-02-27 10:18:34', '0000-00-00 00:00:00'),
(96, 0000000000195, 205, 'YES', 'YES', 'YES', 'YES', 'YES', 'YES', '', '', 'FROILAN A. CANLAS, M.D.', 82498, '2019-02-27 11:44:28', '0000-00-00 00:00:00');

-- --------------------------------------------------------

--
-- Table structure for table `qpd_sendemail`
--

CREATE TABLE `qpd_sendemail` (
  `SendEmailID` int(11) NOT NULL,
  `PatientID` int(11) NOT NULL,
  `TransactionID` int(11) NOT NULL,
  `RecipientsEmail` varchar(255) NOT NULL,
  `Subject` varchar(100) NOT NULL,
  `CreatedOn` datetime NOT NULL DEFAULT CURRENT_TIMESTAMP,
  `CreatedBy` varchar(50) NOT NULL,
  `ModifiedOn` datetime NOT NULL,
  `ModifiedBy` int(11) NOT NULL
) ENGINE=InnoDB DEFAULT CHARSET=latin1;

-- --------------------------------------------------------

--
-- Table structure for table `qpd_trans`
--

CREATE TABLE `qpd_trans` (
  `TransactionID` int(13) UNSIGNED ZEROFILL NOT NULL,
  `TransactionRef` varchar(50) NOT NULL,
  `PatientID` int(13) NOT NULL,
  `TransactionType` varchar(50) NOT NULL,
  `Cashier` varchar(50) NOT NULL,
  `ItemID` varchar(100) NOT NULL,
  `ItemQTY` varchar(50) NOT NULL,
  `Biller` varchar(50) NOT NULL,
  `TotalPrice` varchar(50) NOT NULL,
  `PaidIn` varchar(50) NOT NULL,
  `Discount` varchar(50) NOT NULL,
  `PaidOut` varchar(50) NOT NULL,
  `GrandTotal` varchar(50) NOT NULL,
  `TransactionDate` datetime NOT NULL DEFAULT CURRENT_TIMESTAMP,
  `status` int(11) NOT NULL DEFAULT '0',
  `SalesType` varchar(100) NOT NULL DEFAULT 'sales',
  `LOE` varchar(100) NOT NULL,
  `AN` varchar(100) NOT NULL,
  `AC` varchar(100) NOT NULL,
  `Notes` varchar(255) NOT NULL
) ENGINE=InnoDB DEFAULT CHARSET=latin1 ROW_FORMAT=COMPACT;

--
-- Dumping data for table `qpd_trans`
--

INSERT INTO `qpd_trans` (`TransactionID`, `TransactionRef`, `PatientID`, `TransactionType`, `Cashier`, `ItemID`, `ItemQTY`, `Biller`, `TotalPrice`, `PaidIn`, `Discount`, `PaidOut`, `GrandTotal`, `TransactionDate`, `status`, `SalesType`, `LOE`, `AN`, `AC`, `Notes`) VALUES
(0000000000001, '48927513', 1, 'ACCOUNT', 'CashCashier', '41', '1', 'DR. FROILAN CANLAS, M.D', '650', '', '0', '', '650', '2019-02-04 08:02:47', 1, 'sales', '', '', '', ''),
(0000000000002, '59243710', 2, 'CASH', 'ITDev', '304,316', '1,1', '', '200', '200', '0,0', '0', '200', '2019-02-05 09:41:20', 1, 'sales', '', '', '', ''),
(0000000000003, '07491538', 3, 'CASH', 'ITDev', '304', '1', 'DR. FROILAN CANLAS, M.D.', '125', '200', '0', '75', '125', '2019-02-05 09:57:11', 1, 'sales', '', '', '', ''),
(0000000000004, '95623810', 1, 'CASH', 'Timothy', '45', '1', 'BICYCLE POKER', '350', '500', '0', '150', '350', '2019-02-07 13:55:54', 1, 'sales', '', '', '', ''),
(0000000000005, '73516482', 2, 'CASH', 'Timothy', '117', '1', 'WALK-IN', '600', '600', '0', '0', '600', '2019-02-07 14:11:23', 1, 'sales', '', '', '', ''),
(0000000000006, '65423809', 3, 'CASH', 'Timothy', '349', '1', 'WALK-IN', '300', '300', '0', '0', '300', '2019-02-07 14:17:40', 1, 'sales', '', '', '', ''),
(0000000000007, '45839016', 4, 'CASH', 'Timothy', '349', '1', 'WALK-IN', '300', '300', '0', '0', '300', '2019-02-07 14:22:53', 1, 'sales', '', '', '', ''),
(0000000000008, '59326041', 5, 'CASH', 'Timothy', '40', '1', 'WALKIN', '500', '1000', '0', '500', '500', '2019-02-07 14:30:54', 1, 'sales', '', '', '', ''),
(0000000000009, '09845132', 6, 'CASH', 'Timothy', '514,359', '1,1', 'MELINDA TOLENTINO', '140', '200', '0,0', '60', '140', '2019-02-07 14:42:01', 1, 'sales', '', '', '', ''),
(0000000000010, '26437850', 7, 'CASH', 'Timothy', '562,253', '2,2', 'WALK-IN', '420', '1000', '0,0', '580', '420', '2019-02-07 15:13:14', 1, 'sales', '', '', '', ''),
(0000000000011, '14695802', 8, 'CASH', 'Timothy', '47', '1', 'WALK-IN', '600', '600', '0', '0', '600', '2019-02-07 15:21:36', 1, 'sales', '', '', '', ''),
(0000000000012, '92560817', 9, 'CASH', 'Timothy', '79', '1', 'ENVY BISTRO SPORT SNITES', '600', '1000', '0', '400', '600', '2019-02-07 15:30:20', 1, 'sales', '', '', '', ''),
(0000000000013, '61789504', 10, 'CASH', 'Timothy', '316', '1', 'DR. FROILAN CANLAS, M.D.', '75', '75', '0', '0', '75', '2019-02-07 16:04:15', 1, 'sales', '', '', '', ''),
(0000000000015, '81734256', 12, 'CASH', 'Timothy', '39', '1', 'METRO MALL', '275', '500', '0', '225', '275', '2019-02-08 12:46:36', 1, 'sales', '', '', '', ''),
(0000000000016, '12456780', 13, 'CASH', 'Timothy', '349', '1', 'WALK-IN', '300', '500', '0', '200', '300', '2019-02-08 13:03:26', 1, 'sales', '', '', '', ''),
(0000000000017, '70148365', 14, 'CASH', 'Timothy', '40,517', '1,1', 'GOOKJE', '590', '600', '0,0', '10', '590', '2019-02-08 13:36:42', 1, 'sales', '', '', '', ''),
(0000000000018, '64397125', 15, 'CASH', 'Timothy', '304', '1', 'WALK-IN', '125', '1000', '0', '875', '125', '2019-02-08 13:43:32', 1, 'sales', '', '', '', ''),
(0000000000019, '71638295', 16, 'CASH', 'Timothy', '40', '1', 'QUICK MINDS', '500', '500', '0', '0', '500', '2019-02-08 14:01:29', 1, 'sales', '', '', '', ''),
(0000000000020, '62071358', 17, 'CASH', 'Timothy', '316', '1', 'DR. FROILAN CANLAS, M.D.', '60', '60', '20', '0', '60', '2019-02-09 07:05:57', 1, 'sales', '', '', '', ''),
(0000000000021, '53278904', 18, 'CASH', 'Timothy', '479,478,422,358', '1,1,1,1', 'DR. R. NUDO, M.D.', '725', '1000', '0,0,0,0', '275', '725', '2019-02-09 07:25:07', 1, 'sales', '', '', '', ''),
(0000000000023, '65042387', 20, 'CASH', 'Timothy', '304,563,316', '1,1,1', 'WALK-IN', '400', '500', '0,0,0', '100', '400', '2019-02-09 12:29:59', 1, 'sales', '', '', '', ''),
(0000000000024, '63492071', 21, 'CASH', 'Timothy', '514,304', '1,1', 'WALK-IN', '200', '200', '0,0', '0', '200', '2019-02-09 12:37:38', 1, 'sales', '', '', '', ''),
(0000000000025, '04851263', 22, 'CASH', 'Timothy', '565', '1', 'WALK-IN', '200', '500', '0', '300', '200', '2019-02-09 13:02:23', 1, 'sales', '', '', '', ''),
(0000000000026, '90861534', 23, 'CASH', 'Timothy', '316', '1', 'WALK-IN', '75', '75', '0', '0', '75', '2019-02-11 06:55:12', 1, 'sales', '', '', '', ''),
(0000000000027, '90861534', 23, 'CASH', 'Timothy', '316', '1', 'WALK-IN', '75', '75', '0', '0', '75', '2019-02-11 06:55:12', 1, 'sales', '', '', '', ''),
(0000000000028, '97236140', 24, 'CASH', 'Timothy', '382,316,325,358', '1,1,1,1', 'WALK-IN', '700', '700', '0,20,20,20', '0', '700', '2019-02-11 07:22:29', 1, 'sales', '', '', '', ''),
(0000000000029, '02634571', 25, 'CASH', 'Timothy', '288', '1', 'WALK-IN', '150', '500', '0', '350', '150', '2019-02-11 07:46:08', 1, 'sales', '', '', '', ''),
(0000000000030, '62930875', 26, 'CASH', 'Timothy', '32', '1', '  ', '700', '700', '0', '0', '700', '2019-02-11 08:59:40', 1, 'sales', '', '', '', ''),
(0000000000031, '50684291', 27, 'CASH', 'Timothy', '45', '1', ' ', '350', '1000', '0', '650', '350', '2019-02-11 09:19:07', 1, 'sales', '', '', '', ''),
(0000000000032, '79682310', 28, 'CASH', 'Timothy', '39', '1', ' ', '275', '500', '0', '225', '275', '2019-02-11 09:32:25', 1, 'sales', '', '', '', ''),
(0000000000033, '65217930', 29, 'CASH', 'Timothy', '39', '1', '', '275', '300', '0', '25', '275', '2019-02-11 10:00:16', 1, 'sales', '', '', '', ''),
(0000000000034, '04139578', 30, 'CASH', 'Timothy', '39', '1', '', '275', '275', '0', '0', '275', '2019-02-11 10:11:37', 1, 'sales', '', '', '', ''),
(0000000000035, '87405913', 31, 'CASH', 'Timothy', '45', '1', ' ', '350', '350', '0', '0', '350', '2019-02-11 10:21:03', 1, 'sales', '', '', '', ''),
(0000000000036, '96523481', 32, 'CASH', 'Timothy', '349', '1', 'DAE CHANG', '300', '300', '0', '0', '300', '2019-02-11 10:33:05', 1, 'sales', '', '', '', ''),
(0000000000037, '18249756', 33, 'CASH', 'Timothy', '349', '1', 'DAE CHANG', '300', '300', '0', '0', '300', '2019-02-11 10:37:21', 1, 'sales', '', '', '', ''),
(0000000000038, '01524678', 34, 'CASH', 'Timothy', '349', '1', 'DAE CHANG', '300', '300', '0', '0', '300', '2019-02-11 10:40:37', 1, 'sales', '', '', '', ''),
(0000000000039, '91270854', 35, 'CASH', 'Timothy', '349', '1', 'DAE CHANG', '300', '300', '0', '0', '300', '2019-02-11 10:42:54', 1, 'sales', '', '', '', ''),
(0000000000040, '62384597', 36, 'CASH', 'Timothy', '349', '1', 'DAE CHANG', '300', '300', '0', '0', '300', '2019-02-11 10:45:16', 1, 'sales', '', '', '', ''),
(0000000000041, '03956174', 37, 'CASH', 'Timothy', '78', '1', ' ', '700', '1000', '0', '300', '700', '2019-02-11 10:54:22', 1, 'sales', '', '', '', ''),
(0000000000042, '47206813', 38, 'CASH', 'Timothy', '316,563,304', '1,1,1', 'WALK-IN', '400', '500', '0,0,0', '100', '400', '2019-02-11 15:55:55', 1, 'sales', '', '', '', ''),
(0000000000043, '35468029', 39, 'CASH', 'Timothy', '304', '1', 'DR. ROMA SHYKA VELASQUEZ, M.D', '125', '1000', '0', '875', '125', '2019-02-12 13:27:37', 1, 'sales', '', '', '', ''),
(0000000000044, '80354796', 40, 'CASH', 'Timothy', '304,310,451,479,478,325,422,512,358', '1,1,1,1,1,1,1,1,1', 'DR. FROILAN CANLAS, M.D', '1096', '1100', '20,0,0,0,20,20,20,20,20', '4', '1096', '2019-02-14 06:46:09', 1, 'sales', '', '', '', ''),
(0000000000045, '64380192', 41, 'CASH', 'Timothy', '358', '1', 'WALK-IN', '80', '100', '0', '20', '80', '2019-02-14 07:49:10', 1, 'sales', '', '', '', ''),
(0000000000046, '57126839', 42, 'CASH', 'CashCashier', '316,358', '1,1', 'WALK-IN', '124', '200', '20,20', '76', '124', '2019-02-15 08:17:54', 1, 'sales', '', '', '', ''),
(0000000000047, '72480695', 43, 'CASH', 'CashCashier', '316,304,325,479,451,512,478,422,358,566', '1,1,1,1,1,1,1,1,1,1', '', '1535', '2000', '0,0,0,0,0,0,0,0,0,0', '465', '1535', '2019-02-15 09:06:12', 1, 'sales', '', '', '', ''),
(0000000000048, '42950738', 44, 'CASH', 'Timothy', '316', '1', 'WALK-IN', '75', '100', '0', '25', '75', '2019-02-18 11:20:22', 1, 'sales', '', '', '', ''),
(0000000000049, '18704395', 45, 'CASH', 'Timothy', '316,304,478,325,310,479,451,512,422,358', '1,1,1,1,1,1,1,1,1,1', 'WALK-IN', '1355', '1355', '0,0,0,0,0,0,0,0,0,0', '0', '1355', '2019-02-19 06:36:37', 1, 'sales', '', '', '', ''),
(0000000000050, '76534892', 46, 'CASH', 'Timothy', '479,512,422,325,358', '1,1,1,1,1', 'WALK-IN', '668', '700', '0,20,20,20,20', '32', '668', '2019-02-19 06:45:47', 1, 'sales', '', '', '', ''),
(0000000000051, '80695423', 47, 'CASH', 'Timothy', '965,304,358', '1,1,1', 'WALK-IN', '324', '324', '20,20,20', '0', '324', '2019-02-19 07:58:46', 1, 'sales', '', '', '', ''),
(0000000000052, '79106285', 48, 'CASH', 'Timothy', '1042', '1', 'JOB CLEAN', '380', '400', '0', '20', '380', '2019-02-19 08:13:32', 1, 'sales', '', '', '', ''),
(0000000000054, '49730561', 49, 'CASH', 'Timothy', '1043', '1', 'JOB CLEAN', '375', '1000', '0', '625', '375', '2019-02-19 08:28:32', 1, 'sales', '', '', '', ''),
(0000000000055, '81709653', 52, 'CASH', 'Timothy', '1043', '1', 'JOB CLEAN', '375', '400', '0', '25', '375', '2019-02-19 08:42:18', 1, 'sales', '', '', '', ''),
(0000000000056, '19763584', 51, 'CASH', 'Timothy', '1043', '1', 'JOB CLEAN', '375', '500', '0', '125', '375', '2019-02-19 08:48:34', 1, 'sales', '', '', '', ''),
(0000000000057, '09867523', 50, 'CASH', 'Timothy', '1043', '1', 'JOB CLEAN', '375', '500', '0', '125', '375', '2019-02-19 08:57:57', 1, 'sales', '', '', '', ''),
(0000000000058, '17293456', 53, 'CASH', 'Timothy', '1043', '1', 'JOB CLEAN', '375', '525', '0', '150', '375', '2019-02-19 09:03:30', 1, 'sales', '', '', '', ''),
(0000000000059, '54981076', 54, 'CASH', 'Timothy', '904,896', '1,1', 'DR. JOHN CARLO DUNGCA, M.D', '1120', '1120', '20,20', '0', '1120', '2019-02-19 09:51:30', 1, 'sales', '', '', '', ''),
(0000000000060, '80651794', 55, 'CASH', 'Timothy', '1043', '1', 'JOB CLEAN', '375', '400', '0', '25', '375', '2019-02-19 10:28:12', 1, 'sales', '', '', '', ''),
(0000000000061, '98403562', 56, 'CASH', 'Timothy', '965', '1', 'WALK-IN', '200', '200', '0', '0', '200', '2019-02-19 14:38:35', 1, 'sales', '', '', '', ''),
(0000000000062, '41698503', 57, 'CASH', 'Timothy', '1043', '1', '', '375', '375', '0', '0', '375', '2019-02-20 08:21:02', 1, 'sales', '', '', '', ''),
(0000000000063, '61592370', 58, 'CASH', 'Timothy', '1043', '1', '', '375', '375', '0', '0', '375', '2019-02-20 08:18:44', 1, 'sales', '', '', '', ''),
(0000000000064, '79132640', 59, 'CASH', 'Timothy', '1043', '1', '', '375', '375', '0', '0', '375', '2019-02-20 08:22:38', 1, 'sales', '', '', '', ''),
(0000000000065, '27561408', 60, 'CASH', 'Timothy', '1043', '1', '', '375', '375', '0', '0', '375', '2019-02-20 08:16:50', 1, 'sales', '', '', '', ''),
(0000000000066, '84692370', 61, 'CASH', 'Timothy', '1043', '1', '', '375', '375', '0', '0', '375', '2019-02-20 08:14:06', 1, 'sales', '', '', '', ''),
(0000000000067, '21854369', 62, 'CASH', 'Timothy', '1043', '1', 'JOB CLEAN', '375', '375', '0', '0', '375', '2019-02-20 07:09:17', 1, 'sales', '', '', '', ''),
(0000000000068, '17693450', 63, 'CASH', 'Timothy', '1043', '1', 'JOB CLEAN', '375', '400', '0', '25', '375', '2019-02-20 07:20:56', 1, 'sales', '', '', '', ''),
(0000000000069, '57290613', 64, 'CASH', 'Timothy', '1043', '1', '', '375', '500', '0', '125', '375', '2019-02-20 07:45:29', 1, 'sales', '', '', '', ''),
(0000000000070, '69175423', 65, 'CASH', 'Timothy', '1043', '1', 'JOB CLEAN', '375', '1000', '0', '625', '375', '2019-02-20 07:52:21', 1, 'sales', '', '', '', ''),
(0000000000071, '65108327', 66, 'CASH', 'Timothy', '1043', '1', 'JOB CLEAN', '375', '500', '0', '125', '375', '2019-02-20 08:01:32', 1, 'sales', '', '', '', ''),
(0000000000073, '93681405', 67, 'CASH', 'Timothy', '1043', '1', 'JOB CLEAN', '375', '375', '0', '0', '375', '2019-02-20 08:28:02', 1, 'sales', '', '', '', ''),
(0000000000074, '63745890', 68, 'CASH', 'Timothy', '1043', '1', 'JOB CLEAN', '375', '500', '0', '125', '375', '2019-02-20 08:29:51', 1, 'sales', '', '', '', ''),
(0000000000075, '01623795', 69, 'CASH', 'Timothy', '1043', '1', 'JOB CLEAN', '375', '500', '0', '125', '375', '2019-02-20 08:37:45', 1, 'sales', '', '', '', ''),
(0000000000076, '67819023', 70, 'CASH', 'Timothy', '1043', '1', 'JOB CLEAN', '375', '500', '0', '125', '375', '2019-02-20 08:44:00', 1, 'sales', '', '', '', ''),
(0000000000077, '15092763', 71, 'CASH', 'Timothy', '1043', '1', 'JOB CLEAN', '375', '375', '0', '0', '375', '2019-02-20 09:05:49', 1, 'sales', '', '', '', ''),
(0000000000078, '10294568', 72, 'CASH', 'Timothy', '1043', '1', 'JOB CLEAN', '375', '500', '0', '125', '375', '2019-02-20 09:08:20', 1, 'sales', '', '', '', ''),
(0000000000079, '03874562', 73, 'CASH', 'Timothy', '1043', '1', 'JOB CLEAN', '375', '400', '0', '25', '375', '2019-02-20 09:11:58', 1, 'sales', '', '', '', ''),
(0000000000080, '38456921', 75, 'CASH', 'Timothy', '1043', '1', 'JOB CLEAN', '375', '500', '0', '125', '375', '2019-02-20 09:19:25', 1, 'sales', '', '', '', ''),
(0000000000081, '19740285', 74, 'CASH', 'Timothy', '1043', '1', 'JOB CLEAN', '375', '500', '0', '125', '375', '2019-02-20 09:21:55', 1, 'sales', '', '', '', ''),
(0000000000082, '65147028', 76, 'CASH', 'Timothy', '1043', '1', 'JOB CLEAN', '375', '500', '0', '125', '375', '2019-02-20 09:49:16', 1, 'sales', '', '', '', ''),
(0000000000083, '06852793', 77, 'CASH', 'Timothy', '1043', '1', '', '375', '505', '0', '130', '375', '2019-02-20 11:12:31', 1, 'sales', '', '', '', ''),
(0000000000084, '58932741', 78, 'CASH', 'PEMain', '1043', '1', 'JOB CLEAN', '375', '500', '0', '125', '375', '2019-02-20 13:01:24', 1, 'sales', '', '', '', ''),
(0000000000085, '31976042', 79, 'CASH', 'PEMain', '1043', '1', 'JOB CLEAN', '375', '400', '0', '25', '375', '2019-02-20 14:46:36', 1, 'sales', '', '', '', ''),
(0000000000086, '16289534', 80, 'CASH', 'PEMain', '1043', '1', 'JOB CLEAN', '375', '500', '0', '125', '375', '2019-02-20 15:26:20', 1, 'sales', '', '', '', ''),
(0000000000087, '78526394', 81, 'CASH', 'PEMain', '1043', '1', 'JOB CLEAN', '375', '500', '0', '125', '375', '2019-02-20 15:34:07', 1, 'sales', '', '', '', ''),
(0000000000088, '01257463', 82, 'CASH', 'PEMain', '1043', '1', 'JOB CLEAN', '375', '500', '0', '125', '375', '2019-02-20 15:45:07', 1, 'sales', '', '', '', ''),
(0000000000089, '86405317', 83, 'CASH', 'PEMain', '1043', '1', 'JOB CLEAN', '375', '390', '0', '15', '375', '2019-02-21 07:15:24', 1, 'sales', '', '', '', ''),
(0000000000090, '78912036', 85, 'CASH', 'PEMain', '1043', '1', 'JOB CLEAN', '375', '1000', '0', '625', '375', '2019-02-21 07:28:19', 1, 'sales', '', '', '', ''),
(0000000000091, '05496823', 84, 'CASH', 'PEMain', '1043', '1', 'JOB CLEAN', '375', '375', '0', '0', '375', '2019-02-21 07:32:05', 1, 'sales', '', '', '', ''),
(0000000000092, '50897634', 86, 'CASH', 'PEMain', '1043', '1', 'JOB CLEAN', '375', '500', '0', '125', '375', '2019-02-21 07:35:12', 1, 'sales', '', '', '', ''),
(0000000000093, '19807356', 87, 'CASH', 'PEMain', '1043', '1', 'JOB CLEAN', '375', '500', '0', '125', '375', '2019-02-21 07:40:31', 1, 'sales', '', '', '', ''),
(0000000000094, '38675240', 88, 'CASH', 'PEMain', '1043', '1', 'JOB CLEAN', '375', '500', '0', '125', '375', '2019-02-21 07:44:27', 1, 'sales', '', '', '', ''),
(0000000000095, '30961785', 89, 'CASH', 'PEMain', '1043', '1', 'JOB CLEAN', '375', '1000', '0', '625', '375', '2019-02-21 07:49:36', 1, 'sales', '', '', '', ''),
(0000000000096, '01596837', 90, 'CASH', 'ITDev', '1043', '1', 'JOB CLEAN', '375', '425', '0', '50', '375', '2019-02-21 08:21:51', 1, 'sales', '', '', '', ''),
(0000000000097, '36184059', 91, 'CASH', 'ITDev', '1043', '1', 'JOB CLEAN', '375', '500', '0', '125', '375', '2019-02-21 08:27:06', 1, 'sales', '', '', '', ''),
(0000000000098, '80974235', 92, 'CASH', 'ITDev', '1043', '1', 'JOB CLEAN', '375', '1025', '0', '650', '375', '2019-02-21 08:35:43', 1, 'sales', '', '', '', ''),
(0000000000099, '13067925', 93, 'CASH', 'ITDev', '1043', '1', 'JOB CLEAN', '375', '400', '0', '25', '375', '2019-02-21 08:43:33', 1, 'sales', '', '', '', ''),
(0000000000100, '39728410', 94, 'CASH', 'ITDev', '1043', '1', 'JOB CLEAN', '375', '400', '0', '25', '375', '2019-02-21 08:48:03', 1, 'sales', '', '', '', ''),
(0000000000101, '71489302', 95, 'CASH', 'ITDev', '1043', '1', 'JOB CLEAN', '375', '400', '0', '25', '375', '2019-02-21 08:53:03', 1, 'sales', '', '', '', ''),
(0000000000102, '60152493', 96, 'CASH', 'ITDev', '1043', '1', 'JOB CLEAN', '375', '500', '0', '125', '375', '2019-02-21 08:56:34', 1, 'sales', '', '', '', ''),
(0000000000103, '79182405', 97, 'CASH', 'ITDev', '1043', '1', 'JOB CLEAN', '375', '500', '0', '125', '375', '2019-02-21 09:01:43', 1, 'sales', '', '', '', ''),
(0000000000104, '58710496', 98, 'CASH', 'ITDev', '1043', '1', 'JOB CLEAN', '375', '1000', '0', '625', '375', '2019-02-21 09:39:09', 1, 'sales', '', '', '', ''),
(0000000000105, '73514986', 99, 'CASH', 'ITDev', '1043', '1', 'JOB CLEAN', '375', '500', '0', '125', '375', '2019-02-21 09:44:59', 1, 'sales', '', '', '', ''),
(0000000000106, '85471936', 100, 'CASH', 'ITDev', '1043', '1', 'JOB CLEAN', '375', '1000', '0', '625', '375', '2019-02-21 10:10:31', 1, 'sales', '', '', '', ''),
(0000000000107, '49502176', 101, 'CASH', 'Timothy', '1043', '1', 'JOB CLEAN', '375', '500', '0', '125', '375', '2019-02-21 14:42:16', 1, 'sales', '', '', '', ''),
(0000000000108, '95132678', 102, 'CASH', 'Timothy', '1043', '1', 'JOB CLEAN', '375', '400', '0', '25', '375', '2019-02-21 15:07:02', 1, 'sales', '', '', '', ''),
(0000000000109, '32176405', 103, 'CASH', 'Timothy', '1043', '1', 'JOB CLEAN', '375', '400', '0', '25', '375', '2019-02-21 15:48:01', 1, 'sales', '', '', '', ''),
(0000000000110, '79804653', 104, 'CASH', 'Timothy', '1043', '1', 'JOB CLEAN', '375', '375', '0', '0', '375', '2019-02-21 15:55:59', 1, 'sales', '', '', '', ''),
(0000000000111, '06915387', 106, 'CASH', 'Timothy', '1043', '1', 'JOB CLEAN', '375', '500', '0', '125', '375', '2019-02-21 16:07:13', 1, 'sales', '', '', '', ''),
(0000000000112, '48069532', 105, 'CASH', 'Timothy', '1043', '1', 'JOB CLEAN', '375', '500', '0', '125', '375', '2019-02-21 16:13:49', 1, 'sales', '', '', '', ''),
(0000000000113, '64328917', 107, 'CASH', 'Timothy', '1043', '1', 'JOB CLEAN', '375', '500', '0', '125', '375', '2019-02-22 07:50:38', 1, 'sales', '', '', '', ''),
(0000000000114, '94563102', 108, 'CASH', 'Timothy', '349', '1', '', '300', '300', '0', '0', '300', '2019-02-22 08:51:20', 1, 'sales', '', '', '', ''),
(0000000000115, '05623478', 109, 'CASH', 'Timothy', '1043', '1', '', '375', '500', '0', '125', '375', '2019-02-22 09:01:01', 1, 'sales', '', '', '', ''),
(0000000000116, '08342765', 110, 'CASH', 'Timothy', '21', '1', '', '600', '1000', '0', '400', '600', '2019-02-22 10:04:00', 1, 'sales', '', '', '', ''),
(0000000000117, '45120793', 111, 'CASH', 'Timothy', '1043', '1', '', '375', '1000', '0', '625', '375', '2019-02-22 10:11:57', 1, 'sales', '', '', '', ''),
(0000000000118, '49608351', 112, 'CASH', 'Timothy', '1043', '1', '', '375', '375', '0', '0', '375', '2019-02-22 10:20:30', 1, 'sales', '', '', '', ''),
(0000000000119, '78342150', 113, 'CASH', 'Timothy', '21', '1', '', '600', '600', '0', '0', '600', '2019-02-22 10:34:12', 1, 'sales', '', '', '', ''),
(0000000000120, '62531498', 114, 'CASH', 'CashCashier', '1043', '1', 'EFRAIM C. PADILLA', '375', '500', '0', '125', '375', '2019-02-22 13:36:52', 1, 'sales', '', '', '', ''),
(0000000000121, '14860573', 115, 'CASH', 'Timothy', '1043', '1', '', '375', '400', '0', '25', '375', '2019-02-22 15:45:44', 1, 'sales', '', '', '', ''),
(0000000000122, '61423085', 116, 'CASH', 'Judy', '963', '1', '', '200', '1000', '0', '800', '200', '2019-02-23 08:16:42', 1, 'sales', '', '', '', ''),
(0000000000123, '37824159', 117, 'CASH', 'Judy', '512,325', '1,1', '', '190', '200', '0,0', '10', '190', '2019-02-23 08:31:25', 1, 'sales', '', '', '', ''),
(0000000000124, '85620931', 118, 'CASH', 'Judy', '965', '1', '', '200', '500', '0', '300', '200', '2019-02-23 08:48:51', 1, 'sales', '', '', '', ''),
(0000000000125, '58170423', 119, 'CASH', 'Judy', '366,451,479,507,368,965,913', '1,1,1,1,1,1,1', 'DR. DE GUZMAN', '2590', '3000', '0,0,0,0,0,0,0', '410', '2590', '2019-02-23 09:05:39', 1, 'sales', '', '', '', ''),
(0000000000126, '68245190', 120, 'CASH', 'Judy', '915', '1', 'WALK-IN', '750', '1000', '0', '250', '750', '2019-02-23 09:14:05', 1, 'sales', '', '', '', ''),
(0000000000127, '94321870', 121, 'CASH', 'Judy', '965', '1', 'ABEGAIL M. LACSON,MD', '180', '1000', '10', '820', '180', '2019-02-23 09:22:13', 1, 'sales', '', '', '', ''),
(0000000000128, '17352846', 122, 'CASH', 'Judy', '1043', '1', '', '375', '1000', '0', '625', '375', '2019-02-23 09:43:34', 1, 'sales', '', '', '', ''),
(0000000000129, '51790236', 123, 'CASH', 'Judy', '1043', '1', '', '375', '400', '0', '25', '375', '2019-02-23 09:49:57', 1, 'sales', '', '', '', ''),
(0000000000130, '18290364', 124, 'CASH', 'Judy', '1043', '1', '', '375', '500', '0', '125', '375', '2019-02-23 09:53:33', 1, 'sales', '', '', '', ''),
(0000000000131, '04859631', 125, 'CASH', 'Judy', '1043', '1', '', '375', '500', '0', '125', '375', '2019-02-23 09:58:46', 1, 'sales', '', '', '', ''),
(0000000000132, '16874905', 128, 'CASH', 'Judy', '39', '1', 'YI-SAN INFINITY TRAVEL AND GIFT SHOP', '275', '500', '0', '225', '275', '2019-02-23 12:55:10', 1, 'sales', '', '', '', ''),
(0000000000133, '04968237', 127, 'CASH', 'Judy', '39', '1', 'YI-SAN INFINITY TRAVEL AND GIFT SHOP', '275', '275', '0', '0', '275', '2019-02-23 13:01:48', 1, 'sales', '', '', '', ''),
(0000000000134, '81463097', 130, 'CASH', 'Judy', '1043', '1', '', '375', '400', '0', '25', '375', '2019-02-23 15:21:45', 1, 'sales', '', '', '', ''),
(0000000000135, '68394720', 131, 'CASH', 'Judy', '47', '1', 'MARY JOY ORDANZA', '600', '1000', '0', '400', '600', '2019-02-25 08:07:58', 1, 'sales', '', '', '', ''),
(0000000000136, '51302649', 138, 'CASH', 'Judy', '47', '1', 'ORDANZA ABAD', '600', '1000', '0', '400', '600', '2019-02-25 09:56:03', 1, 'sales', '', '', '', ''),
(0000000000137, '21987450', 143, 'CASH', 'Judy', '965', '1', '', '160', '1000', '20', '840', '160', '2019-02-25 10:05:50', 1, 'sales', '', '', '', ''),
(0000000000138, '59236704', 145, 'CASH', 'Judy', '100', '1', 'MARK NINO ESPINOZA', '600', '1100', '0', '500', '600', '2019-02-25 10:14:29', 1, 'sales', '', '', '', ''),
(0000000000139, '56107398', 146, 'CASH', 'Judy', '89', '1', 'MARESHAH MICAH FAJARDO', '600', '1000', '0', '400', '600', '2019-02-25 10:25:58', 1, 'sales', '', '', '', ''),
(0000000000140, '94106257', 147, 'CASH', 'Judy', '40', '1', 'ZALDY TOLIBAS', '500', '500', '0', '0', '500', '2019-02-25 10:33:27', 1, 'sales', '', '', '', ''),
(0000000000141, '36572084', 150, 'CASH', 'Judy', '349', '1', 'JERSSA GABOTERO', '300', '300', '0', '0', '300', '2019-02-25 10:39:54', 1, 'sales', '', '', '', ''),
(0000000000142, '51406289', 153, 'CASH', 'Judy', '359', '1', '-', '65', '70', '0', '5', '65', '2019-02-25 11:37:28', 1, 'sales', '', '', '', ''),
(0000000000143, '91275803', 154, 'CASH', 'Judy', '965', '1', '-', '200', '200', '0', '0', '200', '2019-02-25 11:55:15', 1, 'sales', '', '', '', ''),
(0000000000144, '98043125', 156, 'CASH', 'Judy', '316', '1', '', '75', '100', '0', '25', '75', '2019-02-25 12:00:08', 1, 'sales', '', '', '', ''),
(0000000000145, '63905187', 157, 'CASH', 'Judy', '39', '1', 'BFFS SMOKED AND GRILL', '275', '505', '0', '230', '275', '2019-02-25 13:35:17', 1, 'sales', '', '', '', ''),
(0000000000146, '92314875', 158, 'CASH', 'Judy', '1043', '1', 'JONATHAN CABUENAS', '375', '500', '0', '125', '375', '2019-02-25 13:31:10', 1, 'sales', '', '', '', ''),
(0000000000147, '06391527', 159, 'CASH', 'CashCashier', '965', '1', 'PREMIER PETLINE', '200', '1000', '0', '800', '200', '2019-02-25 13:48:36', 1, 'sales', '', '', '', ''),
(0000000000148, '90138426', 160, 'CASH', 'CashCashier', '316', '1', 'ROSARIO BAGSIL', '75', '75', '0', '0', '75', '2019-02-25 14:34:44', 1, 'sales', '', '', '', ''),
(0000000000149, '69375218', 161, 'CASH', 'CashCashier', '359', '1', 'DR. LAXAMANA', '52', '60', '20', '8', '52', '2019-02-25 14:39:35', 1, 'sales', '', '', '', ''),
(0000000000150, '85674023', 163, 'CASH', 'CashCashier', '1043', '1', 'JAKE ALCANTARA', '375', '400', '0', '25', '375', '2019-02-26 07:37:56', 1, 'sales', '', '', '', ''),
(0000000000151, '05379168', 164, 'CASH', 'CashCashier', '39', '1', 'RAMEL BOQUERO', '275', '500', '0', '225', '275', '2019-02-26 08:09:40', 1, 'sales', '', '', '', ''),
(0000000000152, '90275183', 166, 'CASH', 'CashCashier', '39', '1', 'RONIL ANOS', '275', '300', '0', '25', '275', '2019-02-26 08:18:33', 1, 'sales', '', '', '', ''),
(0000000000153, '74360291', 167, 'CASH', 'CashCashier', '39', '1', 'SUNSHINE  CHANTENGCO', '275', '500', '0', '225', '275', '2019-02-26 08:24:03', 1, 'sales', '', '', '', ''),
(0000000000154, '85091746', 169, 'CASH', 'CashCashier', '47', '1', 'SELF PAY', '600', '1000', '0', '400', '600', '2019-02-26 08:31:50', 1, 'sales', '', '', '', ''),
(0000000000155, '49057216', 170, 'CASH', 'CashCashier', '1043', '1', 'SELF PAY', '375', '400', '0', '25', '375', '2019-02-26 08:42:02', 1, 'sales', '', '', '', ''),
(0000000000156, '47591682', 171, 'CASH', 'CashCashier', '40', '1', 'FRANKLIN VILORIA', '500', '500', '0', '0', '500', '2019-02-26 08:48:24', 1, 'sales', '', '', '', ''),
(0000000000157, '70958632', 166, 'CASH', 'CashCashier', '288', '1', 'RONIL ANOS', '150', '1000', '0', '850', '150', '2019-02-26 08:56:55', 1, 'sales', '', '', '', ''),
(0000000000158, '69245837', 172, 'CASH', 'CashCashier', '384,304', '1,1', 'SELF PAY', '290', '1000', '0,0', '710', '290', '2019-02-26 09:05:09', 1, 'sales', '', '', '', ''),
(0000000000159, '13986207', 173, 'CASH', 'CashCashier', '47', '1', 'SELF PAY', '600', '1000', '0', '400', '600', '2019-02-26 09:12:12', 1, 'sales', '', '', '', ''),
(0000000000160, '93251478', 174, 'CASH', 'CashCashier', '47', '1', 'SELF PAY', '600', '600', '0', '0', '600', '2019-02-26 09:18:47', 1, 'sales', '', '', '', ''),
(0000000000161, '04236815', 176, 'CASH', 'CashCashier', '100', '1', 'SELF PAY', '600', '600', '0', '0', '600', '2019-02-26 09:35:58', 1, 'sales', '', '', '', ''),
(0000000000162, '71328604', 177, 'CASH', 'CashCashier', '100', '1', 'SELF PAY', '600', '600', '0', '0', '600', '2019-02-26 09:38:12', 1, 'sales', '', '', '', ''),
(0000000000163, '42150978', 178, 'CASH', 'CashCashier', '100', '1', 'SELF PAY', '600', '600', '0', '0', '600', '2019-02-26 09:43:52', 1, 'sales', '', '', '', ''),
(0000000000164, '07824319', 179, 'CASH', 'CashCashier', '47', '1', 'SELF PAY', '600', '600', '0', '0', '600', '2019-02-26 10:07:01', 1, 'sales', '', '', '', ''),
(0000000000165, '35892706', 180, 'CASH', 'CashCashier', '39', '1', 'SELF PAY', '275', '275', '0', '0', '275', '2019-02-26 10:30:39', 1, 'sales', '', '', '', ''),
(0000000000166, '01328674', 181, 'CASH', 'CashCashier', '514,325', '1,1', '', '136', '136', '20,20', '0', '136', '2019-02-26 11:00:39', 1, 'sales', '', '', '', ''),
(0000000000167, '74860159', 182, 'CASH', 'CashCashier', '39', '1', 'ANGIE LEA DE VERA', '275', '280', '0', '5', '275', '2019-02-26 11:21:58', 1, 'sales', '', '', '', ''),
(0000000000168, '21586730', 183, 'CASH', 'CashCashier', '63', '1', '', '500', '500', '0', '0', '500', '2019-02-26 12:00:55', 1, 'sales', '', '', '', ''),
(0000000000171, '13274589', 183, 'CASH', 'CashCashier', '453', '1', '', '175', '200', '0', '25', '175', '2019-02-26 12:31:02', 1, 'sales', '', '', '', ''),
(0000000000174, '31974652', 185, 'CASH', 'CashCashier', '349', '1', 'SELF PAY', '300', '1000', '0', '700', '300', '2019-02-26 12:38:37', 1, 'sales', '', '', '', ''),
(0000000000175, '01483672', 186, 'CASH', 'CashCashier', '512,464,264,355,325,304', '1,1,1,1,1,1', 'SELF PAY', '1259', '1500', '0,0,0,0,0,0', '241', '1259', '2019-02-26 12:44:42', 1, 'sales', '', '', '', ''),
(0000000000177, '03862954', 187, 'CASH', 'CashCashier', '965,316,304', '1,1,1', 'SELF PAY', '400', '400', '0,0,0', '0', '400', '2019-02-26 12:56:17', 1, 'sales', '', '', '', ''),
(0000000000178, '06541972', 188, 'CASH', 'CashCashier', '39', '1', 'SELF PAY', '275', '500', '0', '225', '275', '2019-02-26 13:04:32', 1, 'sales', '', '', '', ''),
(0000000000179, '35714069', 189, 'CASH', 'CashCashier', '304', '1', 'JUDD KARLO DE GUZMAN', '125', '125', '0', '0', '125', '2019-02-26 13:13:04', 1, 'sales', '', '', '', ''),
(0000000000180, '97083251', 190, 'CASH', 'CashCashier', '42', '1', 'SELFPAY', '450', '450', '0', '0', '450', '2019-02-26 13:41:07', 1, 'sales', '', '', '', ''),
(0000000000181, '81095672', 191, 'CASH', 'CashCashier', '316', '1', '', '75', '75', '0', '0', '75', '2019-02-26 13:50:40', 1, 'sales', '', '', '', ''),
(0000000000182, '46219085', 193, 'CASH', 'CashCashier', '39', '1', 'SELF PAY', '275', '275', '0', '0', '275', '2019-02-26 14:16:23', 1, 'sales', '', '', '', ''),
(0000000000183, '59418702', 192, 'CASH', 'CashCashier', '21', '1', 'SELF PAY', '600', '600', '0', '0', '600', '2019-02-26 14:21:38', 1, 'sales', '', '', '', ''),
(0000000000184, '20379651', 194, 'CASH', 'CashCashier', '1043', '1', 'SELF PAY', '375', '375', '0', '0', '375', '2019-02-26 14:40:59', 1, 'sales', '', '', '', ''),
(0000000000185, '19280745', 195, 'CASH', 'CashCashier', '186', '1', 'SELF PAY', '550', '550', '0', '0', '550', '2019-02-26 15:12:58', 1, 'sales', '', '', '', ''),
(0000000000186, '98732651', 197, 'CASH', 'CashCashier', '316,304', '1,1', 'CARLO LOIE SANTOS', '200', '500', '0,0', '300', '200', '2019-02-26 15:28:03', 1, 'sales', '', '', '', ''),
(0000000000187, '62483057', 196, 'CASH', 'CashCashier', '186', '1', 'RANCY  DELA PEA', '550', '550', '0', '0', '550', '2019-02-26 15:31:15', 1, 'sales', '', '', '', ''),
(0000000000188, '74803265', 198, 'CASH', 'CashCashier', '40', '1', 'ELISEO CUNANAN', '500', '500', '0', '0', '500', '2019-02-27 09:23:54', 1, 'sales', '', '', '', ''),
(0000000000189, '76215348', 199, 'CASH', 'CashCashier', '47', '1', 'KRISTINE GONZALES', '600', '1000', '0', '400', '600', '2019-02-27 09:41:17', 1, 'sales', '', '', '', ''),
(0000000000190, '87045612', 200, 'CASH', 'CashCashier', '48', '1', 'ARIAN KIT TAMPONG', '700', '1000', '0', '300', '700', '2019-02-27 09:49:16', 1, 'sales', '', '', '', ''),
(0000000000191, '19528463', 201, 'CASH', 'CashCashier', '47', '1', 'RYANN LONTOC', '600', '700', '0', '100', '600', '2019-02-27 10:00:20', 1, 'sales', '', '', '', ''),
(0000000000192, '61549387', 202, 'CASH', 'CashCashier', '960', '1', 'JOEL I. FELICIANO, MD', '200', '200', '0', '0', '200', '2019-02-27 10:08:22', 1, 'sales', '', '', '', ''),
(0000000000193, '48912370', 203, 'CASH', 'CashCashier', '51', '1', 'DARLY ALEDO', '300', '300', '0', '0', '300', '2019-02-27 10:15:05', 1, 'sales', '', '', '', ''),
(0000000000194, '93856147', 204, 'CASH', 'CashCashier', '39', '1', 'JOHN PAUL LANSANG', '275', '500', '0', '225', '275', '2019-02-27 10:20:37', 1, 'sales', '', '', '', ''),
(0000000000195, '19642073', 205, 'CASH', 'CashCashier', '78', '1', 'KRISTINE SINAMBAN', '700', '700', '0', '0', '700', '2019-02-27 11:09:43', 1, 'sales', '', '', '', ''),
(0000000000196, '30185962', 206, 'CASH', 'CashCashier', '477,478,422,512,325,290,358', '1,1,1,1,1,1,1', 'WALK-IN', '1000', '1000', '0,0,0,0,0,0,0', '0', '1000', '2019-02-28 07:09:49', 1, 'sales', '', '', '', ''),
(0000000000198, '76019238', 207, 'CASH', 'CashCashier', '1003', '1', 'WALK-IN', '720', '1000', '20', '280', '720', '2019-02-28 07:45:10', 1, 'sales', '', '', '', ''),
(0000000000199, '96527834', 208, 'CASH', 'CashCashier', '100', '1', '-', '600', '1000', '0', '400', '600', '2019-02-28 07:55:33', 1, 'sales', '', '', '', ''),
(0000000000200, '36450279', 209, 'CASH', 'CashCashier', '100', '1', '-', '600', '1000', '0', '400', '600', '2019-02-28 08:03:31', 1, 'sales', '', '', '', '');

-- --------------------------------------------------------

--
-- Table structure for table `qpd_vital`
--

CREATE TABLE `qpd_vital` (
  `VitalsID` int(13) NOT NULL,
  `TransactionID` int(13) UNSIGNED ZEROFILL NOT NULL,
  `PatientID` int(13) NOT NULL,
  `height` varchar(255) NOT NULL,
  `weight` varchar(255) NOT NULL,
  `bmi` varchar(255) NOT NULL,
  `bp` varchar(255) NOT NULL,
  `pr` varchar(255) NOT NULL,
  `rr` varchar(255) NOT NULL,
  `uod` varchar(255) NOT NULL,
  `uos` varchar(255) NOT NULL,
  `cod` varchar(255) NOT NULL,
  `cos` varchar(255) NOT NULL,
  `cv` varchar(255) NOT NULL,
  `hearing` varchar(255) NOT NULL,
  `hosp` varchar(255) NOT NULL,
  `opr` varchar(255) NOT NULL,
  `pm` varchar(255) NOT NULL,
  `smoker` varchar(255) NOT NULL,
  `ad` varchar(255) NOT NULL,
  `lmp` varchar(255) NOT NULL,
  `Notes` varchar(255) NOT NULL,
  `CreationDate` datetime NOT NULL DEFAULT CURRENT_TIMESTAMP,
  `DateUpdate` datetime NOT NULL
) ENGINE=InnoDB DEFAULT CHARSET=latin1;

--
-- Dumping data for table `qpd_vital`
--

INSERT INTO `qpd_vital` (`VitalsID`, `TransactionID`, `PatientID`, `height`, `weight`, `bmi`, `bp`, `pr`, `rr`, `uod`, `uos`, `cod`, `cos`, `cv`, `hearing`, `hosp`, `opr`, `pm`, `smoker`, `ad`, `lmp`, `Notes`, `CreationDate`, `DateUpdate`) VALUES
(1, 0000000000052, 48, '5ft 4inch', '54kg', '', '120/70', '88', '22', '20/20', '20/20', '', '', '-', 'NORMAL', '-', '-', '-', '-', 'OCC', '-', '-', '2019-02-19 08:35:22', '0000-00-00 00:00:00'),
(2, 0000000000054, 49, '5FT 2INCH', '67KG', '', '120/80', '87', '22', '20/20', '20/20', '', '', '-', 'NORMAL', 'UTI 2017', '-', '-', '1PC', 'TWICE A WEEK', '-', '-', '2019-02-19 08:39:47', '0000-00-00 00:00:00'),
(3, 0000000000057, 50, '5FT 8INCH', '83KG', '', '140/80', '89', '23', '20/20', '20/20', '', '', '-', 'NORMAL', '-', '-', '-', '-', 'OCC', '-', '-', '2019-02-19 09:08:07', '0000-00-00 00:00:00'),
(4, 0000000000058, 53, '5FT 6INCH', '61KG', '', '100/80', '87', '23', '20/20', '20/20', '', '', '-', 'NORMAL', '-', '-', '-', '10PCS', 'OCC', '-', '-', '2019-02-19 09:20:13', '0000-00-00 00:00:00'),
(5, 0000000000055, 52, '5FT 5INCH', '67KG', '', '90/60', '92', '23', '20/20', '20/20', '', '', '-', 'NORMAL', 'DEHYDRATION 2012', '-', '-', '-', '-', '-', '-', '2019-02-19 09:22:44', '0000-00-00 00:00:00'),
(6, 0000000000056, 51, '5FT 5INCH', '66KG', '', '120/70', '88', '21', '20/20', '20/20', '', '', '-', 'NORMAL', '-', '-', '-', '-', 'OCC', '-', '-', '2019-02-19 09:24:58', '0000-00-00 00:00:00'),
(7, 0000000000060, 55, '5FT 6INCH', '60KG', '', '120/80', '91', '24', '20/20', '20/20', '', '', '-', 'NORMAL', '-', '-', '-', 'OCC', 'OCC', '-', '-', '2019-02-19 10:49:26', '0000-00-00 00:00:00'),
(8, 0000000000065, 60, '5FT1INC', '58KG', '', '120/80', '80', '21', '20/20', '20/20', '', '', '', 'NORMAL', '-', '-', '-', '-', '-', '02-08-2019', '-', '2019-02-20 07:21:55', '0000-00-00 00:00:00'),
(9, 0000000000063, 58, '5FT5INC', '66KG', '', '110/80', '86', '23', '20/20', '20/20', '', '', '', 'NORMAL', '-', '-', '-', '-', 'OCC', '-', 'WITH TATTOO', '2019-02-20 07:22:56', '0000-00-00 00:00:00'),
(10, 0000000000062, 57, '5FT5INC', '64KG', '', '110/90', '85', '21', '20/20', '20/20', '', '', '', 'NORMAL', '-', '-', '-', '5 PCS', 'OCC', '-', '-', '2019-02-20 07:24:01', '0000-00-00 00:00:00'),
(11, 0000000000064, 59, '5FT6INC', '52KG', '', '100/70', '86', '22', '20/20', '20/20', '', '', '', 'NORMAL', '-', '-', '-', '-', 'OCC', '-', '-', '2019-02-20 07:25:05', '0000-00-00 00:00:00'),
(12, 0000000000066, 61, '5FT2INC', '59KG', '', '120/70', '86', '22', '20/20', '20/20', '', '', '', 'NORMAL', '-', '-', '-', '-', 'OCC', '-', '-', '2019-02-20 07:26:14', '0000-00-00 00:00:00'),
(13, 0000000000068, 63, '5FT8INC', '58KG', '', '110/80', '84', '23', '20/20', '20/20', '', '', '', 'NORMAL', '-', '-', '-', '2 PCS', '-', '-', '-', '2019-02-20 07:30:36', '0000-00-00 00:00:00'),
(14, 0000000000067, 62, '5FT4INC', '64KG', '', '100/80', '82', '21', '20/20', '20/20', '', '', '', 'NORMAL', '-', '-', 'INSULIN 30 AND 40 UL', '-', '-', '01-13-2019', '-', '2019-02-20 07:34:51', '0000-00-00 00:00:00'),
(15, 0000000000069, 64, '5FT2INC', '45KG', '', '110/70', '84', '23', '20/20', '20/20', '', '', '', 'NORMAL', '-', '-', '-', '-', 'OCC', '-', '-', '2019-02-20 08:01:40', '0000-00-00 00:00:00'),
(16, 0000000000070, 65, '5ft 2inch', '58kg', '', '90/60', '82', '20', '20/20', '20/20', '', '', '', 'NORMAL', '-', '-', '-', '-', '-', '02-16-2019', '-', '2019-02-20 08:05:34', '2019-02-21 09:42:05'),
(17, 0000000000071, 66, '5FT 2INCH', '62KG', '', '110/70', '89', '22', '20/20', '20/20', '', '', '-', 'NORMAL', '-', '-', '-', '-', '-', '01-25-19', '-', '2019-02-20 08:16:44', '0000-00-00 00:00:00'),
(18, 0000000000075, 69, '5FT 2INCH', '61KG', '', '110/70', '89', '23', '20/20', '20/20', '', '', '-', 'NORMAL', '-', '-', '-', '-', 'OCC', '-', '-', '2019-02-20 09:00:31', '0000-00-00 00:00:00'),
(19, 0000000000074, 68, '5FT 3INCH', '75KG', '', '90/60', '76', '22', '20/20', '20/20', '', '', '-', 'NORMAL', 'CS 2013', 'S/P CS 2013', '-', '2PCS', 'ONCE A WEEK', 'FIRST WEEK OF FEB', '-', '2019-02-20 09:03:55', '0000-00-00 00:00:00'),
(20, 0000000000076, 70, '5FT 1INCH', '61KG', '', '100/70', '81', '21', '20/50', '20/50', '', '', '-', 'NORMAL', '-', '-', 'PILLS', '-', 'OCC', '02-16-19', '-', '2019-02-20 09:06:23', '0000-00-00 00:00:00'),
(21, 0000000000077, 71, '5FT 4INCH', '56KG', '', '90/60', '76', '23', '20/20', '20/20', '', '', '-', 'NORMAL', '-', '-', '-', '3PCS', 'OCC', '-', '-', '2019-02-20 09:14:39', '0000-00-00 00:00:00'),
(22, 0000000000078, 72, '5FT 6INCH', '74KG', '', '100/70', '79', '22', '20/25', '20/25', '', '', '-', 'NORMAL', '-', '-', '-', '6PCS', 'EVERY 2 WEEKS', '-', '-', '2019-02-20 09:23:31', '0000-00-00 00:00:00'),
(23, 0000000000079, 73, '5FT 7INCH', '68KG', '', '120/70', '83', '21', '20/20', '20/20', '', '', '-', 'NORMAL', '-', '-', '-', '5PCS', 'EVERY 2 WEEKS', '-', '-', '2019-02-20 09:27:31', '0000-00-00 00:00:00'),
(24, 0000000000080, 75, '5FT 2INCH', '46KG', '', '90/60', '78', '23', '20/20', '20/20', '', '', '-', 'NORMAL', '-', '-', '-', '6PCS', 'ONCE A WEEK', '-', '-', '2019-02-20 09:30:09', '0000-00-00 00:00:00'),
(25, 0000000000081, 74, '5FT 9INCH', '75KG', '', '100/80', '89', '22', '20/20', '20/20', '', '', '-', ' NORMAL', '-', '-', '-', '2PCS', 'OCC', '-', '-', '2019-02-20 09:32:48', '0000-00-00 00:00:00'),
(26, 0000000000073, 67, '5FT ', '47KG', '', '100/70', '81', '22', '20/20', '20/20', '', '', '-', 'NORMAL', '-', '-', '-', '-', '-', '02-05-2019', '-', '2019-02-20 09:35:50', '0000-00-00 00:00:00'),
(27, 0000000000082, 76, '5FT', '50KG', '', '100/60', '75', '22', '20/20', '20/20', '', '', '-', 'NORMAL', '-', '-', '-', '-', '-', '02-16-2019', '-', '2019-02-20 10:15:32', '0000-00-00 00:00:00'),
(28, 0000000000083, 77, '6FT ', '72KG', '', '120/90', '89', '21', '20/20', '20/20', '', '', '-', 'NORMAL', 'FRACTION 2017', 'FRACTION 2017', 'METOPROLOL', '-', '-', '-', '-', '2019-02-20 11:23:47', '2019-02-20 11:29:45'),
(29, 0000000000084, 78, '5FT 4INCH', '62KG', '', '120/80', '87', '23', '20/20', '20/20', '', '', '-', 'NORMAL', '-', '-', '-', 'OCC', 'OCC', '-', '-', '2019-02-20 13:22:50', '2019-02-20 13:23:52'),
(30, 0000000000085, 79, '5FT 2INCH', '46KG', '', '100/60', '81', '21', '20/20', '20/20', '', '', '-', 'NORMAL', '-', '-', '-', '3PCS', 'OCC', '-', '-', '2019-02-20 15:01:04', '0000-00-00 00:00:00'),
(31, 0000000000086, 80, '5FT 5INCH', '55KG', '', '100/60', '81', '23', '20/20', '20/20', '', '', '-', 'NORMAL', '-', '-', '-', '-', 'OCC', '-', '-', '2019-02-20 15:34:59', '0000-00-00 00:00:00'),
(32, 0000000000087, 81, '5FT 8INCH', '63KG', '', '120/70', '80', '21', '20/20', '20/20', '', '', '-', 'NORMAL', '-', '-', '-', '5PCS', 'TWICE A MONTH', '-', 'ALLERGIC TO SEAFOODS', '2019-02-20 15:43:31', '0000-00-00 00:00:00'),
(33, 0000000000088, 82, '5FT 2INCH', '75KG', '', '110/80', '84', '22', '20/50', '20/50', '', '', '-', 'NORMAL', '-', '-', '-', '3PCS', 'OCC', '02-15-2019', 'SEAFOOODS', '2019-02-20 16:03:10', '0000-00-00 00:00:00'),
(34, 0000000000090, 85, '5FT7INC', '62KG', '', '110/90', '84', '21', '20/20', '20/20', '', '', '', 'NORMAL', '-', '-', '-', '-', 'OCC', '-', 'WITH TATTOO', '2019-02-21 07:33:02', '0000-00-00 00:00:00'),
(35, 0000000000091, 84, '5FT8INC', '68KG', '', '110/70', '86', '20', '20/20', '20/20', '', '', '', 'NORMAL', '-', '-', '-', '3 PCS', 'OCC', '-', '-', '2019-02-21 07:36:18', '0000-00-00 00:00:00'),
(36, 0000000000089, 83, '5FT7INC', '60KG', '', '100/80', '86', '23', '20/20', '20/20', '', '', '', 'NORMAL', '-', '-', '-', '2 PC', 'OCC', '-', '', '2019-02-21 07:38:31', '0000-00-00 00:00:00'),
(37, 0000000000092, 86, '5FT5INC', '49KG', '', '110/80', '85', '20', '20/20', '20/20', '', '', '', 'NORMAL', '-', '-', '-', '4 PCS', 'OCC', '-', '-', '2019-02-21 07:40:41', '0000-00-00 00:00:00'),
(38, 0000000000093, 87, '5FT4INC', '56KG', '', '110/90', '86', '21', '20/20', '20/20', '', '', '', 'NORMAL', '-', '-', '-', '5 PCS', 'OCC', '-', '-', '2019-02-21 07:47:09', '0000-00-00 00:00:00'),
(39, 0000000000095, 89, '5FT4INC', '48KG', '', '100/80', '84', '20', '20/20', '20/20', '', '', '', 'NORMAL', '-', 'CYST 2018', '-', '-', '-', '-', '-', '2019-02-21 08:01:33', '0000-00-00 00:00:00'),
(40, 0000000000094, 88, '5FT7INC', '65KG', '', '100/80', '86', '22', '20/20', '20/20', '', '', '', 'NORMAL', '-', '-', '-', '1 PC', 'OCC', '-', '-', '2019-02-21 08:06:10', '0000-00-00 00:00:00'),
(41, 0000000000098, 92, '5FT 5INCH', '66KG', '', '100/70', '88', '22', '20/20', '', '', '', '-', 'NORMAL', '-', '-', '-', '3PCS', 'OCC', '-', '-', '2019-02-21 09:04:34', '2019-02-21 09:25:52'),
(42, 0000000000099, 93, '5FT 3INCH', '72KG', '', '120/80', '83', '22', '20/20', '20/20', '', '', '-', 'NORMAL', '-', '-', 'PILLS', '2PCS', 'OCC', '1ST WEEK OF FEB', '-', '2019-02-21 09:08:07', '0000-00-00 00:00:00'),
(43, 0000000000101, 95, '5FT 1INCH', '50KG', '', '120/80', '77', '20', '20/20', '20/20', '', '', '-', 'NORMAL', '-', '-', '-', '-', '-', '02-19-2019', '-', '2019-02-21 09:12:54', '0000-00-00 00:00:00'),
(44, 0000000000097, 91, '5FT', '46KG', '', '110/70', '81', '23', '20/20', '20/20', '', '', '-', 'NORMAL', '-', '-', '-', '-', 'OCC', '02-5-2019', '-', '2019-02-21 09:15:27', '0000-00-00 00:00:00'),
(45, 0000000000100, 94, '5FT 4INCH', '52KG', '', '110/70', '89', '23', '20/20', '20/20', '', '', '-', 'NORMAL', '-', '-', '-', '5PCS', 'OCC', '-', '-', '2019-02-21 09:17:35', '0000-00-00 00:00:00'),
(46, 0000000000103, 97, '5FT 8INCH', '54KG', '', '100/70', '83', '21', '20/20', '20/20', '', '', '-', 'NORMAL', '-', '-', '-', '-', '-', '-', '-', '2019-02-21 09:20:41', '0000-00-00 00:00:00'),
(47, 0000000000102, 96, '5FT 9INCH', '69KG', '', '120/80', '87', '23', '20/20', '20/20', '', '', '-', 'NORMAL', '-', '-', 'VITAMINS', '-', 'OCC', '-', '-', '2019-02-21 09:23:21', '0000-00-00 00:00:00'),
(48, 0000000000104, 98, '5FT 8INCH', '55KG', '', '120/70', '85', '22', '20/200', '20/200', '', '', '-', 'NORMAL', '-', '-', '-', '8PCS', '-', '-', '-', '2019-02-21 10:16:58', '0000-00-00 00:00:00'),
(49, 0000000000105, 99, '5FT 4INCH', '63KG', '', '100/60', '79', '23', '20/20', '20/20', '', '', '-', 'NORMAL', '-', '-', '-', '-', 'OCC', '-', '-', '2019-02-21 10:19:14', '0000-00-00 00:00:00'),
(50, 0000000000106, 100, '5FT 5INCH', '77KG', '', '120/80', '89', '21', '20/25', '20/25', '', '', '-', 'NORMAL', 'HERNIA 2018', 'S/P HERNIECTOMY', '-', '-', 'OCC', '02-5-2019', '-', '2019-02-21 10:27:12', '0000-00-00 00:00:00'),
(51, 0000000000096, 90, '5FT 4INCH', '67KG', '', '110/70', '85', '21', '20/20', '20/20', '', '', '-', 'NORMAL', '-', '-', '-', '-', '-', '-', '-', '2019-02-21 11:50:29', '0000-00-00 00:00:00'),
(52, 0000000000107, 101, '5FT 11INCH', '46KG', '', '90/60', '73', '20', '20/25', '20/25', '', '', '-', 'NORMAL', '-', '-', 'VITAMINS', '-', 'OCC', '01-30-2019', 'ALLERGIC TO CHEMICAL', '2019-02-21 15:01:45', '0000-00-00 00:00:00'),
(53, 0000000000108, 102, '5FT5INC', '52KG', '', '110/60', '84', '21', '20/20', '20/20', '', '', '', 'NORMAL', '-', '-', '-', '5 PCS', 'OCC', '-', 'WITH TATTOO', '2019-02-21 15:40:05', '0000-00-00 00:00:00'),
(54, 0000000000109, 103, '5FT 2INCH', '50.9KG', '', '90/60', '79', '20', '20/20', '20/20', '', '', '-', 'NORMAL', '-', '-', '-', '11PCS', 'OCC', '-', '-', '2019-02-21 16:09:34', '0000-00-00 00:00:00'),
(55, 0000000000110, 104, '5FT 5INCH', '68.2KG', '', '100/70', '89', '23', '20/20', '20/20', '', '', '-', 'NORMAL', '-', '-', '-', '3PCS', 'OCC', '-', '-', '2019-02-21 16:20:30', '0000-00-00 00:00:00'),
(56, 0000000000112, 105, '5FT 1INCH', '68.1KG', '', '100/70', '81', '22', '20/20', '20/20', '', '', '-', 'NORMAL', '-', '-', '-', '-', 'OCC', '-', '-', '2019-02-21 16:23:45', '0000-00-00 00:00:00'),
(57, 0000000000111, 106, '5FT3INC', '52KG', '', '90/60', '81', '20', '20/25', '20/25', '', '', '', 'NORMAL', '-', '-', '-', '-', '-', '02-11-2019', '-', '2019-02-21 16:26:35', '0000-00-00 00:00:00'),
(58, 0000000000113, 107, '4FT10INC', '39KG', '', '100/70', '81', '20', '20/20', '20/20', '', '', '', 'NORMAL', '-', '-', '-', '-', '-', '02-16-2019', '-', '2019-02-22 08:06:09', '0000-00-00 00:00:00'),
(59, 0000000000115, 109, '5FT4INC', '62KG', '', '120/90', '85', '20', '20/20', '20/20', '', '', '', 'NORMAL', '-', '-', '-', '-', 'OCC', '-', '-', '2019-02-22 09:17:22', '0000-00-00 00:00:00'),
(60, 0000000000116, 110, '5FT 2INCH', '63KG', '', '100/80', '81', '22', '20/20', '20/20', '', '', '-', 'NORMAL', '-', '-', '-', '-', '-', '2ND DAY OF MENS', '-', '2019-02-22 10:21:48', '0000-00-00 00:00:00'),
(61, 0000000000118, 112, '5FT 2INCH', '74KG', '', '110/70', '83', '21', '20/20', '5PCS', '', '', '-', 'NORMAL', '-', '-', '-', '10PCS', '-', 'BIRTH CONTROL IMPLANT', '-', '2019-02-22 10:36:10', '0000-00-00 00:00:00'),
(62, 0000000000117, 111, '5FT 1INCH', '63KG', '', '100/70', '83', '22', '20/20', '5PCS', '', '', '-', 'NORMAL', 'VA 2014, ECTOPIC PREGNANCY 2013', 'ECTOPIC PREGNANCY 2013', '-', '-', 'OCC', '02-28-2019', '-', '2019-02-22 10:39:37', '0000-00-00 00:00:00'),
(63, 0000000000119, 113, '5FT 3INCH', '88KG', '', '100/70', '80', '21', '20/20', '20/20', '', '', '-', 'NORMAL', '-', '-', '-', '-', 'OCC', '02-25-2019', 'ALLERGY (CRAB)', '2019-02-22 11:05:38', '0000-00-00 00:00:00'),
(64, 0000000000120, 114, '5FT 7INCH', '83KG', '', '100/70', '81', '21', '20/25', '20/25', '', '', '-', 'NORMAL', '-', '-', '-', '-', 'OCC', '-', '-', '2019-02-22 13:59:42', '0000-00-00 00:00:00'),
(65, 0000000000121, 115, '5FT 5INCH', '61KG', '', '100/70', '88', '21', '20/20', '20/20', '', '', '-', 'NORMAL', '-', '-', 'Dexamethasone', '10PCS', 'TWICE A MONTH', '-', 'ECZEMA', '2019-02-22 15:57:56', '0000-00-00 00:00:00'),
(66, 0000000000128, 122, '5FT 3INCH', '58KG', '', '110/80', '80', '22', '20/20', '20/20', '', '', '-', 'NORMAL', '-', '-', '-', '-', '-', '02-12-2019', '-', '2019-02-23 09:50:12', '0000-00-00 00:00:00'),
(67, 0000000000130, 124, '5FT 3INCH', '60KG', '', '90/70', '78', '22', '20/20', '20/20', '', '', '-', 'NORMAL', 'APPENDICITIS (18YEARS OLD)', 'S/P APPENDECTOMY (18YEARS OLD)', '-', '-', 'OCC', '-', '-', '2019-02-23 10:01:08', '0000-00-00 00:00:00'),
(68, 0000000000129, 123, '5FT ', '61KG', '', '90/60', '82', '21', '20/30', '20/30', '', '', '-', 'NORMAL', '-', '-', 'SOLMUX', '2PCS', '-', '02-16-2019', '-', '2019-02-23 10:03:55', '0000-00-00 00:00:00'),
(69, 0000000000131, 125, '5FT 7INCH', '67KG', '', '100/70', '88', '23', '20/20', '20/20', '', '', '-', 'NORMAL', 'DENGUE 2015', '-', 'VITAMIN', '-', 'OCC', '-', 'ALLERGIC RHINITIS', '2019-02-23 10:07:08', '0000-00-00 00:00:00'),
(70, 0000000000134, 130, '5ft 6inch', '54kg', '', '90/60', '87', '22', '20/20', '20/20', '', '', '-', 'NORMAL', '-', '-', '-', '10PCS', 'ONCE A MONTH', '-', '-', '2019-02-23 15:35:32', '0000-00-00 00:00:00'),
(71, 0000000000135, 131, '5FT 3INCH', '49KG', '', '120/80', '84', '22', '20/25', '20/25', '', '', '-', 'NORMAL', 'CAR ACCIDENT 2015, S/P APPENDECTOMY 2017', 'S/P APPENDECTOMY 2017', '-', '-', '-', '2ND DAY', '-', '2019-02-25 08:31:20', '0000-00-00 00:00:00'),
(72, 0000000000136, 138, '4FT 11INCH', '57KG', '', '90/60', '76', '21', '20/20', '20/20', '', '', '-', 'NORMAL', '-', '-', '-', '1PC', '-', 'FIRST WEEK OF JAN ', 'ALLERGIC TO TILAPIA/ PERFUME', '2019-02-25 10:06:13', '0000-00-00 00:00:00'),
(73, 0000000000138, 145, '6FT', '91KG', '', '120/80', '92', '23', '20/20', '20/20', '', '', '-', 'NORMAL', 'OVER FATIGUE 2018', '-', 'FOR MIGRAINE', '-', '-', '-', '-', '2019-02-25 10:35:24', '0000-00-00 00:00:00'),
(74, 0000000000140, 147, '5FT 2INCH', '72KG', '', '100/70', '86', '22', '20/30', '20/30', '', '', '-', 'NORMAL', '-', '-', '-', '2PCS', '3 TIMES A WEEK', '-', '-', '2019-02-25 11:03:05', '0000-00-00 00:00:00'),
(75, 0000000000139, 146, '5FT 1INCH', '44KG', '', '90/60', '79', '21', '20/20', '20/20', '', '', '-', 'NORMAL', '-', '-', '-', '-', 'OCC', 'LAST WEEK OF JANUARY', '-', '2019-02-25 11:08:49', '0000-00-00 00:00:00'),
(76, 0000000000146, 158, '5FT 5INCH', '61KG', '', '120/70', '89', '22', '20/20', '20/20', '', '', '-', 'NORMAL', '-', '-', '-', '-', 'OCC', '-', '-', '2019-02-25 13:42:43', '0000-00-00 00:00:00'),
(77, 0000000000150, 163, '5FT 6INCH', '67KG', '', '110/70', '88', '21', '20/20', '20/20', '', '', '-', 'NORMAL', '-', '-', '-', '-', 'OCC', '-', '-', '2019-02-26 08:18:42', '0000-00-00 00:00:00'),
(78, 0000000000154, 169, '5FT 4INCH', '72KG', '', '90/60', '76', '22', '20/20', '20/20', '', '', '-', 'NORMAL', '-', '-', '-', '3PCS', 'OCC', '02-15-19', '-', '2019-02-26 08:40:52', '0000-00-00 00:00:00'),
(79, 0000000000155, 170, '5FT3INC', '50KG', '', '100/70', '84', '22', '20/70', '20/70', '', '', '', 'NORMAL', '-', '-', '-', '6 pcs', 'OCC', '-', 'WITH TATTOO', '2019-02-26 09:20:38', '0000-00-00 00:00:00'),
(80, 0000000000160, 174, '5FT ', '46KG', '', '100/60', '82', '21', '20/20', '20/20', '', '', '-', 'NORMAL', '-', '-', 'FOR ACNE', '-', '-', '02-21-2019', '-', '2019-02-26 09:25:51', '0000-00-00 00:00:00'),
(81, 0000000000156, 171, '5FT 8INCH', '66KG', '', '110/80', '88', '23', '20/20', '20/20', '', '', '-', 'NORMAL', '-', '-', 'VITAMINS', '1PC', 'EVERY NIGHT', '-', '-', '2019-02-26 09:46:35', '0000-00-00 00:00:00'),
(82, 0000000000159, 173, '5FT 4INCH', '57KG', '', '90/60', '75', '20', '20/20', '20/20', '', '', '-', 'NORMAL', '-', '-', '-', '-', 'OCC', '02-25-2019', '-', '2019-02-26 09:50:20', '0000-00-00 00:00:00'),
(83, 0000000000162, 177, '5FT5INC', '57KG', '', '110/80', '84', '23', '20/20', '20/20', '', '', '', 'normal', '-', '-', '-', '2 pcs', 'occ', '-', '-', '2019-02-26 10:07:54', '0000-00-00 00:00:00'),
(84, 0000000000161, 176, '5FT6INC', '56KG', '', '110/70', '86', '22', '20/20', '20/20', '', '', '', 'NORMAL', '-', '-', '-', '60PCS', 'OCC', '-', 'WITH TATTOO', '2019-02-26 10:14:46', '0000-00-00 00:00:00'),
(85, 0000000000163, 178, '5FT7INC', '60KG', '', '120/90', '85', '20', '20/20', '20/20', '', '', '', 'NORMAL', '-', '-', '-', '-', 'OCC', '-', '-', '2019-02-26 10:16:46', '0000-00-00 00:00:00'),
(86, 0000000000164, 179, '5FT2INC', '44KG', '', '100/70', '82', '22', '20/20', '20/20', '', '', '', 'normal', '-', '-', '-', '-', '-', '02-11-2019', '-', '2019-02-26 10:22:40', '0000-00-00 00:00:00'),
(87, 0000000000168, 183, '5FT3INC', '55KG', '', '110/80', '81', '21', '20/20', '20/20', '', '', '', 'NORMAL', '-', '-', '-', '-', 'OCC', '01-30-2019', '', '2019-02-26 12:21:58', '0000-00-00 00:00:00'),
(88, 0000000000185, 195, '5FT0INC', '49KG', '', '100/80', '84', '22', '20/20', '20/20', '', '', '', 'NORMAL', '-', '-', '-', '-', 'OCC', '02-9-2019', '-', '2019-02-26 15:28:54', '0000-00-00 00:00:00'),
(89, 0000000000184, 194, '5FT6INC', '59KG', '', '90/60', '84', '21', '20/20', '20/20', '', '', '', 'NORMAL', '-', '-', '-', '5 PCS', 'OCC', '-', '-', '2019-02-26 15:35:01', '2019-02-26 15:35:24'),
(90, 0000000000183, 192, '5FT6INC', '62KG', '', '110/80', '85', '22', '20/30', '20/30', '', '', '', 'NORMAL', '-', '-', '-', '-', '-', '-', '-', '2019-02-26 15:36:21', '0000-00-00 00:00:00'),
(91, 0000000000187, 196, '5FT3INC', '67KG', '', '110/80', '83', '20', '20/20', '20/20', '', '', '', 'NORMAL', '-', 'CSD 2012', '-', '-', '-', '2ND WEEK OF FEB', '-', '2019-02-26 15:45:16', '0000-00-00 00:00:00'),
(92, 0000000000188, 198, '5FT 2INCH', '61KG', '', '110/80', '86', '23', '20/20', '20/20', '', '', '-', 'NORMAL', '-', '-', 'VIVID,METFORMIN, FISH OIL', '18PCS', '-', '-', '-', '2019-02-27 09:34:55', '0000-00-00 00:00:00'),
(93, 0000000000189, 199, '4ft 7inch', '46kg', '', '90/60', '76', '20', '20/30', '20/30', '', '', '-', 'NORMAL', '-', '-', '-', '-', '-', '3RD WEEK OF JANUARY', '-', '2019-02-27 10:01:38', '0000-00-00 00:00:00'),
(94, 0000000000190, 200, '5FT ', '44KG', '', '90/60', '79', '20', '', '', '20/20', '20/20', '-', 'NORMAL', '-', '-', '-', '-', '-', '02-27-2019', '-', '2019-02-27 10:04:19', '0000-00-00 00:00:00'),
(95, 0000000000191, 201, '5FT 2INCH', '64KG', '', '90/60', '79', '20', '20/20', '20/20', '', '', '-', 'NORMAL', '-', '-', '-', '-', '-', '02-04-2019', 'ALLERGIC TO MEDICINE ENDED TO \"CILLIN\"', '2019-02-27 10:18:34', '0000-00-00 00:00:00'),
(96, 0000000000195, 205, '4ft 11inch', '40kg', '', '100/60', '92', '23', '20/50', '20/50', '', '', '-', 'NORMAL', '-', '-', 'TAPAZOLE', '-', '-', '02-26-2019', 'ENLARGEMENT OF GOITER', '2019-02-27 11:44:28', '0000-00-00 00:00:00');

-- --------------------------------------------------------

--
-- Table structure for table `qpd_xray`
--

CREATE TABLE `qpd_xray` (
  `XrayID` int(13) NOT NULL,
  `TransactionID` int(13) UNSIGNED ZEROFILL NOT NULL,
  `PatientID` int(13) NOT NULL,
  `Comment` text NOT NULL,
  `Impression` varchar(255) NOT NULL,
  `Radiologist` varchar(255) NOT NULL,
  `QA` varchar(255) NOT NULL,
  `CreationDate` datetime NOT NULL DEFAULT CURRENT_TIMESTAMP,
  `DateUpdate` datetime NOT NULL
) ENGINE=InnoDB DEFAULT CHARSET=latin1;

--
-- Dumping data for table `qpd_xray`
--

INSERT INTO `qpd_xray` (`XrayID`, `TransactionID`, `PatientID`, `Comment`, `Impression`, `Radiologist`, `QA`, `CreationDate`, `DateUpdate`) VALUES
(2, 0000000000001, 1, 'No abnormal densities seen in both lung parenchyma. The heart is normal in size and configuration. Aorta is unremarkable. The diaphragms, costrophrenic sulci and bony thorax are intact.', 'NORMAL CHEST FINDINGS', 'Salvador Ramirez,MD.DPBR', 'GEORGE SAPNU', '2019-02-04 12:33:00', '0000-00-00 00:00:00'),
(3, 0000000000055, 52, 'No abnormal densities seen in both lung parenchyma. The heart is normal in size and configuration. Aorta is unremarkable. The diaphragms, costrophrenic sulci and bony thorax are intact.', 'NORMAL CHEST FINDINGS', 'Salvador Ramirez,MD.DPBR', '', '2019-02-19 15:14:18', '0000-00-00 00:00:00'),
(4, 0000000000056, 51, 'No abnormal densities seen in both lung parenchyma. The heart is normal in size and configuration. Aorta is unremarkable. The diaphragms, costrophrenic sulci and bony thorax are intact.', 'NORMAL CHEST FINDINGS', 'Salvador Ramirez,MD.DPBR', '', '2019-02-19 15:14:43', '0000-00-00 00:00:00'),
(5, 0000000000057, 50, 'No abnormal densities seen in both lung parenchyma. The heart is normal in size and configuration. Aorta is unremarkable. The diaphragms, costrophrenic sulci and bony thorax are intact.', 'NORMAL CHEST FINDINGS', 'Salvador Ramirez,MD.DPBR', '', '2019-02-19 15:15:00', '0000-00-00 00:00:00'),
(6, 0000000000058, 53, 'No abnormal densities seen in both lung parenchyma. The heart is normal in size and configuration. Aorta is unremarkable. The diaphragms, costrophrenic sulci and bony thorax are intact.', 'NORMAL CHEST FINDINGS', 'Salvador Ramirez,MD.DPBR', '', '2019-02-19 15:15:47', '0000-00-00 00:00:00'),
(7, 0000000000054, 49, 'No abnormal densities seen in both lung parenchyma. The heart is normal in size and configuration. Aorta is unremarkable. The diaphragms, costrophrenic sulci and bony thorax are intact.', 'NORMAL CHEST FINDINGS', 'Salvador Ramirez,MD.DPBR', '', '2019-02-19 15:16:04', '0000-00-00 00:00:00'),
(8, 0000000000052, 48, 'No abnormal densities seen in both lung parenchyma. The heart is normal in size and configuration. Aorta is unremarkable. The diaphragms, costrophrenic sulci and bony thorax are intact.', 'NORMAL CHEST FINDINGS', 'Salvador Ramirez,MD.DPBR', '', '2019-02-19 15:16:21', '0000-00-00 00:00:00'),
(9, 0000000000000, 0, '', '', '', '', '2019-02-19 15:17:44', '0000-00-00 00:00:00'),
(10, 0000000000073, 67, 'Lung fields are clear. Heart is not enlarged. Diaphragm, its sulci visualized bone are intact. The thoracic spine is curved to the right.', 'CONSIDER SCOLIOSIS.', 'Ricardo MA. O. Pacheco,MD.DPBR', '', '2019-02-20 15:36:55', '0000-00-00 00:00:00'),
(11, 0000000000084, 78, 'Lung fields are clear. Heart is not enlarged. Diaphragm, its sulci visualized bone are intact.', 'NORMAL CHEST FINDINGS', 'Ricardo MA. O. Pacheco,MD.DPBR', '', '2019-02-20 15:40:10', '0000-00-00 00:00:00'),
(12, 0000000000082, 76, 'Lung fields are clear. Heart is not enlarged. Diaphragm, its sulci visualized bone are intact.', 'NORMAL CHEST FINDINGS', 'Ricardo MA. O. Pacheco,MD.DPBR', '', '2019-02-20 15:40:59', '0000-00-00 00:00:00'),
(13, 0000000000083, 77, 'Lung fields are clear. Heart is not enlarged. Diaphragm, its sulci visualized bone are intact.', 'NORMAL CHEST FINDINGS', 'Ricardo MA. O. Pacheco,MD.DPBR', '', '2019-02-20 15:41:12', '0000-00-00 00:00:00'),
(14, 0000000000060, 55, 'Lung fields are clear. Heart is not enlarged. Diaphragm, its sulci visualized bone are intact.', 'NORMAL CHEST FINDINGS', 'Ricardo MA. O. Pacheco,MD.DPBR', '', '2019-02-20 15:41:23', '0000-00-00 00:00:00'),
(15, 0000000000078, 72, 'Lung fields are clear. Heart is not enlarged. Diaphragm, its sulci visualized bone are intact.', 'NORMAL CHEST FINDINGS', 'Ricardo MA. O. Pacheco,MD.DPBR', '', '2019-02-20 15:41:33', '0000-00-00 00:00:00'),
(16, 0000000000080, 75, 'Lung fields are clear. Heart is not enlarged. Diaphragm, its sulci visualized bone are intact.', 'NORMAL CHEST FINDINGS', 'Ricardo MA. O. Pacheco,MD.DPBR', '', '2019-02-20 15:41:45', '0000-00-00 00:00:00'),
(17, 0000000000079, 73, 'Lung fields are clear. Heart is not enlarged. Diaphragm, its sulci visualized bone are intact.', 'NORMAL CHEST FINDINGS', 'Ricardo MA. O. Pacheco,MD.DPBR', '', '2019-02-20 15:41:56', '0000-00-00 00:00:00'),
(18, 0000000000081, 74, 'Lung fields are clear. Heart is not enlarged. Diaphragm, its sulci visualized bone are intact.', 'NORMAL CHEST FINDINGS', 'Ricardo MA. O. Pacheco,MD.DPBR', '', '2019-02-20 15:42:09', '0000-00-00 00:00:00'),
(19, 0000000000077, 71, 'Lung fields are clear. Heart is not enlarged. Diaphragm, its sulci visualized bone are intact.', 'NORMAL CHEST FINDINGS', 'Ricardo MA. O. Pacheco,MD.DPBR', '', '2019-02-20 15:42:23', '0000-00-00 00:00:00'),
(20, 0000000000076, 70, 'Lung fields are clear. Heart is not enlarged. Diaphragm, its sulci visualized bone are intact.', 'NORMAL CHEST FINDINGS', 'Ricardo MA. O. Pacheco,MD.DPBR', '', '2019-02-20 15:42:34', '0000-00-00 00:00:00'),
(21, 0000000000068, 63, 'Lung fields are clear. Heart is not enlarged. Diaphragm, its sulci visualized bone are intact.', 'NORMAL CHEST FINDINGS', 'Ricardo MA. O. Pacheco,MD.DPBR', '', '2019-02-20 15:42:44', '0000-00-00 00:00:00'),
(22, 0000000000075, 69, 'Lung fields are clear. Heart is not enlarged. Diaphragm, its sulci visualized bone are intact.', 'NORMAL CHEST FINDINGS', 'Ricardo MA. O. Pacheco,MD.DPBR', '', '2019-02-20 15:42:55', '0000-00-00 00:00:00'),
(23, 0000000000069, 64, 'Lung fields are clear. Heart is not enlarged. Diaphragm, its sulci visualized bone are intact.', 'NORMAL CHEST FINDINGS', 'Ricardo MA. O. Pacheco,MD.DPBR', '', '2019-02-20 15:43:38', '0000-00-00 00:00:00'),
(24, 0000000000062, 57, 'Lung fields are clear. Heart is not enlarged. Diaphragm, its sulci visualized bone are intact.', 'NORMAL CHEST FINDINGS', 'Ricardo MA. O. Pacheco,MD.DPBR', '', '2019-02-20 15:43:50', '0000-00-00 00:00:00'),
(25, 0000000000072, 61, 'Lung fields are clear. Heart is not enlarged. Diaphragm, its sulci visualized bone are intact.', 'NORMAL CHEST FINDINGS', 'Ricardo MA. O. Pacheco,MD.DPBR', '', '2019-02-20 15:44:05', '0000-00-00 00:00:00'),
(26, 0000000000065, 60, 'Lung fields are clear. Heart is not enlarged. Diaphragm, its sulci visualized bone are intact.', 'NORMAL CHEST FINDINGS', 'Ricardo MA. O. Pacheco,MD.DPBR', '', '2019-02-20 15:44:20', '0000-00-00 00:00:00'),
(27, 0000000000070, 65, 'No abnormal densities seen in both lung parenchyma. The heart is normal in size and configuration. Aorta is unremarkable. The diaphragms, costrophrenic sulci and bony thorax are intact.', 'NORMAL CHEST FINDINGS', 'Salvador Ramirez,MD.DPBR', '', '2019-02-20 15:44:45', '0000-00-00 00:00:00'),
(28, 0000000000071, 66, 'Lung fields are clear. Heart is not enlarged. Diaphragm, its sulci visualized bone are intact.', 'NORMAL CHEST FINDINGS', 'Ricardo MA. O. Pacheco,MD.DPBR', '', '2019-02-20 15:44:56', '0000-00-00 00:00:00'),
(29, 0000000000063, 58, 'Lung fields are clear. Heart is not enlarged. Diaphragm, its sulci visualized bone are intact.', 'NORMAL CHEST FINDINGS', 'Ricardo MA. O. Pacheco,MD.DPBR', '', '2019-02-20 15:45:06', '0000-00-00 00:00:00'),
(30, 0000000000064, 59, 'Lung fields are clear. Heart is not enlarged. Diaphragm, its sulci visualized bone are intact.', 'NORMAL CHEST FINDINGS', 'Ricardo MA. O. Pacheco,MD.DPBR', '', '2019-02-20 15:45:19', '0000-00-00 00:00:00'),
(31, 0000000000074, 68, 'Lung fields are clear. Heart is not enlarged. Diaphragm, its sulci visualized bone are intact.', 'NORMAL CHEST FINDINGS', 'Ricardo MA. O. Pacheco,MD.DPBR', '', '2019-02-20 15:45:30', '0000-00-00 00:00:00'),
(32, 0000000000067, 62, 'Lung fields are clear. Heart is not enlarged. Diaphragm, its sulci visualized bone are intact.', 'NORMAL CHEST FINDINGS', 'Ricardo MA. O. Pacheco,MD.DPBR', '', '2019-02-20 15:45:51', '0000-00-00 00:00:00'),
(33, 0000000000066, 61, 'Lung fields are clear. Heart is not enlarged. Diaphragm, its sulci visualized bone are intact.', 'NORMAL CHEST FINDINGS', 'Ricardo MA. O. Pacheco,MD.DPBR', '', '2019-02-21 09:44:32', '0000-00-00 00:00:00'),
(34, 0000000000094, 88, 'No abnormal densities seen in both lung parenchyma. The heart is normal in size and configuration. Aorta is unremarkable. The diaphragms, costrophrenic sulci and bony thorax are intact.', 'NORMAL CHEST FINDINGS', 'Salvador Ramirez,MD.DPBR', '', '2019-02-21 11:24:11', '0000-00-00 00:00:00'),
(35, 0000000000095, 89, 'No abnormal densities seen in both lung parenchyma. The heart is normal in size and configuration. Aorta is unremarkable. The diaphragms, costrophrenic sulci and bony thorax are intact.', 'NORMAL CHEST FINDINGS', 'Salvador Ramirez,MD.DPBR', '', '2019-02-21 11:24:33', '0000-00-00 00:00:00'),
(36, 0000000000093, 87, 'No abnormal densities seen in both lung parenchyma. The heart is normal in size and configuration. Aorta is unremarkable. The diaphragms, costrophrenic sulci and bony thorax are intact.', 'NORMAL CHEST FINDINGS', 'Salvador Ramirez,MD.DPBR', '', '2019-02-21 11:24:46', '0000-00-00 00:00:00'),
(37, 0000000000092, 86, 'No abnormal densities seen in both lung parenchyma. The heart is normal in size and configuration. Aorta is unremarkable. The diaphragms, costrophrenic sulci and bony thorax are intact.', 'NORMAL CHEST FINDINGS', 'Salvador Ramirez,MD.DPBR', '', '2019-02-21 11:24:58', '0000-00-00 00:00:00'),
(38, 0000000000091, 84, 'No abnormal densities seen in both lung parenchyma. The heart is normal in size and configuration. Aorta is unremarkable. The diaphragms, costrophrenic sulci and bony thorax are intact.', 'NORMAL CHEST FINDINGS', 'Salvador Ramirez,MD.DPBR', '', '2019-02-21 11:25:10', '0000-00-00 00:00:00'),
(39, 0000000000090, 85, 'No abnormal densities seen in both lung parenchyma. The heart is normal in size and configuration. Aorta is unremarkable. The diaphragms, costrophrenic sulci and bony thorax are intact.', 'NORMAL CHEST FINDINGS', 'Salvador Ramirez,MD.DPBR', '', '2019-02-21 11:25:21', '0000-00-00 00:00:00'),
(40, 0000000000089, 83, 'No abnormal densities seen in both lung parenchyma. The heart is normal in size and configuration. Aorta is unremarkable. The diaphragms, costrophrenic sulci and bony thorax are intact.', 'NORMAL CHEST FINDINGS', 'Salvador Ramirez,MD.DPBR', '', '2019-02-21 11:25:32', '0000-00-00 00:00:00'),
(41, 0000000000088, 82, 'No abnormal densities seen in both lung parenchyma. The heart is normal in size and configuration. Aorta is unremarkable. The diaphragms, costrophrenic sulci and bony thorax are intact.', 'NORMAL CHEST FINDINGS', 'Salvador Ramirez,MD.DPBR', '', '2019-02-21 11:25:42', '0000-00-00 00:00:00'),
(42, 0000000000087, 81, 'No abnormal densities seen in both lung parenchyma. The heart is normal in size and configuration. Aorta is unremarkable. The diaphragms, costrophrenic sulci and bony thorax are intact.', 'NORMAL CHEST FINDINGS', 'Salvador Ramirez,MD.DPBR', '', '2019-02-21 11:25:54', '0000-00-00 00:00:00'),
(43, 0000000000106, 100, 'No abnormal densities seen in both lung parenchyma. The heart is normal in size and configuration. Aorta is unremarkable. The diaphragms, costrophrenic sulci and bony thorax are intact.', 'NORMAL CHEST FINDINGS', 'Salvador Ramirez,MD.DPBR', '', '2019-02-21 11:26:16', '0000-00-00 00:00:00'),
(44, 0000000000103, 97, 'No abnormal densities seen in both lung parenchyma. The heart is normal in size and configuration. Aorta is unremarkable. The diaphragms, costrophrenic sulci and bony thorax are intact.', 'NORMAL CHEST FINDINGS', 'Salvador Ramirez,MD.DPBR', '', '2019-02-21 11:26:29', '0000-00-00 00:00:00'),
(45, 0000000000102, 96, 'No abnormal densities seen in both lung parenchyma. The heart is normal in size and configuration. Aorta is unremarkable. The diaphragms, costrophrenic sulci and bony thorax are intact.', 'NORMAL CHEST FINDINGS', 'Salvador Ramirez,MD.DPBR', '', '2019-02-21 11:26:43', '0000-00-00 00:00:00'),
(46, 0000000000101, 95, 'No abnormal densities seen in both lung parenchyma. The heart is normal in size and configuration. Aorta is unremarkable. The diaphragms, costrophrenic sulci and bony thorax are intact.', 'NORMAL CHEST FINDINGS', 'Salvador Ramirez,MD.DPBR', '', '2019-02-21 11:26:54', '0000-00-00 00:00:00'),
(47, 0000000000096, 90, 'No abnormal densities seen in both lung parenchyma. The heart is normal in size and configuration. Aorta is unremarkable. The diaphragms, costrophrenic sulci and bony thorax are intact.', 'NORMAL CHEST FINDINGS', 'Salvador Ramirez,MD.DPBR', '', '2019-02-21 11:27:06', '0000-00-00 00:00:00'),
(48, 0000000000097, 91, 'No abnormal densities seen in both lung parenchyma. The heart is normal in size and configuration. Aorta is unremarkable. The diaphragms, costrophrenic sulci and bony thorax are intact.', 'NORMAL CHEST FINDINGS', 'Salvador Ramirez,MD.DPBR', '', '2019-02-21 11:27:17', '0000-00-00 00:00:00'),
(49, 0000000000098, 92, 'No abnormal densities seen in both lung parenchyma. The heart is normal in size and configuration. Aorta is unremarkable. The diaphragms, costrophrenic sulci and bony thorax are intact.', 'NORMAL CHEST FINDINGS', 'Salvador Ramirez,MD.DPBR', '', '2019-02-21 11:27:29', '0000-00-00 00:00:00'),
(50, 0000000000099, 93, 'No abnormal densities seen in both lung parenchyma. The heart is normal in size and configuration. Aorta is unremarkable. The diaphragms, costrophrenic sulci and bony thorax are intact.', 'NORMAL CHEST FINDINGS', 'Salvador Ramirez,MD.DPBR', '', '2019-02-21 11:27:42', '0000-00-00 00:00:00'),
(51, 0000000000100, 94, 'No abnormal densities seen in both lung parenchyma. The heart is normal in size and configuration. Aorta is unremarkable. The diaphragms, costrophrenic sulci and bony thorax are intact.', 'NORMAL CHEST FINDINGS', 'Salvador Ramirez,MD.DPBR', '', '2019-02-21 11:27:52', '0000-00-00 00:00:00'),
(52, 0000000000104, 98, 'No abnormal densities seen in both lung parenchyma. The heart is normal in size and configuration. Aorta is unremarkable. The diaphragms, costrophrenic sulci and bony thorax are intact.', 'NORMAL CHEST FINDINGS', 'Salvador Ramirez,MD.DPBR', '', '2019-02-21 11:28:04', '0000-00-00 00:00:00'),
(53, 0000000000086, 80, 'No abnormal densities seen in both lung parenchyma. The heart is normal in size and configuration. Aorta is unremarkable. The diaphragms, costrophrenic sulci and bony thorax are intact.', 'NORMAL CHEST FINDINGS', 'Salvador Ramirez,MD.DPBR', '', '2019-02-21 11:28:15', '0000-00-00 00:00:00'),
(54, 0000000000085, 79, 'No abnormal densities seen in both lung parenchyma. The heart is normal in size and configuration. Aorta is unremarkable. The diaphragms, costrophrenic sulci and bony thorax are intact.', 'NORMAL CHEST FINDINGS', 'Salvador Ramirez,MD.DPBR', '', '2019-02-21 11:28:25', '0000-00-00 00:00:00'),
(55, 0000000000105, 99, 'No abnormal densities seen in both lung parenchyma. The heart is normal in size and configuration. Aorta is unremarkable. The diaphragms, costrophrenic sulci and bony thorax are intact.', 'NORMAL CHEST FINDINGS', 'Salvador Ramirez,MD.DPBR', '', '2019-02-21 11:28:37', '0000-00-00 00:00:00'),
(56, 0000000000119, 113, 'Lung fields are clear. Heart is not enlarged. Diaphragm, its sulci visualized bone are intact.', 'NORMAL CHEST FINDINGS', 'Ricardo MA. O. Pacheco,MD.DPBR', '', '2019-02-22 13:55:51', '0000-00-00 00:00:00'),
(57, 0000000000116, 110, 'Lung fields are clear. Heart is not enlarged. Diaphragm, its sulci visualized bone are intact.', 'NORMAL CHEST FINDINGS', 'Ricardo MA. O. Pacheco,MD.DPBR', '', '2019-02-22 13:56:35', '0000-00-00 00:00:00'),
(58, 0000000000107, 101, 'Lung fields are clear. Heart is not enlarged. Diaphragm, its sulci visualized bone are intact.', 'NORMAL CHEST FINDINGS', 'Ricardo MA. O. Pacheco,MD.DPBR', '', '2019-02-22 13:56:48', '0000-00-00 00:00:00'),
(59, 0000000000109, 103, 'Lung fields are clear. Heart is not enlarged. Diaphragm, its sulci visualized bone are intact.', 'NORMAL CHEST FINDINGS', 'Ricardo MA. O. Pacheco,MD.DPBR', '', '2019-02-22 13:57:02', '0000-00-00 00:00:00'),
(60, 0000000000108, 102, 'Lung fields are clear. Heart is not enlarged. Diaphragm, its sulci visualized bone are intact.', 'NORMAL CHEST FINDINGS', 'Ricardo MA. O. Pacheco,MD.DPBR', '', '2019-02-22 13:57:15', '0000-00-00 00:00:00'),
(61, 0000000000111, 106, 'Lung fields are clear. Heart is not enlarged. Diaphragm, its sulci visualized bone are intact.', 'NORMAL CHEST FINDINGS', 'Ricardo MA. O. Pacheco,MD.DPBR', '', '2019-02-22 13:57:26', '0000-00-00 00:00:00'),
(62, 0000000000110, 104, 'Lung fields are clear. Heart is not enlarged. Diaphragm, its sulci visualized bone are intact.', 'NORMAL CHEST FINDINGS', 'Ricardo MA. O. Pacheco,MD.DPBR', '', '2019-02-22 13:57:37', '0000-00-00 00:00:00'),
(63, 0000000000112, 105, 'Lung fields are clear. Heart is not enlarged. Diaphragm, its sulci visualized bone are intact.', 'NORMAL CHEST FINDINGS', 'Ricardo MA. O. Pacheco,MD.DPBR', '', '2019-02-22 13:57:49', '0000-00-00 00:00:00'),
(64, 0000000000118, 112, 'Lung fields are clear. Heart is not enlarged. Diaphragm, its sulci visualized bone are intact.', 'NORMAL CHEST FINDINGS', 'Ricardo MA. O. Pacheco,MD.DPBR', '', '2019-02-22 13:59:38', '0000-00-00 00:00:00'),
(65, 0000000000117, 111, 'Lung fields are clear. Heart is not enlarged. Diaphragm, its sulci visualized bone are intact.', 'NORMAL CHEST FINDINGS', 'Ricardo MA. O. Pacheco,MD.DPBR', '', '2019-02-22 13:59:52', '0000-00-00 00:00:00'),
(66, 0000000000115, 109, 'Lung fields are clear. Heart is not enlarged. Diaphragm, its sulci visualized bone are intact.', 'NORMAL CHEST FINDINGS', 'Ricardo MA. O. Pacheco,MD.DPBR', '', '2019-02-22 14:00:04', '0000-00-00 00:00:00'),
(67, 0000000000113, 107, 'Lung fields are clear. Heart is not enlarged. Diaphragm, its sulci visualized bone are intact.', 'NORMAL CHEST FINDINGS', 'Ricardo MA. O. Pacheco,MD.DPBR', '', '2019-02-22 14:00:15', '0000-00-00 00:00:00'),
(68, 0000000000121, 115, 'No abnormal densities seen in both lung parenchyma. The heart is normal in size and configuration. Aorta is unremarkable. The diaphragms, costrophrenic sulci and bony thorax are intact.', 'NORMAL CHEST FINDINGS', 'Salvador Ramirez,MD.DPBR', '', '2019-02-23 13:58:19', '0000-00-00 00:00:00'),
(69, 0000000000120, 114, 'No abnormal densities seen in both lung parenchyma. The heart is normal in size and configuration. Aorta is unremarkable. The diaphragms, costrophrenic sulci and bony thorax are intact.', 'NORMAL CHEST FINDINGS', 'Salvador Ramirez,MD.DPBR', '', '2019-02-23 13:58:38', '0000-00-00 00:00:00'),
(70, 0000000000128, 122, 'No abnormal densities seen in both lung parenchyma. The heart is normal in size and configuration. Aorta is unremarkable. The diaphragms, costrophrenic sulci and bony thorax are intact.', 'NORMAL CHEST FINDINGS', 'Salvador Ramirez,MD.DPBR', '', '2019-02-23 13:58:55', '0000-00-00 00:00:00'),
(71, 0000000000129, 123, 'No abnormal densities seen in both lung parenchyma. The heart is normal in size and configuration. Aorta is unremarkable. The diaphragms, costrophrenic sulci and bony thorax are intact.', 'NORMAL CHEST FINDINGS', 'Salvador Ramirez,MD.DPBR', '', '2019-02-23 13:59:12', '0000-00-00 00:00:00'),
(72, 0000000000130, 124, 'No abnormal densities seen in both lung parenchyma. The heart is normal in size and configuration. Aorta is unremarkable. The diaphragms, costrophrenic sulci and bony thorax are intact.', 'NORMAL CHEST FINDINGS', 'Salvador Ramirez,MD.DPBR', '', '2019-02-23 13:59:29', '0000-00-00 00:00:00'),
(73, 0000000000131, 125, 'No abnormal densities seen in both lung parenchyma. The heart is normal in size and configuration. Aorta is unremarkable. The diaphragms, costrophrenic sulci and bony thorax are intact.', 'NORMAL CHEST FINDINGS', 'Salvador Ramirez,MD.DPBR', '', '2019-02-23 13:59:50', '0000-00-00 00:00:00'),
(74, 0000000000133, 127, 'No abnormal densities seen in both lung parenchyma. The heart is normal in size and configuration. Aorta is unremarkable. The diaphragms, costrophrenic sulci and bony thorax are intact.', 'NORMAL CHEST FINDINGS', 'Salvador Ramirez,MD.DPBR', '', '2019-02-26 13:18:09', '0000-00-00 00:00:00'),
(75, 0000000000132, 128, 'No abnormal densities seen in both lung parenchyma. The heart is normal in size and configuration. Aorta is unremarkable. The diaphragms, costrophrenic sulci and bony thorax are intact.', 'NORMAL CHEST FINDINGS', 'Salvador Ramirez,MD.DPBR', '', '2019-02-26 13:18:30', '0000-00-00 00:00:00'),
(76, 0000000000138, 145, 'No abnormal densities seen in both lung parenchyma. The heart is normal in size and configuration. Aorta is unremarkable. The diaphragms, costrophrenic sulci and bony thorax are intact.', 'NORMAL CHEST FINDINGS', 'Salvador Ramirez,MD.DPBR', '', '2019-02-26 13:26:50', '0000-00-00 00:00:00'),
(77, 0000000000136, 138, 'No abnormal densities seen in both lung parenchyma. The heart is normal in size and configuration. Aorta is unremarkable. The diaphragms, costrophrenic sulci and bony thorax are intact.', 'NORMAL CHEST FINDINGS', 'Salvador Ramirez,MD.DPBR', '', '2019-02-26 13:26:59', '0000-00-00 00:00:00'),
(78, 0000000000139, 146, 'No abnormal densities seen in both lung parenchyma. The heart is normal in size and configuration. Aorta is unremarkable. The diaphragms, costrophrenic sulci and bony thorax are intact.', 'NORMAL CHEST FINDINGS', 'Salvador Ramirez,MD.DPBR', '', '2019-02-26 13:27:21', '0000-00-00 00:00:00'),
(79, 0000000000145, 157, 'No abnormal densities seen in both lung parenchyma. The heart is normal in size and configuration. Aorta is unremarkable. The diaphragms, costrophrenic sulci and bony thorax are intact.', 'NORMAL CHEST FINDINGS', 'Salvador Ramirez,MD.DPBR', '', '2019-02-26 13:28:35', '0000-00-00 00:00:00'),
(80, 0000000000163, 178, 'No abnormal densities seen in both lung parenchyma. The heart is normal in size and configuration. Aorta is unremarkable. The diaphragms, costrophrenic sulci and bony thorax are intact.', 'NORMAL CHEST FINDINGS', 'Salvador Ramirez,MD.DPBR', '', '2019-02-26 13:29:30', '0000-00-00 00:00:00'),
(81, 0000000000164, 179, 'No abnormal densities seen in both lung parenchyma. The heart is normal in size and configuration. Aorta is unremarkable. The diaphragms, costrophrenic sulci and bony thorax are intact.', 'NORMAL CHEST FINDINGS', 'Salvador Ramirez,MD.DPBR', '', '2019-02-26 13:30:06', '0000-00-00 00:00:00'),
(82, 0000000000165, 180, 'No abnormal densities seen in both lung parenchyma. The heart is normal in size and configuration. Aorta is unremarkable. The diaphragms, costrophrenic sulci and bony thorax are intact.', 'NORMAL CHEST FINDINGS', 'Salvador Ramirez,MD.DPBR', '', '2019-02-26 13:30:54', '0000-00-00 00:00:00'),
(83, 0000000000157, 166, 'No abnormal densities seen in both lung parenchyma. The heart is normal in size and configuration. Aorta is unremarkable. The diaphragms, costrophrenic sulci and bony thorax are intact.', 'NORMAL CHEST FINDINGS', 'Salvador Ramirez,MD.DPBR', '', '2019-02-26 13:31:07', '0000-00-00 00:00:00'),
(84, 0000000000153, 167, 'No abnormal densities seen in both lung parenchyma. The heart is normal in size and configuration. Aorta is unremarkable. The diaphragms, costrophrenic sulci and bony thorax are intact.', 'NORMAL CHEST FINDINGS', 'Salvador Ramirez,MD.DPBR', '', '2019-02-26 13:31:21', '0000-00-00 00:00:00'),
(85, 0000000000151, 164, 'No abnormal densities seen in both lung parenchyma. The heart is normal in size and configuration. Aorta is unremarkable. The diaphragms, costrophrenic sulci and bony thorax are intact.', 'NORMAL CHEST FINDINGS', 'Salvador Ramirez,MD.DPBR', '', '2019-02-26 13:31:33', '0000-00-00 00:00:00'),
(86, 0000000000154, 169, 'No abnormal densities seen in both lung parenchyma. The heart is normal in size and configuration. Aorta is unremarkable. The diaphragms, costrophrenic sulci and bony thorax are intact.', 'NORMAL CHEST FINDINGS', 'Salvador Ramirez,MD.DPBR', '', '2019-02-26 13:32:19', '0000-00-00 00:00:00'),
(87, 0000000000155, 170, 'No abnormal densities seen in both lung parenchyma. The heart is normal in size and configuration. Aorta is unremarkable. The diaphragms, costrophrenic sulci and bony thorax are intact.', 'NORMAL CHEST FINDINGS', 'Salvador Ramirez,MD.DPBR', '', '2019-02-26 13:32:36', '0000-00-00 00:00:00'),
(88, 0000000000156, 171, 'No abnormal densities seen in both lung parenchyma. The heart is normal in size and configuration. Aorta is unremarkable. The diaphragms, costrophrenic sulci and bony thorax are intact.', 'NORMAL CHEST FINDINGS', 'Salvador Ramirez,MD.DPBR', '', '2019-02-26 13:32:49', '0000-00-00 00:00:00'),
(89, 0000000000150, 163, 'No abnormal densities seen in both lung parenchyma. The heart is normal in size and configuration. Aorta is unremarkable. The diaphragms, costrophrenic sulci and bony thorax are intact.', 'NORMAL CHEST FINDINGS', 'Salvador Ramirez,MD.DPBR', '', '2019-02-26 13:32:59', '0000-00-00 00:00:00'),
(90, 0000000000162, 177, 'No abnormal densities seen in both lung parenchyma. The heart is normal in size and configuration. Aorta is unremarkable. The diaphragms, costrophrenic sulci and bony thorax are intact.', 'NORMAL CHEST FINDINGS', 'Salvador Ramirez,MD.DPBR', '', '2019-02-26 13:34:15', '0000-00-00 00:00:00'),
(91, 0000000000161, 176, 'No abnormal densities seen in both lung parenchyma. The heart is normal in size and configuration. Aorta is unremarkable. The diaphragms, costrophrenic sulci and bony thorax are intact.', 'NORMAL CHEST FINDINGS', 'Salvador Ramirez,MD.DPBR', '', '2019-02-26 13:34:27', '0000-00-00 00:00:00'),
(92, 0000000000160, 174, 'No abnormal densities seen in both lung parenchyma. The heart is normal in size and configuration. Aorta is unremarkable. The diaphragms, costrophrenic sulci and bony thorax are intact.', 'NORMAL CHEST FINDINGS', 'Salvador Ramirez,MD.DPBR', '', '2019-02-26 13:34:39', '0000-00-00 00:00:00'),
(93, 0000000000159, 173, 'No abnormal densities seen in both lung parenchyma. The heart is normal in size and configuration. Aorta is unremarkable. The diaphragms, costrophrenic sulci and bony thorax are intact.', 'NORMAL CHEST FINDINGS', 'Salvador Ramirez,MD.DPBR', '', '2019-02-26 13:35:04', '0000-00-00 00:00:00'),
(94, 0000000000135, 131, 'No abnormal densities seen in both lung parenchyma. The heart is normal in size and configuration. Aorta is unremarkable. The diaphragms, costrophrenic sulci and bony thorax are intact.', 'NORMAL CHEST FINDINGS', 'Salvador Ramirez,MD.DPBR', '', '2019-02-26 13:35:18', '0000-00-00 00:00:00'),
(95, 0000000000140, 147, 'No abnormal densities seen in both lung parenchyma. The heart is normal in size and configuration. Aorta is unremarkable. The diaphragms, costrophrenic sulci and bony thorax are intact.', 'NORMAL CHEST FINDINGS', 'Salvador Ramirez,MD.DPBR', '', '2019-02-26 13:35:30', '0000-00-00 00:00:00'),
(96, 0000000000134, 130, 'No abnormal densities seen in both lung parenchyma. The heart is normal in size and configuration. Aorta is unremarkable. The diaphragms, costrophrenic sulci and bony thorax are intact.', 'NORMAL CHEST FINDINGS', 'Salvador Ramirez,MD.DPBR', '', '2019-02-26 13:36:44', '0000-00-00 00:00:00'),
(97, 0000000000146, 158, 'No abnormal densities seen in both lung parenchyma. The heart is normal in size and configuration. Aorta is unremarkable. The diaphragms, costrophrenic sulci and bony thorax are intact.', 'NORMAL CHEST FINDINGS', 'Salvador Ramirez,MD.DPBR', '', '2019-02-26 14:01:22', '0000-00-00 00:00:00'),
(98, 0000000000171, 183, 'Lung fields are clear. Heart is not enlarged. Diaphragm, its sulci visualized bone are intact.', 'NORMAL CHEST FINDINGS', 'Ricardo MA. O. Pacheco,MD.DPBR', '', '2019-02-27 10:51:07', '0000-00-00 00:00:00'),
(99, 0000000000167, 182, 'Lung fields are clear. Heart is not enlarged. Diaphragm, its sulci visualized bone are intact.', 'NORMAL CHEST FINDINGS', 'Ricardo MA. O. Pacheco,MD.DPBR', '', '2019-02-27 10:51:55', '0000-00-00 00:00:00'),
(100, 0000000000187, 196, 'Lung fields are clear. Heart is not enlarged. Diaphragm, its sulci visualized bone are intact.', 'NORMAL CHEST FINDINGS', 'Ricardo MA. O. Pacheco,MD.DPBR', '', '2019-02-27 10:53:25', '0000-00-00 00:00:00'),
(101, 0000000000185, 195, 'Lung fields are clear. Heart is not enlarged. Diaphragm, its sulci visualized bone are intact.', 'NORMAL CHEST FINDINGS', 'Ricardo MA. O. Pacheco,MD.DPBR', '', '2019-02-27 10:53:40', '0000-00-00 00:00:00'),
(102, 0000000000184, 194, 'Lung fields are clear. Heart is not enlarged. Diaphragm, its sulci visualized bone are intact.', 'NORMAL CHEST FINDINGS', 'Ricardo MA. O. Pacheco,MD.DPBR', '', '2019-02-27 10:54:38', '0000-00-00 00:00:00'),
(103, 0000000000182, 193, 'Lung fields are clear. Heart is not enlarged. Diaphragm, its sulci visualized bone are intact.', 'NORMAL CHEST FINDINGS', 'Ricardo MA. O. Pacheco,MD.DPBR', '', '2019-02-27 14:42:36', '0000-00-00 00:00:00'),
(104, 0000000000178, 188, 'Lung fields are clear. Heart is not enlarged. Diaphragm, its sulci visualized bone are intact.', 'NORMAL CHEST FINDINGS', 'Ricardo MA. O. Pacheco,MD.DPBR', '', '2019-02-27 15:58:20', '0000-00-00 00:00:00'),
(105, 0000000000183, 192, 'Lung fields are clear. Heart is not enlarged. Diaphragm, its sulci visualized bone are intact.', 'NORMAL CHEST FINDINGS', 'Ricardo MA. O. Pacheco,MD.DPBR', '', '2019-02-27 16:32:55', '0000-00-00 00:00:00');

-- --------------------------------------------------------

--
-- Table structure for table `tbl_users`
--

CREATE TABLE `tbl_users` (
  `userID` int(11) NOT NULL,
  `userName` varchar(100) NOT NULL,
  `userEmail` varchar(100) NOT NULL,
  `userPass` varchar(100) NOT NULL,
  `userStatus` enum('Y','N') NOT NULL DEFAULT 'N',
  `tokenCode` varchar(100) NOT NULL,
  `class` varchar(25) NOT NULL
) ENGINE=InnoDB DEFAULT CHARSET=latin1;

--
-- Dumping data for table `tbl_users`
--

INSERT INTO `tbl_users` (`userID`, `userName`, `userEmail`, `userPass`, `userStatus`, `tokenCode`, `class`) VALUES
(2, 'PEMain', 'questphil.it@gmail.com', '5d95ff5c587a28300fb70d87f2a2e5f7', 'Y', '043667ec0b15bc6cfd95a99952195a3f', 'Doctor'),
(3, 'AccountCashier', 'questphil.info@gmail.com', '5d95ff5c587a28300fb70d87f2a2e5f7', 'Y', 'e8f0686061140ad8d2fcb3f0332a3975', 'CashierACCOUNT'),
(4, 'CashCashier', 'questphil.billing@gmail.com', '5d95ff5c587a28300fb70d87f2a2e5f7', 'Y', 'c06692ac60a67a5de3b9ad6150f79e91', 'CashierCASH'),
(5, 'RecepMain', 'questphil.recep@gmail.com', '5d95ff5c587a28300fb70d87f2a2e5f7', 'Y', '8738ae11525f8bb95fdc41f8dbec9ed6', 'Medical Services'),
(6, 'LabMain', 'questphil.lab@gmail.com', '5d95ff5c587a28300fb70d87f2a2e5f7', 'Y', '0687572fe80c920600e417b8aa9f4454', 'Laboratory'),
(7, 'Imaging', 'questphil.imaging@gmail.com', '5d95ff5c587a28300fb70d87f2a2e5f7', 'Y', '5072b2507e9857083567d2f8d49d8a31', 'Imaging'),
(8, 'QCMain', 'questphil.qc@gmail.com', '5d95ff5c587a28300fb70d87f2a2e5f7', 'Y', 'a5cee71eee7ef6bec4d199a48c47d7db', 'Accounting'),
(12, 'ITDev', 'questphil.itinterns@gmail.com', '61edfe58cad9c86908713fb8725e3d12', 'Y', '381c1dca89321e6b10191e9945075275', 'Admin'),
(13, 'Timothy', 'questphil.tim@gmail.com', '61edfe58cad9c86908713fb8725e3d12', 'Y', '381c1dca89321e6b10191e9945075275', 'Cashier'),
(14, 'Judy', 'questphil.judy@gmail.com', '1115157c3b9a00db4b914057c89cdf2b', 'Y', 'a36f114694de52d91c9c0ecf385a50d2', 'CashierCASH'),
(17, 'Patient', 'questphil.interns@gmail.com', '5d95ff5c587a28300fb70d87f2a2e5f7', 'Y', '043667ec0b15bc6cfd95a99952195a3f', 'Registry'),
(18, 'Moises', 'questphil.hr@gmail.com', '7db4a1d46e178a2d0e3b4e615f7d042d', 'Y', 'c78506c433e5c6799c165a29a6553ac9', 'CashierCASH');

-- --------------------------------------------------------

--
-- Table structure for table `temp_patient`
--

CREATE TABLE `temp_patient` (
  `PatientID` int(13) NOT NULL,
  `PatientRef` varchar(50) NOT NULL,
  `PatientType` varchar(50) NOT NULL,
  `CompanyName` varchar(100) NOT NULL,
  `Position` varchar(75) NOT NULL,
  `FirstName` varchar(40) NOT NULL,
  `MiddleName` varchar(40) NOT NULL,
  `LastName` varchar(40) NOT NULL,
  `Address` varchar(100) NOT NULL,
  `Birthdate` varchar(15) NOT NULL,
  `Email` varchar(50) NOT NULL,
  `Age` int(3) NOT NULL,
  `Gender` varchar(10) NOT NULL,
  `ContactNo` varchar(20) NOT NULL,
  `Notes` varchar(255) NOT NULL,
  `SID` varchar(50) NOT NULL,
  `CreationDate` datetime NOT NULL DEFAULT CURRENT_TIMESTAMP,
  `DateUpdate` datetime NOT NULL
) ENGINE=InnoDB DEFAULT CHARSET=latin1 ROW_FORMAT=COMPACT;

-- --------------------------------------------------------

--
-- Table structure for table `temp_trans`
--

CREATE TABLE `temp_trans` (
  `TransactionID` int(13) UNSIGNED ZEROFILL NOT NULL,
  `TransactionRef` varchar(50) NOT NULL,
  `PatientID` int(13) NOT NULL,
  `TransactionType` varchar(50) NOT NULL,
  `Cashier` varchar(255) NOT NULL,
  `ItemID` varchar(255) NOT NULL,
  `ItemName` varchar(255) NOT NULL,
  `ItemDescription` varchar(255) NOT NULL,
  `ItemQTY` varchar(255) NOT NULL,
  `ItemPrice` varchar(255) NOT NULL,
  `Biller` varchar(50) NOT NULL,
  `LOE` int(13) NOT NULL,
  `AN` varchar(50) NOT NULL,
  `AC` varchar(50) NOT NULL,
  `Referral` varchar(50) NOT NULL,
  `Notes` varchar(255) NOT NULL,
  `SID` varchar(50) NOT NULL,
  `TotalPrice` decimal(19,2) NOT NULL,
  `GrandTotal` decimal(19,2) NOT NULL,
  `PaidIn` decimal(19,2) NOT NULL,
  `Discount` decimal(19,2) NOT NULL,
  `DiscountPer` int(11) NOT NULL,
  `PaidOut` decimal(19,2) NOT NULL,
  `PatientRef` varchar(50) NOT NULL,
  `CompanyName` varchar(100) NOT NULL,
  `Position` varchar(75) NOT NULL,
  `FirstName` varchar(40) NOT NULL,
  `MiddleName` varchar(40) NOT NULL,
  `LastName` varchar(40) NOT NULL,
  `Address` varchar(100) NOT NULL,
  `Birthdate` varchar(15) NOT NULL,
  `Email` varchar(50) NOT NULL,
  `Age` int(3) NOT NULL,
  `Gender` varchar(10) NOT NULL,
  `ContactNo` varchar(20) NOT NULL,
  `TransactionDate` datetime NOT NULL DEFAULT CURRENT_TIMESTAMP
) ENGINE=InnoDB DEFAULT CHARSET=latin1 ROW_FORMAT=COMPACT;

-- --------------------------------------------------------

--
-- Table structure for table `user_privilege`
--

CREATE TABLE `user_privilege` (
  `privID` int(11) NOT NULL,
  `UserID` int(11) NOT NULL,
  `Doctor` int(11) NOT NULL DEFAULT '0',
  `CashierAccount` int(11) NOT NULL DEFAULT '0',
  `CashierCash` int(11) NOT NULL DEFAULT '0',
  `Medical` int(11) NOT NULL DEFAULT '0',
  `Laboratory` int(11) NOT NULL DEFAULT '0',
  `Imaging` int(11) NOT NULL DEFAULT '0',
  `QualityControl` int(11) NOT NULL DEFAULT '0'
) ENGINE=InnoDB DEFAULT CHARSET=latin1;

--
-- Dumping data for table `user_privilege`
--

INSERT INTO `user_privilege` (`privID`, `UserID`, `Doctor`, `CashierAccount`, `CashierCash`, `Medical`, `Laboratory`, `Imaging`, `QualityControl`) VALUES
(1, 4, 0, 0, 1, 0, 0, 0, 0),
(2, 2, 2, 0, 0, 2, 0, 0, 2),
(3, 3, 0, 1, 0, 0, 0, 0, 0),
(4, 6, 0, 0, 0, 0, 1, 0, 0),
(5, 7, 0, 0, 0, 0, 0, 1, 0),
(6, 8, 0, 0, 0, 0, 0, 0, 1),
(7, 12, 2, 2, 2, 2, 2, 2, 2),
(8, 13, 0, 2, 2, 0, 0, 0, 0),
(9, 14, 0, 2, 2, 0, 0, 0, 0),
(10, 5, 0, 0, 0, 2, 0, 0, 0),
(11, 18, 0, 2, 2, 0, 0, 0, 0);

-- --------------------------------------------------------

--
-- Table structure for table `xray_markers`
--

CREATE TABLE `xray_markers` (
  `markerID` int(10) NOT NULL,
  `PatientID` int(10) NOT NULL,
  `TransactionID` int(10) NOT NULL,
  `xrayFilm` varchar(100) NOT NULL,
  `xrayType` varchar(50) NOT NULL,
  `radTech` varchar(50) NOT NULL,
  `totalCount` int(10) NOT NULL
) ENGINE=InnoDB DEFAULT CHARSET=latin1;

--
-- Dumping data for table `xray_markers`
--

INSERT INTO `xray_markers` (`markerID`, `PatientID`, `TransactionID`, `xrayFilm`, `xrayType`, `radTech`, `totalCount`) VALUES
(5, 9, 43, '11x14', 'CHEST PA', 'JORGE', 0),
(6, 39, 43, '11x14', 'CHEST PA', 'JORGE', 0),
(7, 127, 133, '11x14', 'CHEST PA', 'ARBY', 0),
(8, 128, 132, '11x14', 'CHEST PA', 'ARBY', 0);

--
-- Indexes for dumped tables
--

--
-- Indexes for table `lab_chemistry`
--
ALTER TABLE `lab_chemistry`
  ADD PRIMARY KEY (`chemID`);

--
-- Indexes for table `lab_hematology`
--
ALTER TABLE `lab_hematology`
  ADD PRIMARY KEY (`hemaID`);

--
-- Indexes for table `lab_microscopy`
--
ALTER TABLE `lab_microscopy`
  ADD PRIMARY KEY (`microID`);

--
-- Indexes for table `lab_personnel`
--
ALTER TABLE `lab_personnel`
  ADD PRIMARY KEY (`personnelID`);

--
-- Indexes for table `lab_serology`
--
ALTER TABLE `lab_serology`
  ADD PRIMARY KEY (`seroID`);

--
-- Indexes for table `lab_toxicology`
--
ALTER TABLE `lab_toxicology`
  ADD PRIMARY KEY (`toxicID`);

--
-- Indexes for table `print_count`
--
ALTER TABLE `print_count`
  ADD PRIMARY KEY (`PrintID`);

--
-- Indexes for table `qpd_class`
--
ALTER TABLE `qpd_class`
  ADD PRIMARY KEY (`ClassID`);

--
-- Indexes for table `qpd_items`
--
ALTER TABLE `qpd_items`
  ADD PRIMARY KEY (`ItemID`),
  ADD KEY `ItemID` (`ItemID`);

--
-- Indexes for table `qpd_labresult`
--
ALTER TABLE `qpd_labresult`
  ADD PRIMARY KEY (`LabID`);

--
-- Indexes for table `qpd_medhis`
--
ALTER TABLE `qpd_medhis`
  ADD PRIMARY KEY (`MedHisID`),
  ADD UNIQUE KEY `MedHisRef` (`TransactionID`),
  ADD KEY `MedHisRef_2` (`TransactionID`),
  ADD KEY `PatientID` (`PatientID`);

--
-- Indexes for table `qpd_patient`
--
ALTER TABLE `qpd_patient`
  ADD PRIMARY KEY (`PatientID`),
  ADD UNIQUE KEY `id` (`PatientID`),
  ADD UNIQUE KEY `PatientRef` (`PatientRef`),
  ADD KEY `id_2` (`PatientID`),
  ADD KEY `id_3` (`PatientID`);

--
-- Indexes for table `qpd_pdfresult`
--
ALTER TABLE `qpd_pdfresult`
  ADD PRIMARY KEY (`id`);

--
-- Indexes for table `qpd_pe`
--
ALTER TABLE `qpd_pe`
  ADD PRIMARY KEY (`PExamID`),
  ADD UNIQUE KEY `PExamRef` (`TransactionID`),
  ADD KEY `PExamRef_2` (`TransactionID`),
  ADD KEY `PatientID` (`PatientID`);

--
-- Indexes for table `qpd_sendemail`
--
ALTER TABLE `qpd_sendemail`
  ADD PRIMARY KEY (`SendEmailID`);

--
-- Indexes for table `qpd_trans`
--
ALTER TABLE `qpd_trans`
  ADD PRIMARY KEY (`TransactionID`),
  ADD KEY `TransactionRef` (`TransactionRef`),
  ADD KEY `PatientID` (`PatientID`),
  ADD KEY `ItemID` (`ItemID`);

--
-- Indexes for table `qpd_vital`
--
ALTER TABLE `qpd_vital`
  ADD PRIMARY KEY (`VitalsID`),
  ADD UNIQUE KEY `VitalsRef` (`TransactionID`),
  ADD KEY `VitalsRef_2` (`TransactionID`),
  ADD KEY `PatientID` (`PatientID`);

--
-- Indexes for table `qpd_xray`
--
ALTER TABLE `qpd_xray`
  ADD PRIMARY KEY (`XrayID`),
  ADD UNIQUE KEY `XrayRef` (`TransactionID`),
  ADD KEY `XrayRef_2` (`TransactionID`),
  ADD KEY `PatientID` (`PatientID`);

--
-- Indexes for table `tbl_users`
--
ALTER TABLE `tbl_users`
  ADD PRIMARY KEY (`userID`),
  ADD UNIQUE KEY `userEmail` (`userEmail`);

--
-- Indexes for table `temp_patient`
--
ALTER TABLE `temp_patient`
  ADD PRIMARY KEY (`PatientID`),
  ADD UNIQUE KEY `id` (`PatientID`),
  ADD KEY `id_2` (`PatientID`),
  ADD KEY `id_3` (`PatientID`);

--
-- Indexes for table `temp_trans`
--
ALTER TABLE `temp_trans`
  ADD PRIMARY KEY (`TransactionID`);

--
-- Indexes for table `user_privilege`
--
ALTER TABLE `user_privilege`
  ADD PRIMARY KEY (`privID`);

--
-- Indexes for table `xray_markers`
--
ALTER TABLE `xray_markers`
  ADD PRIMARY KEY (`markerID`);

--
-- AUTO_INCREMENT for dumped tables
--

--
-- AUTO_INCREMENT for table `lab_chemistry`
--
ALTER TABLE `lab_chemistry`
  MODIFY `chemID` int(15) NOT NULL AUTO_INCREMENT, AUTO_INCREMENT=7;

--
-- AUTO_INCREMENT for table `lab_hematology`
--
ALTER TABLE `lab_hematology`
  MODIFY `hemaID` int(15) NOT NULL AUTO_INCREMENT, AUTO_INCREMENT=156;

--
-- AUTO_INCREMENT for table `lab_microscopy`
--
ALTER TABLE `lab_microscopy`
  MODIFY `microID` int(11) NOT NULL AUTO_INCREMENT, AUTO_INCREMENT=128;

--
-- AUTO_INCREMENT for table `lab_personnel`
--
ALTER TABLE `lab_personnel`
  MODIFY `personnelID` int(11) NOT NULL AUTO_INCREMENT, AUTO_INCREMENT=7;

--
-- AUTO_INCREMENT for table `lab_serology`
--
ALTER TABLE `lab_serology`
  MODIFY `seroID` int(15) NOT NULL AUTO_INCREMENT, AUTO_INCREMENT=115;

--
-- AUTO_INCREMENT for table `lab_toxicology`
--
ALTER TABLE `lab_toxicology`
  MODIFY `toxicID` int(15) NOT NULL AUTO_INCREMENT, AUTO_INCREMENT=35;

--
-- AUTO_INCREMENT for table `print_count`
--
ALTER TABLE `print_count`
  MODIFY `PrintID` int(20) NOT NULL AUTO_INCREMENT, AUTO_INCREMENT=28;

--
-- AUTO_INCREMENT for table `qpd_class`
--
ALTER TABLE `qpd_class`
  MODIFY `ClassID` int(13) NOT NULL AUTO_INCREMENT, AUTO_INCREMENT=105;

--
-- AUTO_INCREMENT for table `qpd_items`
--
ALTER TABLE `qpd_items`
  MODIFY `ItemID` int(13) NOT NULL AUTO_INCREMENT, AUTO_INCREMENT=1044;

--
-- AUTO_INCREMENT for table `qpd_labresult`
--
ALTER TABLE `qpd_labresult`
  MODIFY `LabID` int(13) NOT NULL AUTO_INCREMENT, AUTO_INCREMENT=2;

--
-- AUTO_INCREMENT for table `qpd_medhis`
--
ALTER TABLE `qpd_medhis`
  MODIFY `MedHisID` int(13) NOT NULL AUTO_INCREMENT, AUTO_INCREMENT=98;

--
-- AUTO_INCREMENT for table `qpd_patient`
--
ALTER TABLE `qpd_patient`
  MODIFY `PatientID` int(13) NOT NULL AUTO_INCREMENT, AUTO_INCREMENT=210;

--
-- AUTO_INCREMENT for table `qpd_pdfresult`
--
ALTER TABLE `qpd_pdfresult`
  MODIFY `id` int(11) NOT NULL AUTO_INCREMENT;

--
-- AUTO_INCREMENT for table `qpd_pe`
--
ALTER TABLE `qpd_pe`
  MODIFY `PExamID` int(13) NOT NULL AUTO_INCREMENT, AUTO_INCREMENT=97;

--
-- AUTO_INCREMENT for table `qpd_sendemail`
--
ALTER TABLE `qpd_sendemail`
  MODIFY `SendEmailID` int(11) NOT NULL AUTO_INCREMENT;

--
-- AUTO_INCREMENT for table `qpd_trans`
--
ALTER TABLE `qpd_trans`
  MODIFY `TransactionID` int(13) UNSIGNED ZEROFILL NOT NULL AUTO_INCREMENT, AUTO_INCREMENT=201;

--
-- AUTO_INCREMENT for table `qpd_vital`
--
ALTER TABLE `qpd_vital`
  MODIFY `VitalsID` int(13) NOT NULL AUTO_INCREMENT, AUTO_INCREMENT=97;

--
-- AUTO_INCREMENT for table `qpd_xray`
--
ALTER TABLE `qpd_xray`
  MODIFY `XrayID` int(13) NOT NULL AUTO_INCREMENT, AUTO_INCREMENT=106;

--
-- AUTO_INCREMENT for table `tbl_users`
--
ALTER TABLE `tbl_users`
  MODIFY `userID` int(11) NOT NULL AUTO_INCREMENT, AUTO_INCREMENT=19;

--
-- AUTO_INCREMENT for table `temp_patient`
--
ALTER TABLE `temp_patient`
  MODIFY `PatientID` int(13) NOT NULL AUTO_INCREMENT;

--
-- AUTO_INCREMENT for table `temp_trans`
--
ALTER TABLE `temp_trans`
  MODIFY `TransactionID` int(13) UNSIGNED ZEROFILL NOT NULL AUTO_INCREMENT;

--
-- AUTO_INCREMENT for table `user_privilege`
--
ALTER TABLE `user_privilege`
  MODIFY `privID` int(11) NOT NULL AUTO_INCREMENT, AUTO_INCREMENT=12;

--
-- AUTO_INCREMENT for table `xray_markers`
--
ALTER TABLE `xray_markers`
  MODIFY `markerID` int(10) NOT NULL AUTO_INCREMENT, AUTO_INCREMENT=9;
COMMIT;

/*!40101 SET CHARACTER_SET_CLIENT=@OLD_CHARACTER_SET_CLIENT */;
/*!40101 SET CHARACTER_SET_RESULTS=@OLD_CHARACTER_SET_RESULTS */;
/*!40101 SET COLLATION_CONNECTION=@OLD_COLLATION_CONNECTION */;
