"ItemID";"ItemName";"ItemPrice";"ItemDescription";"ItemType";"CreationDate";"DateUpdate"
"12";"St. Catherine Realty Corp [ Chest Pa, HBSAG, PE ]";"365.00";;"AccountIndustrial";"2018-11-23 08:12:03";"0000-00-00 00:00:00"
"13";"ALORICA [ BASIC 5 ]";"300.00";;"AccountIndustrial";"2018-11-23 08:16:03";"0000-00-00 00:00:00"
"15";"DNATA(MALE) [ BASIC 5 + DT ]";"450.00";;"AccountIndustrial";"2018-11-23 08:17:52";"0000-00-00 00:00:00"
"16";"DNATA(FEMALE) [ BASIC 5 + PT + DT ]";"520.00";;"AccountIndustrial";"2018-11-23 08:18:45";"0000-00-00 00:00:00"
"17";"MY CLOUD PEOPLE [ BASIC 5 ]";"300.00";;"AccountIndustrial";"2018-11-23 08:27:17";"0000-00-00 00:00:00"
"18";"OWENS ASIA [ BASIC 5 + DRUGTEST SCREENING ] ";"500.00";;"AccountIndustrial";"2018-11-23 08:29:43";"0000-00-00 00:00:00"
"19";"SHORE360 INC. [ BASIC 5 + DRUGTEST SCREENING ] ";"500.00";;"AccountIndustrial";"2018-11-23 08:30:36";"0000-00-00 00:00:00"
"20";"VXI [ BASIC 4 + DRUGTEST SCREENING ] ";"500.00";;"AccountIndustrial";"2018-11-23 08:31:08";"0000-00-00 00:00:00"
"21";"ORIGO BPO [ BASCI 5 + DRUGTEST SCREENING ]";"500.00";;"AccountIndustrial";"2018-11-23 11:49:36";"0000-00-00 00:00:00"
"22";"OUTSOURCED HR SOLUTION CORP. [ BASIC 5 + DRUGTEST SCREENING & OTHERS ] ";"500.00";;"AccountIndustrial";"2018-11-23 11:50:30";"0000-00-00 00:00:00"
"23";"CBC";"225.00";;"AccountHMO";"2018-11-24 07:29:34";"0000-00-00 00:00:00"
"24";"CONSULTATION";"300.00";;"AccountHMO";"2018-11-24 07:49:40";"0000-00-00 00:00:00"
"25";"COCOLIFE [FBS, LIPID, BUA, NA, K , CL, CREA, BUN, SGPT, SGOT, CBC, ECG]";"4255.00";;"AccountHMO";"2018-11-24 09:10:41";"0000-00-00 00:00:00"
"26";"CASH POS";"0.00";;"AccountIndustrial";"2018-11-26 11:13:11";"0000-00-00 00:00:00"
"27";"URINALYSIS";"135.00";"U/A";"AccountHMO";"2018-11-27 15:25:20";"0000-00-00 00:00:00"
"30";"Complete Urinalysis";"75.00";"11 Parameters";"CashLab";"2018-12-01 08:18:58";"0000-00-00 00:00:00"
"31";"Fecalysis";"65.00";" ";"CashLab";"2018-12-20 10:05:19";"0000-00-00 00:00:00"
"32";"CBC";"125.00";"Complete Blood Count";"CashLab";"2019-01-04 15:46:09";"0000-00-00 00:00:00"
"33";"Creatinine";"95.00";" ";"CashLab";"2019-01-04 15:47:57";"0000-00-00 00:00:00"
"34";"SGPT";"110.00";"ALT";"CashLab";"2019-01-04 15:49:55";"0000-00-00 00:00:00"
"35";"BUA";"95.00";"Blood Uric Acid";"CashLab";"2019-01-04 15:51:36";"0000-00-00 00:00:00"
"36";"Lipid Profile";"415.00";"Chole, trigly, HDL, LDL, VLDL, Chole/HDL Ratio";"CashLab";"2019-01-04 15:53:40";"0000-00-00 00:00:00"
"37";"Chest PA";"200.00";"(14x14) WALK IN";"CashImaging";"2019-01-04 15:56:30";"0000-00-00 00:00:00"
"38";"Potassium";"120.00";" ";"CashLab";"2019-01-04 15:58:03";"0000-00-00 00:00:00"
"39";"SGOT";"110.00";"AST";"CashIndustrial";"2019-01-04 15:58:44";"0000-00-00 00:00:00"
"40";"Sodium";"120.00";"Sodium Serum";"CashLab";"2019-01-04 16:00:09";"0000-00-00 00:00:00"
"41";"Basic 5 + Drug Test";"500.00";"CBC, U/A + DT, F/A, Chest PA, P.E";"CashIndustrial";"2019-01-04 16:02:32";"0000-00-00 00:00:00"
"42";"BUN";"95.00";" ";"CashLab";"2019-01-04 16:04:00";"0000-00-00 00:00:00"
"43";"Basic 3";"275.00";"(CXR PA, U/A, F/A)";"CashIndustrial";"2019-01-04 16:05:49";"0000-00-00 00:00:00"
"44";"Basic 5";"350.00";"CBC, U/A, F/A, Chest PA, P.E";"CashIndustrial";"2019-01-04 16:08:52";"0000-00-00 00:00:00"
"45";"HBsAg";"165.00";"(Screening)";"CashLab";"2019-01-04 16:09:37";"0000-00-00 00:00:00"
"47";"Chloride";"120.00";" ";"CashLab";"2019-01-07 11:24:36";"0000-00-00 00:00:00"
"48";"FBS";"80.00";"Fasting Blood Sugar";"CashLab";"2019-01-12 07:47:45";"0000-00-00 00:00:00"
"49";"ABG";"650.00";" ";"CashLab";"2019-01-16 15:14:40";"0000-00-00 00:00:00"
"50";;"0.00";;;"0000-00-00 00:00:00";"0000-00-00 00:00:00"
"51";;"0.00";;;"0000-00-00 00:00:00";"0000-00-00 00:00:00"
"52";;"0.00";;;"0000-00-00 00:00:00";"0000-00-00 00:00:00"
"53";;"0.00";;;"0000-00-00 00:00:00";"0000-00-00 00:00:00"
"54";;"0.00";;;"0000-00-00 00:00:00";"0000-00-00 00:00:00"
"55";;"0.00";;;"0000-00-00 00:00:00";"0000-00-00 00:00:00"
"56";;"0.00";;;"0000-00-00 00:00:00";"0000-00-00 00:00:00"
"57";;"0.00";;;"0000-00-00 00:00:00";"0000-00-00 00:00:00"
"58";;"0.00";;;"0000-00-00 00:00:00";"0000-00-00 00:00:00"
"59";;"0.00";;;"0000-00-00 00:00:00";"0000-00-00 00:00:00"
"60";;"0.00";;;"0000-00-00 00:00:00";"0000-00-00 00:00:00"
"61";;"0.00";;;"0000-00-00 00:00:00";"0000-00-00 00:00:00"
"62";;"0.00";;;"0000-00-00 00:00:00";"0000-00-00 00:00:00"
"63";;"0.00";;;"0000-00-00 00:00:00";"0000-00-00 00:00:00"
"64";;"0.00";;;"0000-00-00 00:00:00";"0000-00-00 00:00:00"
"65";;"0.00";;;"0000-00-00 00:00:00";"0000-00-00 00:00:00"
"66";;"0.00";;;"0000-00-00 00:00:00";"0000-00-00 00:00:00"
"67";;"0.00";;;"0000-00-00 00:00:00";"0000-00-00 00:00:00"
"68";;"0.00";;;"0000-00-00 00:00:00";"0000-00-00 00:00:00"
"69";;"0.00";;;"0000-00-00 00:00:00";"0000-00-00 00:00:00"
"70";;"0.00";;;"0000-00-00 00:00:00";"0000-00-00 00:00:00"
"71";;"0.00";;;"0000-00-00 00:00:00";"0000-00-00 00:00:00"
"72";;"0.00";;;"0000-00-00 00:00:00";"0000-00-00 00:00:00"
"73";;"0.00";;;"0000-00-00 00:00:00";"0000-00-00 00:00:00"
"74";;"0.00";;;"0000-00-00 00:00:00";"0000-00-00 00:00:00"
"75";;"0.00";;;"0000-00-00 00:00:00";"0000-00-00 00:00:00"
"76";;"0.00";;;"0000-00-00 00:00:00";"0000-00-00 00:00:00"
"77";;"0.00";;;"0000-00-00 00:00:00";"0000-00-00 00:00:00"
"78";;"0.00";;;"0000-00-00 00:00:00";"0000-00-00 00:00:00"
"79";;"0.00";;;"0000-00-00 00:00:00";"0000-00-00 00:00:00"
"80";;"0.00";;;"0000-00-00 00:00:00";"0000-00-00 00:00:00"
"81";;"0.00";;;"0000-00-00 00:00:00";"0000-00-00 00:00:00"
"82";;"0.00";;;"0000-00-00 00:00:00";"0000-00-00 00:00:00"
"83";;"0.00";;;"0000-00-00 00:00:00";"0000-00-00 00:00:00"
"84";;"0.00";;;"0000-00-00 00:00:00";"0000-00-00 00:00:00"
"85";;"0.00";;;"0000-00-00 00:00:00";"0000-00-00 00:00:00"
"86";;"0.00";;;"0000-00-00 00:00:00";"0000-00-00 00:00:00"
"87";;"0.00";;;"0000-00-00 00:00:00";"0000-00-00 00:00:00"
"88";;"0.00";;;"0000-00-00 00:00:00";"0000-00-00 00:00:00"
"89";;"0.00";;;"0000-00-00 00:00:00";"0000-00-00 00:00:00"
"90";;"0.00";;;"0000-00-00 00:00:00";"0000-00-00 00:00:00"
"91";;"0.00";;;"0000-00-00 00:00:00";"0000-00-00 00:00:00"
"92";;"0.00";;;"0000-00-00 00:00:00";"0000-00-00 00:00:00"
"93";;"0.00";;;"0000-00-00 00:00:00";"0000-00-00 00:00:00"
"94";;"0.00";;;"0000-00-00 00:00:00";"0000-00-00 00:00:00"
"95";;"0.00";;;"0000-00-00 00:00:00";"0000-00-00 00:00:00"
"96";;"0.00";;;"0000-00-00 00:00:00";"0000-00-00 00:00:00"
"97";;"0.00";;;"0000-00-00 00:00:00";"0000-00-00 00:00:00"
"98";;"0.00";;;"0000-00-00 00:00:00";"0000-00-00 00:00:00"
"99";;"0.00";;;"0000-00-00 00:00:00";"0000-00-00 00:00:00"
"100";;"0.00";;;"0000-00-00 00:00:00";"0000-00-00 00:00:00"
"101";;"0.00";;;"0000-00-00 00:00:00";"0000-00-00 00:00:00"
"102";;"0.00";;;"0000-00-00 00:00:00";"0000-00-00 00:00:00"
"103";;"0.00";;;"0000-00-00 00:00:00";"0000-00-00 00:00:00"
"104";;"0.00";;;"0000-00-00 00:00:00";"0000-00-00 00:00:00"
"105";;"0.00";;;"0000-00-00 00:00:00";"0000-00-00 00:00:00"
"106";;"0.00";;;"0000-00-00 00:00:00";"0000-00-00 00:00:00"
"107";;"0.00";;;"0000-00-00 00:00:00";"0000-00-00 00:00:00"
"108";;"0.00";;;"0000-00-00 00:00:00";"0000-00-00 00:00:00"
"109";;"0.00";;;"0000-00-00 00:00:00";"0000-00-00 00:00:00"
"110";;"0.00";;;"0000-00-00 00:00:00";"0000-00-00 00:00:00"
"111";;"0.00";;;"0000-00-00 00:00:00";"0000-00-00 00:00:00"
"112";;"0.00";;;"0000-00-00 00:00:00";"0000-00-00 00:00:00"
"113";;"0.00";;;"0000-00-00 00:00:00";"0000-00-00 00:00:00"
"114";;"0.00";;;"0000-00-00 00:00:00";"0000-00-00 00:00:00"
"115";;"0.00";;;"0000-00-00 00:00:00";"0000-00-00 00:00:00"
"116";;"0.00";;;"0000-00-00 00:00:00";"0000-00-00 00:00:00"
"117";;"0.00";;;"0000-00-00 00:00:00";"0000-00-00 00:00:00"
"118";;"0.00";;;"0000-00-00 00:00:00";"0000-00-00 00:00:00"
"119";;"0.00";;;"0000-00-00 00:00:00";"0000-00-00 00:00:00"
"120";;"0.00";;;"0000-00-00 00:00:00";"0000-00-00 00:00:00"
"121";;"0.00";;;"0000-00-00 00:00:00";"0000-00-00 00:00:00"
"122";;"0.00";;;"0000-00-00 00:00:00";"0000-00-00 00:00:00"
"123";;"0.00";;;"0000-00-00 00:00:00";"0000-00-00 00:00:00"
"124";;"0.00";;;"0000-00-00 00:00:00";"0000-00-00 00:00:00"
"125";;"0.00";;;"0000-00-00 00:00:00";"0000-00-00 00:00:00"
"126";;"0.00";;;"0000-00-00 00:00:00";"0000-00-00 00:00:00"
"127";;"0.00";;;"0000-00-00 00:00:00";"0000-00-00 00:00:00"
"128";;"0.00";;;"0000-00-00 00:00:00";"0000-00-00 00:00:00"
"129";;"0.00";;;"0000-00-00 00:00:00";"0000-00-00 00:00:00"
"130";;"0.00";;;"0000-00-00 00:00:00";"0000-00-00 00:00:00"
"131";;"0.00";;;"0000-00-00 00:00:00";"0000-00-00 00:00:00"
"132";;"0.00";;;"0000-00-00 00:00:00";"0000-00-00 00:00:00"
"133";;"0.00";;;"0000-00-00 00:00:00";"0000-00-00 00:00:00"
"134";;"0.00";;;"0000-00-00 00:00:00";"0000-00-00 00:00:00"
"135";;"0.00";;;"0000-00-00 00:00:00";"0000-00-00 00:00:00"
"136";;"0.00";;;"0000-00-00 00:00:00";"0000-00-00 00:00:00"
"137";;"0.00";;;"0000-00-00 00:00:00";"0000-00-00 00:00:00"
"138";;"0.00";;;"0000-00-00 00:00:00";"0000-00-00 00:00:00"
"139";;"0.00";;;"0000-00-00 00:00:00";"0000-00-00 00:00:00"
"140";;"0.00";;;"0000-00-00 00:00:00";"0000-00-00 00:00:00"
"141";;"0.00";;;"0000-00-00 00:00:00";"0000-00-00 00:00:00"
"142";;"0.00";;;"0000-00-00 00:00:00";"0000-00-00 00:00:00"
"143";;"0.00";;;"0000-00-00 00:00:00";"0000-00-00 00:00:00"
"144";;"0.00";;;"0000-00-00 00:00:00";"0000-00-00 00:00:00"
"145";;"0.00";;;"0000-00-00 00:00:00";"0000-00-00 00:00:00"
"146";;"0.00";;;"0000-00-00 00:00:00";"0000-00-00 00:00:00"
"147";;"0.00";;;"0000-00-00 00:00:00";"0000-00-00 00:00:00"
"148";;"0.00";;;"0000-00-00 00:00:00";"0000-00-00 00:00:00"
"149";;"0.00";;;"0000-00-00 00:00:00";"0000-00-00 00:00:00"
"150";;"0.00";;;"0000-00-00 00:00:00";"0000-00-00 00:00:00"
"151";;"0.00";;;"0000-00-00 00:00:00";"0000-00-00 00:00:00"
"152";;"0.00";;;"0000-00-00 00:00:00";"0000-00-00 00:00:00"
"153";;"0.00";;;"0000-00-00 00:00:00";"0000-00-00 00:00:00"
"154";;"0.00";;;"0000-00-00 00:00:00";"0000-00-00 00:00:00"
"155";;"0.00";;;"0000-00-00 00:00:00";"0000-00-00 00:00:00"
"156";;"0.00";;;"0000-00-00 00:00:00";"0000-00-00 00:00:00"
"157";;"0.00";;;"0000-00-00 00:00:00";"0000-00-00 00:00:00"
"158";;"0.00";;;"0000-00-00 00:00:00";"0000-00-00 00:00:00"
"159";;"0.00";;;"0000-00-00 00:00:00";"0000-00-00 00:00:00"
"160";;"0.00";;;"0000-00-00 00:00:00";"0000-00-00 00:00:00"
"161";;"0.00";;;"0000-00-00 00:00:00";"0000-00-00 00:00:00"
"162";;"0.00";;;"0000-00-00 00:00:00";"0000-00-00 00:00:00"
"163";;"0.00";;;"0000-00-00 00:00:00";"0000-00-00 00:00:00"
"164";;"0.00";;;"0000-00-00 00:00:00";"0000-00-00 00:00:00"
"165";;"0.00";;;"0000-00-00 00:00:00";"0000-00-00 00:00:00"
"166";;"0.00";;;"0000-00-00 00:00:00";"0000-00-00 00:00:00"
"167";;"0.00";;;"0000-00-00 00:00:00";"0000-00-00 00:00:00"
"168";;"0.00";;;"0000-00-00 00:00:00";"0000-00-00 00:00:00"
"169";;"0.00";;;"0000-00-00 00:00:00";"0000-00-00 00:00:00"
"170";;"0.00";;;"0000-00-00 00:00:00";"0000-00-00 00:00:00"
"171";;"0.00";;;"0000-00-00 00:00:00";"0000-00-00 00:00:00"
"172";;"0.00";;;"0000-00-00 00:00:00";"0000-00-00 00:00:00"
"173";;"0.00";;;"0000-00-00 00:00:00";"0000-00-00 00:00:00"
"174";;"0.00";;;"0000-00-00 00:00:00";"0000-00-00 00:00:00"
"175";;"0.00";;;"0000-00-00 00:00:00";"0000-00-00 00:00:00"
"176";;"0.00";;;"0000-00-00 00:00:00";"0000-00-00 00:00:00"
"177";;"0.00";;;"0000-00-00 00:00:00";"0000-00-00 00:00:00"
"178";;"0.00";;;"0000-00-00 00:00:00";"0000-00-00 00:00:00"
"179";;"0.00";;;"0000-00-00 00:00:00";"0000-00-00 00:00:00"
"180";;"0.00";;;"0000-00-00 00:00:00";"0000-00-00 00:00:00"
"181";;"0.00";;;"0000-00-00 00:00:00";"0000-00-00 00:00:00"
"182";;"0.00";;;"0000-00-00 00:00:00";"0000-00-00 00:00:00"
"183";;"0.00";;;"0000-00-00 00:00:00";"0000-00-00 00:00:00"
"184";;"0.00";;;"0000-00-00 00:00:00";"0000-00-00 00:00:00"
"185";;"0.00";;;"0000-00-00 00:00:00";"0000-00-00 00:00:00"
"186";;"0.00";;;"0000-00-00 00:00:00";"0000-00-00 00:00:00"
"187";;"0.00";;;"0000-00-00 00:00:00";"0000-00-00 00:00:00"
"188";;"0.00";;;"0000-00-00 00:00:00";"0000-00-00 00:00:00"
"189";;"0.00";;;"0000-00-00 00:00:00";"0000-00-00 00:00:00"
"190";;"0.00";;;"0000-00-00 00:00:00";"0000-00-00 00:00:00"
"191";;"0.00";;;"0000-00-00 00:00:00";"0000-00-00 00:00:00"
"192";;"0.00";;;"0000-00-00 00:00:00";"0000-00-00 00:00:00"
"193";;"0.00";;;"0000-00-00 00:00:00";"0000-00-00 00:00:00"
"194";;"0.00";;;"0000-00-00 00:00:00";"0000-00-00 00:00:00"
"195";;"0.00";;;"0000-00-00 00:00:00";"0000-00-00 00:00:00"
"196";;"0.00";;;"0000-00-00 00:00:00";"0000-00-00 00:00:00"
"197";;"0.00";;;"0000-00-00 00:00:00";"0000-00-00 00:00:00"
"198";;"0.00";;;"0000-00-00 00:00:00";"0000-00-00 00:00:00"
"199";;"0.00";;;"0000-00-00 00:00:00";"0000-00-00 00:00:00"
"200";;"0.00";;;"0000-00-00 00:00:00";"0000-00-00 00:00:00"
"201";;"0.00";;;"0000-00-00 00:00:00";"0000-00-00 00:00:00"
"202";;"0.00";;;"0000-00-00 00:00:00";"0000-00-00 00:00:00"
"203";;"0.00";;;"0000-00-00 00:00:00";"0000-00-00 00:00:00"
"204";;"0.00";;;"0000-00-00 00:00:00";"0000-00-00 00:00:00"
"205";;"0.00";;;"0000-00-00 00:00:00";"0000-00-00 00:00:00"
"206";;"0.00";;;"0000-00-00 00:00:00";"0000-00-00 00:00:00"
"207";;"0.00";;;"0000-00-00 00:00:00";"0000-00-00 00:00:00"
"208";;"0.00";;;"0000-00-00 00:00:00";"0000-00-00 00:00:00"
"209";;"0.00";;;"0000-00-00 00:00:00";"0000-00-00 00:00:00"
"210";;"0.00";;;"0000-00-00 00:00:00";"0000-00-00 00:00:00"
"211";;"0.00";;;"0000-00-00 00:00:00";"0000-00-00 00:00:00"
"212";;"0.00";;;"0000-00-00 00:00:00";"0000-00-00 00:00:00"
"213";;"0.00";;;"0000-00-00 00:00:00";"0000-00-00 00:00:00"
"214";;"0.00";;;"0000-00-00 00:00:00";"0000-00-00 00:00:00"
"215";;"0.00";;;"0000-00-00 00:00:00";"0000-00-00 00:00:00"
"216";;"0.00";;;"0000-00-00 00:00:00";"0000-00-00 00:00:00"
"217";;"0.00";;;"0000-00-00 00:00:00";"0000-00-00 00:00:00"
"218";;"0.00";;;"0000-00-00 00:00:00";"0000-00-00 00:00:00"
"219";;"0.00";;;"0000-00-00 00:00:00";"0000-00-00 00:00:00"
"220";;"0.00";;;"0000-00-00 00:00:00";"0000-00-00 00:00:00"
"221";;"0.00";;;"0000-00-00 00:00:00";"0000-00-00 00:00:00"
"222";;"0.00";;;"0000-00-00 00:00:00";"0000-00-00 00:00:00"
"223";;"0.00";;;"0000-00-00 00:00:00";"0000-00-00 00:00:00"
"224";;"0.00";;;"0000-00-00 00:00:00";"0000-00-00 00:00:00"
"225";;"0.00";;;"0000-00-00 00:00:00";"0000-00-00 00:00:00"
"226";;"0.00";;;"0000-00-00 00:00:00";"0000-00-00 00:00:00"
"227";;"0.00";;;"0000-00-00 00:00:00";"0000-00-00 00:00:00"
"228";;"0.00";;;"0000-00-00 00:00:00";"0000-00-00 00:00:00"
"229";;"0.00";;;"0000-00-00 00:00:00";"0000-00-00 00:00:00"
"230";;"0.00";;;"0000-00-00 00:00:00";"0000-00-00 00:00:00"
"231";;"0.00";;;"0000-00-00 00:00:00";"0000-00-00 00:00:00"
"232";;"0.00";;;"0000-00-00 00:00:00";"0000-00-00 00:00:00"
"233";;"0.00";;;"0000-00-00 00:00:00";"0000-00-00 00:00:00"
"234";;"0.00";;;"0000-00-00 00:00:00";"0000-00-00 00:00:00"
"235";;"0.00";;;"0000-00-00 00:00:00";"0000-00-00 00:00:00"
"236";;"0.00";;;"0000-00-00 00:00:00";"0000-00-00 00:00:00"
"237";;"0.00";;;"0000-00-00 00:00:00";"0000-00-00 00:00:00"
"238";;"0.00";;;"0000-00-00 00:00:00";"0000-00-00 00:00:00"
"239";;"0.00";;;"0000-00-00 00:00:00";"0000-00-00 00:00:00"
"240";;"0.00";;;"0000-00-00 00:00:00";"0000-00-00 00:00:00"
"241";;"0.00";;;"0000-00-00 00:00:00";"0000-00-00 00:00:00"
"242";;"0.00";;;"0000-00-00 00:00:00";"0000-00-00 00:00:00"
"243";;"0.00";;;"0000-00-00 00:00:00";"0000-00-00 00:00:00"
"244";;"0.00";;;"0000-00-00 00:00:00";"0000-00-00 00:00:00"
"245";;"0.00";;;"0000-00-00 00:00:00";"0000-00-00 00:00:00"
"246";;"0.00";;;"0000-00-00 00:00:00";"0000-00-00 00:00:00"
"247";;"0.00";;;"0000-00-00 00:00:00";"0000-00-00 00:00:00"
"248";;"0.00";;;"0000-00-00 00:00:00";"0000-00-00 00:00:00"
"249";;"0.00";;;"0000-00-00 00:00:00";"0000-00-00 00:00:00"
"250";;"0.00";;;"0000-00-00 00:00:00";"0000-00-00 00:00:00"
"251";;"0.00";;;"0000-00-00 00:00:00";"0000-00-00 00:00:00"
"252";;"0.00";;;"0000-00-00 00:00:00";"0000-00-00 00:00:00"
"253";;"0.00";;;"0000-00-00 00:00:00";"0000-00-00 00:00:00"
"254";;"0.00";;;"0000-00-00 00:00:00";"0000-00-00 00:00:00"
"364";;"0.00";;;"0000-00-00 00:00:00";"0000-00-00 00:00:00"
"365";;"0.00";;;"0000-00-00 00:00:00";"0000-00-00 00:00:00"
"366";;"0.00";;;"0000-00-00 00:00:00";"0000-00-00 00:00:00"
"367";;"0.00";;;"0000-00-00 00:00:00";"0000-00-00 00:00:00"
"368";;"0.00";;;"0000-00-00 00:00:00";"0000-00-00 00:00:00"
"369";;"0.00";;;"0000-00-00 00:00:00";"0000-00-00 00:00:00"
"370";;"0.00";;;"0000-00-00 00:00:00";"0000-00-00 00:00:00"
"371";;"0.00";;;"0000-00-00 00:00:00";"0000-00-00 00:00:00"
"372";;"0.00";;;"0000-00-00 00:00:00";"0000-00-00 00:00:00"
"373";;"0.00";;;"0000-00-00 00:00:00";"0000-00-00 00:00:00"
"374";;"0.00";;;"0000-00-00 00:00:00";"0000-00-00 00:00:00"
"375";;"0.00";;;"0000-00-00 00:00:00";"0000-00-00 00:00:00"
"379";;"0.00";;;"0000-00-00 00:00:00";"0000-00-00 00:00:00"
"387";;"0.00";;;"0000-00-00 00:00:00";"0000-00-00 00:00:00"
"388";;"0.00";;;"0000-00-00 00:00:00";"0000-00-00 00:00:00"
"390";;"0.00";;;"0000-00-00 00:00:00";"0000-00-00 00:00:00"
"392";;"0.00";;;"0000-00-00 00:00:00";"0000-00-00 00:00:00"
"393";;"0.00";;;"0000-00-00 00:00:00";"0000-00-00 00:00:00"
"395";;"0.00";;;"0000-00-00 00:00:00";"0000-00-00 00:00:00"
"400";;"0.00";;;"0000-00-00 00:00:00";"0000-00-00 00:00:00"
"403";;"0.00";;;"0000-00-00 00:00:00";"0000-00-00 00:00:00"
"410";;"0.00";;;"0000-00-00 00:00:00";"0000-00-00 00:00:00"
"411";;"0.00";;;"0000-00-00 00:00:00";"0000-00-00 00:00:00"
"412";;"0.00";;;"0000-00-00 00:00:00";"0000-00-00 00:00:00"
"415";;"0.00";;;"0000-00-00 00:00:00";"0000-00-00 00:00:00"
"418";;"0.00";;;"0000-00-00 00:00:00";"0000-00-00 00:00:00"
"440";;"0.00";;;"0000-00-00 00:00:00";"0000-00-00 00:00:00"
"446";;"0.00";;;"0000-00-00 00:00:00";"0000-00-00 00:00:00"
"447";;"0.00";;;"0000-00-00 00:00:00";"0000-00-00 00:00:00"
"448";;"0.00";;;"0000-00-00 00:00:00";"0000-00-00 00:00:00"
"449";;"0.00";;;"0000-00-00 00:00:00";"0000-00-00 00:00:00"
"450";;"0.00";;;"0000-00-00 00:00:00";"0000-00-00 00:00:00"
"451";;"0.00";;;"0000-00-00 00:00:00";"0000-00-00 00:00:00"
"452";;"0.00";;;"0000-00-00 00:00:00";"0000-00-00 00:00:00"
"455";;"0.00";;;"0000-00-00 00:00:00";"0000-00-00 00:00:00"
"457";;"0.00";;;"0000-00-00 00:00:00";"0000-00-00 00:00:00"
"459";;"0.00";;;"0000-00-00 00:00:00";"0000-00-00 00:00:00"
"463";;"0.00";;;"0000-00-00 00:00:00";"0000-00-00 00:00:00"
"466";;"0.00";;;"0000-00-00 00:00:00";"0000-00-00 00:00:00"
"467";;"0.00";;;"0000-00-00 00:00:00";"0000-00-00 00:00:00"
"482";;"0.00";;;"0000-00-00 00:00:00";"0000-00-00 00:00:00"
"484";;"0.00";;;"0000-00-00 00:00:00";"0000-00-00 00:00:00"
"487";;"0.00";;;"0000-00-00 00:00:00";"0000-00-00 00:00:00"
"488";;"0.00";;;"0000-00-00 00:00:00";"0000-00-00 00:00:00"
"489";;"0.00";;;"0000-00-00 00:00:00";"0000-00-00 00:00:00"
"490";;"0.00";;;"0000-00-00 00:00:00";"0000-00-00 00:00:00"
"492";;"0.00";;;"0000-00-00 00:00:00";"0000-00-00 00:00:00"
"494";;"0.00";;;"0000-00-00 00:00:00";"0000-00-00 00:00:00"
"495";;"0.00";;;"0000-00-00 00:00:00";"0000-00-00 00:00:00"
"496";;"0.00";;;"0000-00-00 00:00:00";"0000-00-00 00:00:00"
"514";;"0.00";;;"0000-00-00 00:00:00";"0000-00-00 00:00:00"
"515";;"0.00";;;"0000-00-00 00:00:00";"0000-00-00 00:00:00"
"534";;"0.00";;;"0000-00-00 00:00:00";"0000-00-00 00:00:00"
"537";;"0.00";;;"0000-00-00 00:00:00";"0000-00-00 00:00:00"
"546";;"0.00";;;"0000-00-00 00:00:00";"0000-00-00 00:00:00"
"548";;"0.00";;;"0000-00-00 00:00:00";"0000-00-00 00:00:00"
"552";;"0.00";;;"0000-00-00 00:00:00";"0000-00-00 00:00:00"
"554";;"0.00";;;"0000-00-00 00:00:00";"0000-00-00 00:00:00"
"555";;"0.00";;;"0000-00-00 00:00:00";"0000-00-00 00:00:00"
"556";;"0.00";;;"0000-00-00 00:00:00";"0000-00-00 00:00:00"
"557";;"0.00";;;"0000-00-00 00:00:00";"0000-00-00 00:00:00"
"558";;"0.00";;;"0000-00-00 00:00:00";"0000-00-00 00:00:00"
"559";;"0.00";;;"0000-00-00 00:00:00";"0000-00-00 00:00:00"
"560";;"0.00";;;"0000-00-00 00:00:00";"0000-00-00 00:00:00"
"561";;"0.00";;;"0000-00-00 00:00:00";"0000-00-00 00:00:00"
"562";;"0.00";;;"0000-00-00 00:00:00";"0000-00-00 00:00:00"
"563";;"0.00";;;"0000-00-00 00:00:00";"0000-00-00 00:00:00"
"564";;"0.00";;;"0000-00-00 00:00:00";"0000-00-00 00:00:00"
"565";;"0.00";;;"0000-00-00 00:00:00";"0000-00-00 00:00:00"
"566";;"0.00";;;"0000-00-00 00:00:00";"0000-00-00 00:00:00"
"567";;"0.00";;;"0000-00-00 00:00:00";"0000-00-00 00:00:00"
"568";;"0.00";;;"0000-00-00 00:00:00";"0000-00-00 00:00:00"
"569";;"0.00";;;"0000-00-00 00:00:00";"0000-00-00 00:00:00"
"570";;"0.00";;;"0000-00-00 00:00:00";"0000-00-00 00:00:00"
"571";;"0.00";;;"0000-00-00 00:00:00";"0000-00-00 00:00:00"
"572";;"0.00";;;"0000-00-00 00:00:00";"0000-00-00 00:00:00"
"573";;"0.00";;;"0000-00-00 00:00:00";"0000-00-00 00:00:00"
"575";;"0.00";;;"0000-00-00 00:00:00";"0000-00-00 00:00:00"
"576";;"0.00";;;"0000-00-00 00:00:00";"0000-00-00 00:00:00"
"578";;"0.00";;;"0000-00-00 00:00:00";"0000-00-00 00:00:00"
"579";;"0.00";;;"0000-00-00 00:00:00";"0000-00-00 00:00:00"
"580";;"0.00";;;"0000-00-00 00:00:00";"0000-00-00 00:00:00"
"581";;"0.00";;;"0000-00-00 00:00:00";"0000-00-00 00:00:00"
"582";;"0.00";;;"0000-00-00 00:00:00";"0000-00-00 00:00:00"
"583";;"0.00";;;"0000-00-00 00:00:00";"0000-00-00 00:00:00"
"584";;"0.00";;;"0000-00-00 00:00:00";"0000-00-00 00:00:00"
"585";;"0.00";;;"0000-00-00 00:00:00";"0000-00-00 00:00:00"
"587";;"0.00";;;"0000-00-00 00:00:00";"0000-00-00 00:00:00"
"591";;"0.00";;;"0000-00-00 00:00:00";"0000-00-00 00:00:00"
"595";;"0.00";;;"0000-00-00 00:00:00";"0000-00-00 00:00:00"
"596";;"0.00";;;"0000-00-00 00:00:00";"0000-00-00 00:00:00"
"598";;"0.00";;;"0000-00-00 00:00:00";"0000-00-00 00:00:00"
"599";;"0.00";;;"0000-00-00 00:00:00";"0000-00-00 00:00:00"
"600";;"0.00";;;"0000-00-00 00:00:00";"0000-00-00 00:00:00"
"601";;"0.00";;;"0000-00-00 00:00:00";"0000-00-00 00:00:00"
"602";;"0.00";;;"0000-00-00 00:00:00";"0000-00-00 00:00:00"
"603";;"0.00";;;"0000-00-00 00:00:00";"0000-00-00 00:00:00"
"604";;"0.00";;;"0000-00-00 00:00:00";"0000-00-00 00:00:00"
"606";;"0.00";;;"0000-00-00 00:00:00";"0000-00-00 00:00:00"
"607";;"0.00";;;"0000-00-00 00:00:00";"0000-00-00 00:00:00"
"609";;"0.00";;;"0000-00-00 00:00:00";"0000-00-00 00:00:00"
"610";;"0.00";;;"0000-00-00 00:00:00";"0000-00-00 00:00:00"
"611";;"0.00";;;"0000-00-00 00:00:00";"0000-00-00 00:00:00"
"612";;"0.00";;;"0000-00-00 00:00:00";"0000-00-00 00:00:00"
"613";;"0.00";;;"0000-00-00 00:00:00";"0000-00-00 00:00:00"
"614";;"0.00";;;"0000-00-00 00:00:00";"0000-00-00 00:00:00"
"616";;"0.00";;;"0000-00-00 00:00:00";"0000-00-00 00:00:00"
"617";;"0.00";;;"0000-00-00 00:00:00";"0000-00-00 00:00:00"
"618";;"0.00";;;"0000-00-00 00:00:00";"0000-00-00 00:00:00"
"619";;"0.00";;;"0000-00-00 00:00:00";"0000-00-00 00:00:00"
"620";;"0.00";;;"0000-00-00 00:00:00";"0000-00-00 00:00:00"
"621";;"0.00";;;"0000-00-00 00:00:00";"0000-00-00 00:00:00"
"622";;"0.00";;;"0000-00-00 00:00:00";"0000-00-00 00:00:00"
"623";;"0.00";;;"0000-00-00 00:00:00";"0000-00-00 00:00:00"
"624";;"0.00";;;"0000-00-00 00:00:00";"0000-00-00 00:00:00"
"625";;"0.00";;;"0000-00-00 00:00:00";"0000-00-00 00:00:00"
"626";;"0.00";;;"0000-00-00 00:00:00";"0000-00-00 00:00:00"
"627";;"0.00";;;"0000-00-00 00:00:00";"0000-00-00 00:00:00"
"628";;"0.00";;;"0000-00-00 00:00:00";"0000-00-00 00:00:00"
"629";;"0.00";;;"0000-00-00 00:00:00";"0000-00-00 00:00:00"
"630";;"0.00";;;"0000-00-00 00:00:00";"0000-00-00 00:00:00"
"645";;"0.00";;;"0000-00-00 00:00:00";"0000-00-00 00:00:00"
"646";;"0.00";;;"0000-00-00 00:00:00";"0000-00-00 00:00:00"
"647";;"0.00";;;"0000-00-00 00:00:00";"0000-00-00 00:00:00"
"650";;"0.00";;;"0000-00-00 00:00:00";"0000-00-00 00:00:00"
"653";;"0.00";;;"0000-00-00 00:00:00";"0000-00-00 00:00:00"
"654";;"0.00";;;"0000-00-00 00:00:00";"0000-00-00 00:00:00"
"655";;"0.00";;;"0000-00-00 00:00:00";"0000-00-00 00:00:00"
"656";;"0.00";;;"0000-00-00 00:00:00";"0000-00-00 00:00:00"
"658";;"0.00";;;"0000-00-00 00:00:00";"0000-00-00 00:00:00"
"659";;"0.00";;;"0000-00-00 00:00:00";"0000-00-00 00:00:00"
"662";;"0.00";;;"0000-00-00 00:00:00";"0000-00-00 00:00:00"
"663";;"0.00";;;"0000-00-00 00:00:00";"0000-00-00 00:00:00"
"665";;"0.00";;;"0000-00-00 00:00:00";"0000-00-00 00:00:00"
"666";;"0.00";;;"0000-00-00 00:00:00";"0000-00-00 00:00:00"
"667";;"0.00";;;"0000-00-00 00:00:00";"0000-00-00 00:00:00"
"668";;"0.00";;;"0000-00-00 00:00:00";"0000-00-00 00:00:00"
"669";;"0.00";;;"0000-00-00 00:00:00";"0000-00-00 00:00:00"
"670";;"0.00";;;"0000-00-00 00:00:00";"0000-00-00 00:00:00"
"671";;"0.00";;;"0000-00-00 00:00:00";"0000-00-00 00:00:00"
"672";;"0.00";;;"0000-00-00 00:00:00";"0000-00-00 00:00:00"
"673";;"0.00";;;"0000-00-00 00:00:00";"0000-00-00 00:00:00"
"674";;"0.00";;;"0000-00-00 00:00:00";"0000-00-00 00:00:00"
"678";;"0.00";;;"0000-00-00 00:00:00";"0000-00-00 00:00:00"
"679";;"0.00";;;"0000-00-00 00:00:00";"0000-00-00 00:00:00"
"680";;"0.00";;;"0000-00-00 00:00:00";"0000-00-00 00:00:00"
"681";;"0.00";;;"0000-00-00 00:00:00";"0000-00-00 00:00:00"
"682";;"0.00";;;"0000-00-00 00:00:00";"0000-00-00 00:00:00"
"683";;"0.00";;;"0000-00-00 00:00:00";"0000-00-00 00:00:00"
"684";;"0.00";;;"0000-00-00 00:00:00";"0000-00-00 00:00:00"
"685";;"0.00";;;"0000-00-00 00:00:00";"0000-00-00 00:00:00"
"686";;"0.00";;;"0000-00-00 00:00:00";"0000-00-00 00:00:00"
"687";;"0.00";;;"0000-00-00 00:00:00";"0000-00-00 00:00:00"
"688";;"0.00";;;"0000-00-00 00:00:00";"0000-00-00 00:00:00"
"689";;"0.00";;;"0000-00-00 00:00:00";"0000-00-00 00:00:00"
"690";;"0.00";;;"0000-00-00 00:00:00";"0000-00-00 00:00:00"
"691";;"0.00";;;"0000-00-00 00:00:00";"0000-00-00 00:00:00"
"692";;"0.00";;;"0000-00-00 00:00:00";"0000-00-00 00:00:00"
"694";;"0.00";;;"0000-00-00 00:00:00";"0000-00-00 00:00:00"
"695";;"0.00";;;"0000-00-00 00:00:00";"0000-00-00 00:00:00"
"697";;"0.00";;;"0000-00-00 00:00:00";"0000-00-00 00:00:00"
"698";;"0.00";;;"0000-00-00 00:00:00";"0000-00-00 00:00:00"
"700";;"0.00";;;"0000-00-00 00:00:00";"0000-00-00 00:00:00"
"707";;"0.00";;;"0000-00-00 00:00:00";"0000-00-00 00:00:00"
"708";;"0.00";;;"0000-00-00 00:00:00";"0000-00-00 00:00:00"
"715";;"0.00";;;"0000-00-00 00:00:00";"0000-00-00 00:00:00"
"716";;"0.00";;;"0000-00-00 00:00:00";"0000-00-00 00:00:00"
"719";;"0.00";;;"0000-00-00 00:00:00";"0000-00-00 00:00:00"
"722";;"0.00";;;"0000-00-00 00:00:00";"0000-00-00 00:00:00"
"726";;"0.00";;;"0000-00-00 00:00:00";"0000-00-00 00:00:00"
"727";;"0.00";;;"0000-00-00 00:00:00";"0000-00-00 00:00:00"
"728";;"0.00";;;"0000-00-00 00:00:00";"0000-00-00 00:00:00"
"729";;"0.00";;;"0000-00-00 00:00:00";"0000-00-00 00:00:00"
"730";;"0.00";;;"0000-00-00 00:00:00";"0000-00-00 00:00:00"
"731";;"0.00";;;"0000-00-00 00:00:00";"0000-00-00 00:00:00"
"732";;"0.00";;;"0000-00-00 00:00:00";"0000-00-00 00:00:00"
"733";;"0.00";;;"0000-00-00 00:00:00";"0000-00-00 00:00:00"
"735";;"0.00";;;"0000-00-00 00:00:00";"0000-00-00 00:00:00"
"736";;"0.00";;;"0000-00-00 00:00:00";"0000-00-00 00:00:00"
"738";;"0.00";;;"0000-00-00 00:00:00";"0000-00-00 00:00:00"
"739";;"0.00";;;"0000-00-00 00:00:00";"0000-00-00 00:00:00"
"740";;"0.00";;;"0000-00-00 00:00:00";"0000-00-00 00:00:00"
"741";;"0.00";;;"0000-00-00 00:00:00";"0000-00-00 00:00:00"
"786";;"0.00";;;"0000-00-00 00:00:00";"0000-00-00 00:00:00"
"790";;"0.00";;;"0000-00-00 00:00:00";"0000-00-00 00:00:00"
"791";;"0.00";;;"0000-00-00 00:00:00";"0000-00-00 00:00:00"
"792";;"0.00";;;"0000-00-00 00:00:00";"0000-00-00 00:00:00"
"794";;"0.00";;;"0000-00-00 00:00:00";"0000-00-00 00:00:00"
"795";;"0.00";;;"0000-00-00 00:00:00";"0000-00-00 00:00:00"
"798";;"0.00";;;"0000-00-00 00:00:00";"0000-00-00 00:00:00"
"799";;"0.00";;;"0000-00-00 00:00:00";"0000-00-00 00:00:00"
"800";;"0.00";;;"0000-00-00 00:00:00";"0000-00-00 00:00:00"
"801";;"0.00";;;"0000-00-00 00:00:00";"0000-00-00 00:00:00"
"803";;"0.00";;;"0000-00-00 00:00:00";"0000-00-00 00:00:00"
"808";;"0.00";;;"0000-00-00 00:00:00";"0000-00-00 00:00:00"
"809";;"0.00";;;"0000-00-00 00:00:00";"0000-00-00 00:00:00"
"813";;"0.00";;;"0000-00-00 00:00:00";"0000-00-00 00:00:00"
"814";;"0.00";;;"0000-00-00 00:00:00";"0000-00-00 00:00:00"
"820";;"0.00";;;"0000-00-00 00:00:00";"0000-00-00 00:00:00"
"821";;"0.00";;;"0000-00-00 00:00:00";"0000-00-00 00:00:00"
"824";;"0.00";;;"0000-00-00 00:00:00";"0000-00-00 00:00:00"
"825";;"0.00";;;"0000-00-00 00:00:00";"0000-00-00 00:00:00"
"835";;"0.00";;;"0000-00-00 00:00:00";"0000-00-00 00:00:00"
"836";;"0.00";;;"0000-00-00 00:00:00";"0000-00-00 00:00:00"
"837";;"0.00";;;"0000-00-00 00:00:00";"0000-00-00 00:00:00"
"838";;"0.00";;;"0000-00-00 00:00:00";"0000-00-00 00:00:00"
"839";;"0.00";;;"0000-00-00 00:00:00";"0000-00-00 00:00:00"
"850";;"0.00";;;"0000-00-00 00:00:00";"0000-00-00 00:00:00"
"851";;"0.00";;;"0000-00-00 00:00:00";"0000-00-00 00:00:00"
"852";;"0.00";;;"0000-00-00 00:00:00";"0000-00-00 00:00:00"
"854";;"0.00";;;"0000-00-00 00:00:00";"0000-00-00 00:00:00"
"855";;"0.00";;;"0000-00-00 00:00:00";"0000-00-00 00:00:00"
"856";;"0.00";;;"0000-00-00 00:00:00";"0000-00-00 00:00:00"
"860";;"0.00";;;"0000-00-00 00:00:00";"0000-00-00 00:00:00"
"861";;"0.00";;;"0000-00-00 00:00:00";"0000-00-00 00:00:00"
"862";;"0.00";;;"0000-00-00 00:00:00";"0000-00-00 00:00:00"
"863";;"0.00";;;"0000-00-00 00:00:00";"0000-00-00 00:00:00"
"864";;"0.00";;;"0000-00-00 00:00:00";"0000-00-00 00:00:00"
"869";;"0.00";;;"0000-00-00 00:00:00";"0000-00-00 00:00:00"
"873";;"0.00";;;"0000-00-00 00:00:00";"0000-00-00 00:00:00"
"874";;"0.00";;;"0000-00-00 00:00:00";"0000-00-00 00:00:00"
"875";;"0.00";;;"0000-00-00 00:00:00";"0000-00-00 00:00:00"
"876";;"0.00";;;"0000-00-00 00:00:00";"0000-00-00 00:00:00"
"877";;"0.00";;;"0000-00-00 00:00:00";"0000-00-00 00:00:00"
"878";;"0.00";;;"0000-00-00 00:00:00";"0000-00-00 00:00:00"
"879";;"0.00";;;"0000-00-00 00:00:00";"0000-00-00 00:00:00"
"880";;"0.00";;;"0000-00-00 00:00:00";"0000-00-00 00:00:00"
"881";;"0.00";;;"0000-00-00 00:00:00";"0000-00-00 00:00:00"
"882";;"0.00";;;"0000-00-00 00:00:00";"0000-00-00 00:00:00"
"885";;"0.00";;;"0000-00-00 00:00:00";"0000-00-00 00:00:00"
"886";;"0.00";;;"0000-00-00 00:00:00";"0000-00-00 00:00:00"
"887";;"0.00";;;"0000-00-00 00:00:00";"0000-00-00 00:00:00"
"888";;"0.00";;;"0000-00-00 00:00:00";"0000-00-00 00:00:00"
"889";;"0.00";;;"0000-00-00 00:00:00";"0000-00-00 00:00:00"
"890";;"0.00";;;"0000-00-00 00:00:00";"0000-00-00 00:00:00"
"891";;"0.00";;;"0000-00-00 00:00:00";"0000-00-00 00:00:00"
"892";;"0.00";;;"0000-00-00 00:00:00";"0000-00-00 00:00:00"
"893";;"0.00";;;"0000-00-00 00:00:00";"0000-00-00 00:00:00"
"894";;"0.00";;;"0000-00-00 00:00:00";"0000-00-00 00:00:00"
"895";;"0.00";;;"0000-00-00 00:00:00";"0000-00-00 00:00:00"
"896";;"0.00";;;"0000-00-00 00:00:00";"0000-00-00 00:00:00"
"897";;"0.00";;;"0000-00-00 00:00:00";"0000-00-00 00:00:00"
"898";;"0.00";;;"0000-00-00 00:00:00";"0000-00-00 00:00:00"
"899";;"0.00";;;"0000-00-00 00:00:00";"0000-00-00 00:00:00"
"900";;"0.00";;;"0000-00-00 00:00:00";"0000-00-00 00:00:00"
"902";;"0.00";;;"0000-00-00 00:00:00";"0000-00-00 00:00:00"
"903";;"0.00";;;"0000-00-00 00:00:00";"0000-00-00 00:00:00"
"904";;"0.00";;;"0000-00-00 00:00:00";"0000-00-00 00:00:00"
"905";;"0.00";;;"0000-00-00 00:00:00";"0000-00-00 00:00:00"
"906";;"0.00";;;"0000-00-00 00:00:00";"0000-00-00 00:00:00"
"907";;"0.00";;;"0000-00-00 00:00:00";"0000-00-00 00:00:00"
"908";;"0.00";;;"0000-00-00 00:00:00";"0000-00-00 00:00:00"
"909";;"0.00";;;"0000-00-00 00:00:00";"0000-00-00 00:00:00"
"910";;"0.00";;;"0000-00-00 00:00:00";"0000-00-00 00:00:00"
"911";;"0.00";;;"0000-00-00 00:00:00";"0000-00-00 00:00:00"
"912";;"0.00";;;"0000-00-00 00:00:00";"0000-00-00 00:00:00"
"913";;"0.00";;;"0000-00-00 00:00:00";"0000-00-00 00:00:00"
"914";;"0.00";;;"0000-00-00 00:00:00";"0000-00-00 00:00:00"
"915";;"0.00";;;"0000-00-00 00:00:00";"0000-00-00 00:00:00"
"916";;"0.00";;;"0000-00-00 00:00:00";"0000-00-00 00:00:00"
"917";;"0.00";;;"0000-00-00 00:00:00";"0000-00-00 00:00:00"
"918";;"0.00";;;"0000-00-00 00:00:00";"0000-00-00 00:00:00"
"919";;"0.00";;;"0000-00-00 00:00:00";"0000-00-00 00:00:00"
"928";;"0.00";;;"0000-00-00 00:00:00";"0000-00-00 00:00:00"
"929";;"0.00";;;"0000-00-00 00:00:00";"0000-00-00 00:00:00"
"930";;"0.00";;;"0000-00-00 00:00:00";"0000-00-00 00:00:00"
"934";;"0.00";;;"0000-00-00 00:00:00";"0000-00-00 00:00:00"
"935";;"0.00";;;"0000-00-00 00:00:00";"0000-00-00 00:00:00"
"936";;"0.00";;;"0000-00-00 00:00:00";"0000-00-00 00:00:00"
"937";;"0.00";;;"0000-00-00 00:00:00";"0000-00-00 00:00:00"
"938";;"0.00";;;"0000-00-00 00:00:00";"0000-00-00 00:00:00"
"939";;"0.00";;;"0000-00-00 00:00:00";"0000-00-00 00:00:00"
"942";;"0.00";;;"0000-00-00 00:00:00";"0000-00-00 00:00:00"
"947";;"0.00";;;"0000-00-00 00:00:00";"0000-00-00 00:00:00"
"948";;"0.00";;;"0000-00-00 00:00:00";"0000-00-00 00:00:00"
"949";;"0.00";;;"0000-00-00 00:00:00";"0000-00-00 00:00:00"
"950";;"0.00";;;"0000-00-00 00:00:00";"0000-00-00 00:00:00"
"952";;"0.00";;;"0000-00-00 00:00:00";"0000-00-00 00:00:00"
"955";;"0.00";;;"0000-00-00 00:00:00";"0000-00-00 00:00:00"
"956";;"0.00";;;"0000-00-00 00:00:00";"0000-00-00 00:00:00"
"957";;"0.00";;;"0000-00-00 00:00:00";"0000-00-00 00:00:00"
"958";;"0.00";;;"0000-00-00 00:00:00";"0000-00-00 00:00:00"
"959";;"0.00";;;"0000-00-00 00:00:00";"0000-00-00 00:00:00"
"961";;"0.00";;;"0000-00-00 00:00:00";"0000-00-00 00:00:00"
"962";;"0.00";;;"0000-00-00 00:00:00";"0000-00-00 00:00:00"
"973";;"0.00";;;"0000-00-00 00:00:00";"0000-00-00 00:00:00"
"974";;"0.00";;;"0000-00-00 00:00:00";"0000-00-00 00:00:00"
"975";;"0.00";;;"0000-00-00 00:00:00";"0000-00-00 00:00:00"
"976";;"0.00";;;"0000-00-00 00:00:00";"0000-00-00 00:00:00"
"977";;"0.00";;;"0000-00-00 00:00:00";"0000-00-00 00:00:00"
"978";;"0.00";;;"0000-00-00 00:00:00";"0000-00-00 00:00:00"
"979";;"0.00";;;"0000-00-00 00:00:00";"0000-00-00 00:00:00"
"980";;"0.00";;;"0000-00-00 00:00:00";"0000-00-00 00:00:00"
"981";;"0.00";;;"0000-00-00 00:00:00";"0000-00-00 00:00:00"
"982";;"0.00";;;"0000-00-00 00:00:00";"0000-00-00 00:00:00"
"993";;"0.00";;;"0000-00-00 00:00:00";"0000-00-00 00:00:00"
"994";;"0.00";;;"0000-00-00 00:00:00";"0000-00-00 00:00:00"
"995";;"0.00";;;"0000-00-00 00:00:00";"0000-00-00 00:00:00"
"998";;"0.00";;;"0000-00-00 00:00:00";"0000-00-00 00:00:00"
"999";;"0.00";;;"0000-00-00 00:00:00";"0000-00-00 00:00:00"
"1000";;"0.00";;;"0000-00-00 00:00:00";"0000-00-00 00:00:00"
"1001";;"0.00";;;"0000-00-00 00:00:00";"0000-00-00 00:00:00"
"1002";;"0.00";;;"0000-00-00 00:00:00";"0000-00-00 00:00:00"
"1003";;"0.00";;;"0000-00-00 00:00:00";"0000-00-00 00:00:00"
"1004";;"0.00";;;"0000-00-00 00:00:00";"0000-00-00 00:00:00"
"1005";;"0.00";;;"0000-00-00 00:00:00";"0000-00-00 00:00:00"
"1006";;"0.00";;;"0000-00-00 00:00:00";"0000-00-00 00:00:00"
"1007";;"0.00";;;"0000-00-00 00:00:00";"0000-00-00 00:00:00"
"1009";;"0.00";;;"0000-00-00 00:00:00";"0000-00-00 00:00:00"
"1010";;"0.00";;;"0000-00-00 00:00:00";"0000-00-00 00:00:00"
"1011";;"0.00";;;"0000-00-00 00:00:00";"0000-00-00 00:00:00"
"1012";;"0.00";;;"0000-00-00 00:00:00";"0000-00-00 00:00:00"
"1014";;"0.00";;;"0000-00-00 00:00:00";"0000-00-00 00:00:00"
"1015";;"0.00";;;"0000-00-00 00:00:00";"0000-00-00 00:00:00"
"1016";;"0.00";;;"0000-00-00 00:00:00";"0000-00-00 00:00:00"
"1017";;"0.00";;;"0000-00-00 00:00:00";"0000-00-00 00:00:00"
"1018";;"0.00";;;"0000-00-00 00:00:00";"0000-00-00 00:00:00"
"1019";;"0.00";;;"0000-00-00 00:00:00";"0000-00-00 00:00:00"
"1020";;"0.00";;;"0000-00-00 00:00:00";"0000-00-00 00:00:00"
"1021";;"0.00";;;"0000-00-00 00:00:00";"0000-00-00 00:00:00"
"1022";;"0.00";;;"0000-00-00 00:00:00";"0000-00-00 00:00:00"
"1025";;"0.00";;;"0000-00-00 00:00:00";"0000-00-00 00:00:00"
"1026";;"0.00";;;"0000-00-00 00:00:00";"0000-00-00 00:00:00"
"1027";;"0.00";;;"0000-00-00 00:00:00";"0000-00-00 00:00:00"
"1028";;"0.00";;;"0000-00-00 00:00:00";"0000-00-00 00:00:00"
"1029";;"0.00";;;"0000-00-00 00:00:00";"0000-00-00 00:00:00"
"1030";;"0.00";;;"0000-00-00 00:00:00";"0000-00-00 00:00:00"
"1031";;"0.00";;;"0000-00-00 00:00:00";"0000-00-00 00:00:00"
"1032";;"0.00";;;"0000-00-00 00:00:00";"0000-00-00 00:00:00"
"1033";;"0.00";;;"0000-00-00 00:00:00";"0000-00-00 00:00:00"
"1038";;"0.00";;;"0000-00-00 00:00:00";"0000-00-00 00:00:00"
"1039";;"0.00";;;"0000-00-00 00:00:00";"0000-00-00 00:00:00"
"1040";;"0.00";;;"0000-00-00 00:00:00";"0000-00-00 00:00:00"
"1041";;"0.00";;;"0000-00-00 00:00:00";"0000-00-00 00:00:00"
"1042";;"0.00";;;"0000-00-00 00:00:00";"0000-00-00 00:00:00"
"1043";;"0.00";;;"0000-00-00 00:00:00";"0000-00-00 00:00:00"
"1044";;"0.00";;;"0000-00-00 00:00:00";"0000-00-00 00:00:00"
"1045";;"0.00";;;"0000-00-00 00:00:00";"0000-00-00 00:00:00"
"1046";;"0.00";;;"0000-00-00 00:00:00";"0000-00-00 00:00:00"
"1047";;"0.00";;;"0000-00-00 00:00:00";"0000-00-00 00:00:00"
"1048";;"0.00";;;"0000-00-00 00:00:00";"0000-00-00 00:00:00"
"1049";;"0.00";;;"0000-00-00 00:00:00";"0000-00-00 00:00:00"
"1050";;"0.00";;;"0000-00-00 00:00:00";"0000-00-00 00:00:00"
"1052";;"0.00";;;"0000-00-00 00:00:00";"0000-00-00 00:00:00"
"1053";;"0.00";;;"0000-00-00 00:00:00";"0000-00-00 00:00:00"
"1054";;"0.00";;;"0000-00-00 00:00:00";"0000-00-00 00:00:00"
"1055";;"0.00";;;"0000-00-00 00:00:00";"0000-00-00 00:00:00"
"1056";;"0.00";;;"0000-00-00 00:00:00";"0000-00-00 00:00:00"
"1057";;"0.00";;;"0000-00-00 00:00:00";"0000-00-00 00:00:00"
"1058";;"0.00";;;"0000-00-00 00:00:00";"0000-00-00 00:00:00"
"1060";;"0.00";;;"0000-00-00 00:00:00";"0000-00-00 00:00:00"
"1061";;"0.00";;;"0000-00-00 00:00:00";"0000-00-00 00:00:00"
"1074";;"0.00";;;"0000-00-00 00:00:00";"0000-00-00 00:00:00"
"1075";;"0.00";;;"0000-00-00 00:00:00";"0000-00-00 00:00:00"
"1076";;"0.00";;;"0000-00-00 00:00:00";"0000-00-00 00:00:00"
"1201";;"0.00";;;"0000-00-00 00:00:00";"0000-00-00 00:00:00"
"1202";;"0.00";;;"0000-00-00 00:00:00";"0000-00-00 00:00:00"
"1203";;"0.00";;;"0000-00-00 00:00:00";"0000-00-00 00:00:00"
"1204";;"0.00";;;"0000-00-00 00:00:00";"0000-00-00 00:00:00"
"1205";;"0.00";;;"0000-00-00 00:00:00";"0000-00-00 00:00:00"
"1206";;"0.00";;;"0000-00-00 00:00:00";"0000-00-00 00:00:00"
"1207";;"0.00";;;"0000-00-00 00:00:00";"0000-00-00 00:00:00"
"1208";;"0.00";;;"0000-00-00 00:00:00";"0000-00-00 00:00:00"
"1209";;"0.00";;;"0000-00-00 00:00:00";"0000-00-00 00:00:00"
"1210";;"0.00";;;"0000-00-00 00:00:00";"0000-00-00 00:00:00"
"1211";;"0.00";;;"0000-00-00 00:00:00";"0000-00-00 00:00:00"
"1212";;"0.00";;;"0000-00-00 00:00:00";"0000-00-00 00:00:00"
"1213";;"0.00";;;"0000-00-00 00:00:00";"0000-00-00 00:00:00"
"1214";;"0.00";;;"0000-00-00 00:00:00";"0000-00-00 00:00:00"
"1215";;"0.00";;;"0000-00-00 00:00:00";"0000-00-00 00:00:00"
"1216";;"0.00";;;"0000-00-00 00:00:00";"0000-00-00 00:00:00"
"1217";;"0.00";;;"0000-00-00 00:00:00";"0000-00-00 00:00:00"
"1218";;"0.00";;;"0000-00-00 00:00:00";"0000-00-00 00:00:00"
"1219";;"0.00";;;"0000-00-00 00:00:00";"0000-00-00 00:00:00"
"1220";;"0.00";;;"0000-00-00 00:00:00";"0000-00-00 00:00:00"
"1221";;"0.00";;;"0000-00-00 00:00:00";"0000-00-00 00:00:00"
"1222";;"0.00";;;"0000-00-00 00:00:00";"0000-00-00 00:00:00"
"1223";;"0.00";;;"0000-00-00 00:00:00";"0000-00-00 00:00:00"
"1224";;"0.00";;;"0000-00-00 00:00:00";"0000-00-00 00:00:00"
"1225";;"0.00";;;"0000-00-00 00:00:00";"0000-00-00 00:00:00"
"1226";;"0.00";;;"0000-00-00 00:00:00";"0000-00-00 00:00:00"
"1227";;"0.00";;;"0000-00-00 00:00:00";"0000-00-00 00:00:00"
"1228";;"0.00";;;"0000-00-00 00:00:00";"0000-00-00 00:00:00"
"1229";;"0.00";;;"0000-00-00 00:00:00";"0000-00-00 00:00:00"
"1230";;"0.00";;;"0000-00-00 00:00:00";"0000-00-00 00:00:00"
"1231";;"0.00";;;"0000-00-00 00:00:00";"0000-00-00 00:00:00"
"1232";;"0.00";;;"0000-00-00 00:00:00";"0000-00-00 00:00:00"
"1233";;"0.00";;;"0000-00-00 00:00:00";"0000-00-00 00:00:00"
"1234";;"0.00";;;"0000-00-00 00:00:00";"0000-00-00 00:00:00"
"1235";;"0.00";;;"0000-00-00 00:00:00";"0000-00-00 00:00:00"
"1236";;"0.00";;;"0000-00-00 00:00:00";"0000-00-00 00:00:00"
"1237";;"0.00";;;"0000-00-00 00:00:00";"0000-00-00 00:00:00"
"1238";;"0.00";;;"0000-00-00 00:00:00";"0000-00-00 00:00:00"
"1239";;"0.00";;;"0000-00-00 00:00:00";"0000-00-00 00:00:00"
"1240";;"0.00";;;"0000-00-00 00:00:00";"0000-00-00 00:00:00"
"1241";;"0.00";;;"0000-00-00 00:00:00";"0000-00-00 00:00:00"
"1242";;"0.00";;;"0000-00-00 00:00:00";"0000-00-00 00:00:00"
"1243";;"0.00";;;"0000-00-00 00:00:00";"0000-00-00 00:00:00"
"1244";;"0.00";;;"0000-00-00 00:00:00";"0000-00-00 00:00:00"
"1245";;"0.00";;;"0000-00-00 00:00:00";"0000-00-00 00:00:00"
"1246";;"0.00";;;"0000-00-00 00:00:00";"0000-00-00 00:00:00"
"1247";;"0.00";;;"0000-00-00 00:00:00";"0000-00-00 00:00:00"
"1248";;"0.00";;;"0000-00-00 00:00:00";"0000-00-00 00:00:00"
"1249";;"0.00";;;"0000-00-00 00:00:00";"0000-00-00 00:00:00"
"1250";;"0.00";;;"0000-00-00 00:00:00";"0000-00-00 00:00:00"
"1251";;"0.00";;;"0000-00-00 00:00:00";"0000-00-00 00:00:00"
"1252";;"0.00";;;"0000-00-00 00:00:00";"0000-00-00 00:00:00"
"1253";;"0.00";;;"0000-00-00 00:00:00";"0000-00-00 00:00:00"
"1254";;"0.00";;;"0000-00-00 00:00:00";"0000-00-00 00:00:00"
"1255";;"0.00";;;"0000-00-00 00:00:00";"0000-00-00 00:00:00"
"1256";;"0.00";;;"0000-00-00 00:00:00";"0000-00-00 00:00:00"
"1257";;"0.00";;;"0000-00-00 00:00:00";"0000-00-00 00:00:00"
"1258";;"0.00";;;"0000-00-00 00:00:00";"0000-00-00 00:00:00"
"1259";;"0.00";;;"0000-00-00 00:00:00";"0000-00-00 00:00:00"
"1260";;"0.00";;;"0000-00-00 00:00:00";"0000-00-00 00:00:00"
"1261";;"0.00";;;"0000-00-00 00:00:00";"0000-00-00 00:00:00"
"1262";;"0.00";;;"0000-00-00 00:00:00";"0000-00-00 00:00:00"
"1263";;"0.00";;;"0000-00-00 00:00:00";"0000-00-00 00:00:00"
"1264";;"0.00";;;"0000-00-00 00:00:00";"0000-00-00 00:00:00"
"1265";;"0.00";;;"0000-00-00 00:00:00";"0000-00-00 00:00:00"
"1266";;"0.00";;;"0000-00-00 00:00:00";"0000-00-00 00:00:00"
"1267";;"0.00";;;"0000-00-00 00:00:00";"0000-00-00 00:00:00"
"1268";;"0.00";;;"0000-00-00 00:00:00";"0000-00-00 00:00:00"
"1269";;"0.00";;;"0000-00-00 00:00:00";"0000-00-00 00:00:00"
"1270";;"0.00";;;"0000-00-00 00:00:00";"0000-00-00 00:00:00"
"1271";;"0.00";;;"0000-00-00 00:00:00";"0000-00-00 00:00:00"
"1272";;"0.00";;;"0000-00-00 00:00:00";"0000-00-00 00:00:00"
"1273";;"0.00";;;"0000-00-00 00:00:00";"0000-00-00 00:00:00"
"1274";;"0.00";;;"0000-00-00 00:00:00";"0000-00-00 00:00:00"
"1275";;"0.00";;;"0000-00-00 00:00:00";"0000-00-00 00:00:00"
